posicao_ranking,Artista,Musica,Observacao,prob_aparecer,prob_posicao_exata,posicao_prevista,forca_musica,dropout_score,streak_anos
1,Pink Floyd,Another Brick in the Wall,,0.9732638813881931,0.22228074715382756,16.873107397950392,1.0,0.0,25
2,Deep Purple,Smoke on the Water,,0.9798933044936317,0.2237948207255026,26.237746311593273,1.0,0.0,25
3,Iron Maiden,Fear of the Dark,,0.9851701450128958,0.22499998211663597,37.90742093023226,0.8999999999999999,0.0,17
4,Eagles,Hotel California,,0.960140248967138,0.21928348107244014,20.35387446335197,1.0,0.0,25
5,Led Zeppelin,Kashmir,,0.9708169034218781,0.22172188937535373,36.67384606069113,1.0,0.0,25
6,Metallica,One,,0.9664976769406054,0.22073543451173083,33.376689465897876,0.8799999999999999,0.0,14
7,Queen,Bohemian Rhapsody,,0.9398615357647577,0.21465208807806127,8.145714285714286,1.0,0.0,25
8,Led Zeppelin,Stairway to Heaven,,0.9410964691747872,0.2149341307247842,17.599249999999998,1.0,0.0,25
9,Iron Maiden,The Number of the Beast,,0.9687194039299761,0.22124284791174803,54.94568214650938,0.9199999999999999,0.0,16
10,Rush,Tom Sawyer,,0.9665930599714008,0.22075721874903423,53.33086196291399,1.0,0.0,25
11,The Beatles,Help!,,0.9507675693544438,0.2171428835767522,54.255462218474705,0.98,0.0,24
12,Pink Floyd,Wish You Were Here,,0.9621446207843637,0.21974125339259604,67.68837535363129,0.94,0.0,16
13,AC/DC,T.N.T.,,0.9084548301255156,0.20747920708593637,34.99587313462217,0.8599999999999999,0.0,17
14,Guns N' Roses,Sweet Child O' Mine,,0.9337524953819611,0.21325686311734035,61.59762162773905,0.9199999999999999,0.0,16
15,The Rolling Stones,(I Can't Get No) Satisfaction,,0.886449942213451,0.20245357835392855,27.718264477132006,1.0,0.0,25
16,Dire Straits,Sultans of Swing,,0.9221204361213236,0.2106002528466456,66.30923097263931,0.98,0.0,8
17,Queen,We Are the Champions,,0.9087906207655477,0.2075558972783713,62.882242722698486,0.8999999999999999,0.0,6
18,Black Sabbath,Paranoid,,0.8924768921300191,0.20383005492532114,47.970755702650166,0.98,0.0,21
19,The Who,Baba O'Riley,,0.9378785531212178,0.21419920076555723,96.96818638289537,0.8200000000000001,0.0,1
20,AC/DC,Highway to Hell,,0.9496405008801236,0.21688547587124063,110.04027651569992,0.96,0.0,21
21,Journey,Don't Stop Believin',,0.95154636185232,0.21732074960221157,120.61646816110373,1.0,0.0,25
22,Metallica,The Unforgiven,,0.9659853172864604,0.22061841826473685,136.21268495409547,0.8599999999999999,0.0,10
23,Pearl Jam,Black,,0.8768815945687981,0.20026829283768458,50.56059735286129,0.9199999999999999,0.0,10
24,Led Zeppelin,Rock and Roll,,0.9139892692549523,0.20874320063207918,87.97313429190972,0.78,0.0,2
25,Dio,Rainbow in the Dark,,0.9609927370833466,0.2194781782137132,136.917560097816,0.96,0.0,21
26,Alice in Chains,Man in the Box,,0.9523805851673023,0.217511275301658,135.3249210820947,0.8999999999999999,0.0,17
27,The Beatles,Hey Jude,,0.9146190649481927,0.20888703773517606,99.01760727186605,0.86,0.0,4
28,Kiss,Detroit Rock City,,0.9231222570307983,0.21082905564569196,120.86348792709174,0.78,0.0,1
29,Pink Floyd,Comfortably Numb,,0.882396147503195,0.20152774463684997,81.14463138987922,0.76,0.0,1
30,Metallica,Nothing Else Matters,,0.9355140540697111,0.2136591800929892,140.80646321184565,0.8599999999999999,0.0,6
31,Kiss,Rock and Roll All Nite,,0.8805146310786187,0.20109803088230227,92.73572361400382,0.8600000000000001,0.0,2
32,The Doors,Light My Fire,,0.8395503331034015,0.19174232074583264,53.48145435310432,0.92,0.0,4
33,Eric Clapton,Cocaine,,0.9152155395722119,0.209023264741665,129.65819270460628,1.0,0.0,25
34,Aerosmith,Dream On,,0.8372947798327828,0.19122718186538504,59.34939006031499,0.84,0.0,3
35,Bon Jovi,Livin' on a Prayer,,0.9717633667589458,0.22193804922854485,194.90764947212497,0.8400000000000001,0.0,17
36,Metallica,Enter Sandman,,0.8662014269008735,0.19782908216280742,99.76855945432713,0.8400000000000001,0.0,16
37,AC/DC,Back in Black,,0.8840260671004075,0.20189999696512123,118.50065636591452,0.98,0.0,21
38,Steppenwolf,Born to Be Wild,,0.9245983342017111,0.21116617237495888,163.79207469439004,0.8,0.0,1
39,Nirvana,Smells Like Teen Spirit,,0.8800773072003284,0.20099815182558034,120.3000337487231,0.8999999999999999,0.0,17
40,Judas Priest,Breaking the Law,,0.9153123573765654,0.20904537666249245,170.53103297749414,0.8400000000000001,0.0,16
41,Lynyrd Skynyrd,Simple Man,,0.8530411711754627,0.19482345179747698,112.46659336903109,0.8999999999999999,0.0,20
42,Yes,Owner of a Lonely Heart,,0.8978169765940748,0.2050496604066648,159.46491356047497,1.0,0.0,25
43,Nirvana,Come as You Are,,0.8665395449665516,0.19790630390883376,131.25258346261884,0.8799999999999999,0.0,10
44,Ramones,Pet Sematary,,0.9129709008952661,0.2085106186117272,187.36331824808957,0.96,0.0,23
45,Rage Against the Machine,Killing in the Name,,0.890522195045866,0.20338362766480753,166.34004878787601,0.7,0.0,7
46,Bruce Dickinson,Tears of the Dragon,,0.8742296350896531,0.19966261996137766,152.3427550544167,0.8999999999999999,0.0,8
47,Bon Jovi,It's My Life,,0.8675457280844292,0.19813610297925274,152.00454203273068,0.74,0.0,7
48,U2,Sunday Bloody Sunday,,0.8786966333444992,0.2006828239662831,176.95554473827974,1.0,0.0,25
49,The Jimi Hendrix Experience,Foxy Lady,,0.8730696747339379,0.19939770018014688,177.95203051122266,0.86,0.0,4
50,Bruce Springsteen,Born in the U.S.A.,,0.8770253793357009,0.20030113139876518,185.0118006946626,0.98,0.0,16
51,The Rolling Stones,Start Me Up,,0.8554641937675715,0.19537683848164772,163.91495818125867,0.94,0.0,16
52,AC/DC,Hells Bells,,0.8747874304618065,0.19979001313238937,184.48167594645062,0.72,0.0,1
53,Whitesnake,Love Ain't No Stranger,,0.8722103427614855,0.19920143999157658,182.74533343310873,0.98,0.0,20
54,U2,New Year's Day,,0.8820799510186084,0.20145552949336695,193.49264944860218,0.96,0.0,14
55,David Bowie,"""Heroes""",,0.8271309286651276,0.18890589112942935,146.25422370176614,0.8999999999999999,0.0,14
56,Whitesnake,Is This Love,,0.9176160832902975,0.2095715175448723,238.66840211874307,0.98,0.0,24
57,Motörhead,Ace of Spades,,0.7871749717274101,0.17978047290401017,109.64886602746405,0.8400000000000001,0.0,10
58,Jethro Tull,Aqualung,,0.8138443059125762,0.18587140018708004,138.02752362603488,0.9400000000000001,0.0,4
59,Ozzy Osbourne,No More Tears,,0.8182172439111595,0.18687012205909284,143.5389123894499,0.9199999999999999,0.0,11
60,Black Sabbath,Iron Man,,0.7974686870327323,0.18213142291131162,126.38865546543262,0.96,0.0,17
61,Pink Floyd,Money,,0.8484558377208749,0.19377622157993157,181.76366840024068,0.96,0.0,6
62,The Rolling Stones,Gimme Shelter,,0.8008923025317903,0.18291333193480544,138.25536034127967,0.8799999999999999,0.0,9
63,Alice Cooper,No More Mr. Nice Guy,,0.8739037865685821,0.1995882004189414,217.20895075880452,1.0,0.0,25
64,Peter Frampton,Breaking All the Rules,,0.8021965326465663,0.18321120104298547,152.46140264514938,0.96,0.0,11
65,Wings,Band on the Run,,0.7977165096099921,0.18218802234820464,149.64631879873534,0.78,0.0,2
66,Bob Dylan,Hurricane,,0.8408378555929127,0.19203637405081883,200.92388633367938,0.94,0.0,17
67,Red Hot Chili Peppers,Give It Away,,0.8048476019736381,0.18381667062019572,171.42758738669983,0.7,0.0,2
68,The Beatles,Twist and Shout,,0.7886758929878733,0.18012326369854675,155.45228870747061,0.7799999999999999,0.0,3
69,Elvis Presley,Blue Suede Shoes,,0.81285954690824,0.1856464941041192,179.73332991437942,0.82,0.0,4
70,AC/DC,Thunderstruck,,0.789887730725896,0.18040003159571016,157.44594760525376,0.8400000000000001,0.0,13
71,Ramones,Poison Heart,,0.7660115406365672,0.17494702190971112,134.55414264101998,0.9199999999999999,0.0,13
72,Survivor,Eye of the Tiger,,0.7998298112332107,0.1826706728120238,168.4104263685459,0.8999999999999999,0.0,5
73,Dire Straits,Money for Nothing,,0.8149244668606482,0.18611809482681269,184.8683607243681,0.8200000000000001,0.0,1
74,Grand Funk Railroad,We're an American Band,,0.8245424307332604,0.1883147120408959,196.97027222016715,0.94,0.0,5
75,The Animals,The House of the Rising Sun,,0.7780733421693157,0.17770177969738982,152.16681234164093,0.88,0.0,4
76,Queen,Love of My Life,,0.8107182833491612,0.18515745749969242,184.88657761913916,0.9199999999999999,0.0,8
77,Stone Temple Pilots,Plush,,0.8315803357078722,0.18992207753145846,207.0847424652706,0.8999999999999999,0.0,9
78,Aerosmith,Crazy,,0.8249688102484031,0.18841209154814917,203.85628298852356,0.8400000000000001,0.0,12
79,Janis Joplin,Mercedes Benz,,0.7742067671080657,0.17681870450064552,156.6359779460969,0.96,0.0,7
80,Bad Religion,American Jesus,,0.8170064284012468,0.18659358762546635,202.83489625055728,0.8400000000000001,0.0,15
81,Van Halen,Jump,,0.7743704185108156,0.17685608034163958,167.69999277518235,0.8200000000000001,0.0,1
82,Led Zeppelin,Immigrant Song,,0.7983830694852938,0.18234025590987088,194.19718736885133,0.8999999999999999,0.0,17
83,The Smiths,Ask,,0.8065723489602474,0.18421058028453874,202.8046921146228,0.8999999999999999,0.0,9
84,Oasis,Wonderwall,,0.7633122273788915,0.17433053404943774,160.1687515279427,0.7999999999999999,0.0,3
85,Iggy Pop,Candy,featuring Kate Pierson,0.8211480876050816,0.18753948844423693,218.68921010733462,0.8799999999999999,0.0,8
86,Led Zeppelin,Black Dog,,0.8017056778677423,0.1830990962283843,199.39453810319068,0.8,0.0,1
87,Pink Floyd,Time,,0.7803366958146749,0.17821870008145482,180.13569210408505,0.8,0.0,1
88,The Who,Pinball Wizard,,0.7874592671918798,0.1798454022715365,193.12763284382888,0.74,0.0,1
89,Deep Purple,Burn,,0.7144609804941108,0.1631735478871062,122.86387093641184,0.71,0.024,0
90,Iron Maiden,The Trooper,,0.759841991265875,0.1735379774871812,170.27122546779,0.7,0.0,8
91,Creedence Clearwater Revival,Have You Ever Seen the Rain?,,0.7944893792034474,0.1814509879512162,213.2155584562812,0.75,0.008000000000000007,0
92,The Police,Roxanne,,0.7992347783195154,0.18253477507332558,219.4608264548141,0.7,0.0,1
93,Queensrÿche,Silent Lucidity,,0.7926279336617319,0.18102585812392977,214.93748032613567,0.86,0.0,4
94,Queen,Radio Ga Ga,,0.7738369466113542,0.17673424233381305,199.01909458343104,0.8799999999999999,0.0,9
95,Queen and David Bowie,Under Pressure,,0.7930481193708403,0.18112182304685567,218.63679502399734,0.94,0.0,19
96,Pearl Jam,Alive,,0.7470414002922956,0.17061448984931732,176.33154624168935,0.74,0.0,1
97,The Cure,Friday I'm in Love,,0.7612530248804211,0.17386023911848011,191.81781092238475,0.7,0.0,1
98,Black Sabbath,Heaven and Hell,,0.7194392322324092,0.1643105155040802,153.124064480999,0.64,0.0,1
99,David Bowie,Starman,,0.7460998437375208,0.17039945064105613,180.01660323063504,0.74,0.0,1
100,Led Zeppelin,Whole Lotta Love,,0.7579566128058913,0.1731073816942343,192.87544496311574,0.78,0.0,1
101,Queen,Don't Stop Me Now,,0.7602085715254673,0.17362169962621485,196.01386441553166,0.78,0.0,4
102,Elvis Presley,Suspicious Minds,,0.6929428181374738,0.15825908090905663,133.88022489199938,0.63,0.05600000000000001,0
103,The Cure,Boys Don't Cry,,0.6976792039050769,0.15934080950020696,140.50898511274542,0.98,0.0,15
104,U2,One,,0.72890634562718,0.16647268044107363,172.39980703198395,0.8799999999999999,0.0,12
105,Bob Dylan,Like a Rolling Stone,,0.6965632608084037,0.15908594268550935,141.14206323235646,0.78,0.0,2
106,Black Sabbath,N.I.B.,,0.7141744335179235,0.16310810430373732,159.31013674470736,0.74,0.0,1
107,R.E.M.,Losing My Religion,,0.7546183836771545,0.17234497380147668,202.67391050325057,0.74,0.0,1
108,Ozzy Osbourne,"Mama, I'm Coming Home",,0.7751674612692651,0.17703811448803058,223.962488509655,0.74,0.0,1
109,Echo & the Bunnymen,The Killing Moon,,0.7520045766320456,0.17174801444234167,209.50231272149136,0.8999999999999999,0.0,11
110,The Who,Behind Blue Eyes,,0.7452803391781911,0.17021228651298437,203.71165831275695,0.7,0.0,1
111,Aerosmith,I Don't Want to Miss a Thing,,0.7328154761310696,0.1673654747445949,191.6617104350705,0.66,0.0,1
112,The Beatles,Yesterday,,0.687049134517291,0.15691304061758507,148.38666566436862,0.8799999999999999,0.0,5
113,The Who,My Generation,,0.6937827942886389,0.1584509204810811,155.35415196653346,0.86,0.0,3
114,Van Halen,Panama,,0.7482317596007779,0.1708863523539585,214.39882746934185,0.8,0.0,1
115,Rush,The Spirit of Radio,,0.7100073535718379,0.16215639771975876,179.955446550735,0.75,0.008000000000000007,0
116,AC/DC,You Shook Me All Night Long,,0.6967026190455575,0.15911777028506272,169.60286720634562,0.63,0.05600000000000001,0
117,Led Zeppelin,All My Love,,0.690875439975024,0.1577869187633255,164.62347833518558,0.74,0.0,1
118,Big Brother and the Holding Company,Piece of My Heart,,0.7341070166431551,0.16766044571341002,212.6100420997812,0.74,0.0,1
119,The Beatles,Let It Be,,0.6726813324124723,0.15363162244529843,151.3547224844873,0.78,0.0,2
120,Kiss,Forever,,0.7364096814941291,0.16818634426292703,215.95693771006867,0.76,0.0,3
121,Dio,Holy Diver,,0.6730783723114336,0.15372230116776897,153.2620441477913,0.74,0.0,1
122,The Doors,Break On Through,,0.7724596038242526,0.17641967524706653,256.67725783586565,0.7,0.0,2
123,Joan Jett & the Blackhearts,I Love Rock 'n' Roll,,0.7440052876647976,0.16992108141591195,231.81814471057154,0.74,0.0,2
124,The Outfield,Your Love,,0.80546800316335,0.18395836214149985,299.2441068334945,0.7,0.0,1
125,Lynyrd Skynyrd,Sweet Home Alabama,,0.7429921676129808,0.1696896980404669,238.9191782700241,0.8200000000000001,0.0,1
126,Bad Company,Bad Company,,0.7319785685748477,0.16717433599954012,227.99958996389728,0.67,0.039999999999999994,0
127,Boston,More Than a Feeling,,0.744158468501762,0.16995606591656098,240.37975381877314,0.88,0.0,4
128,The Beatles,A Hard Day's Night,,0.7209212838497874,0.16464899671881664,218.04115786192406,0.6100000000000001,0.06399999999999999,0
129,Foo Fighters,My Hero,,0.7608562096621178,0.1737696117101346,260.10334705697323,0.6799999999999999,0.0,9
130,Europe,The Final Countdown,,0.6968942598304181,0.1591615385350292,203.6321947333416,0.76,0.0,1
131,Twisted Sister,I Wanna Rock,,0.6874736173674949,0.15700998695136117,197.4337590317142,0.72,0.0,1
132,Queen,We Will Rock You,,0.6762995676444334,0.15445798007154823,187.53072845736054,0.76,0.0,1
133,Neil Young,Rockin' in the Free World,,0.7302615175702195,0.166782183996873,241.93645976952158,0.82,0.0,3
134,Scorpions,Rock You Like a Hurricane,,0.733158137652988,0.16744373415663047,246.17341031726525,0.72,0.0,1
135,Joy Division,Love Will Tear Us Apart,,0.7286063359922593,0.16640416216244563,242.24373167674017,0.74,0.0,2
136,Rush,Nobody's Hero,,0.7575924787383241,0.17302421823348044,272.7759505203257,0.78,0.0,6
137,The Smiths,Heaven Knows I'm Miserable Now,,0.7092060467036793,0.16197338970645433,226.93573894762542,0.4,0.0,1
138,Ramones,Blitzkreig Bop,,0.6947099231995316,0.15866266460409034,213.6103977222621,0.76,0.0,3
139,The Cult,She Sells Sanctuary,,0.6586831490911029,0.15043462037117217,178.55489878421227,0.68,0.0,1
140,George Harrison,My Sweet Lord,,0.7452101671516644,0.17019626013947567,265.12719115650685,0.8,0.0,4
141,Iron Maiden,Wasting Love,,0.6460716489800845,0.1475543186143564,167.18368845057165,0.72,0.0,2
142,America,A Horse with No Name,,0.7146481102347358,0.16321628587354162,237.8675963331825,0.66,0.0,1
143,Ozzy Osbourne,Crazy Train,,0.6326119346494865,0.1444802958183855,156.3805920176568,0.72,0.0,1
144,Guns N' Roses,Paradise City,,0.7312672278227259,0.1670118750710229,255.58645301546,0.6799999999999999,0.0,2
145,Eric Clapton,I Shot the Sheriff,,0.6617312121291931,0.1511307581221306,187.38675839360712,0.66,0.0,1
146,Foo Fighters,Everlong,,0.7180725580834448,0.1639983849948145,244.11477397312433,0.7,0.0,9
147,Queen,Somebody to Love,,0.6471720895438412,0.14780564485319855,175.99639216562548,0.78,0.0,1
148,U2,With or Without You,,0.6960137752569295,0.15896044736890752,227.38363501953336,0.76,0.0,1
149,John Lennon,Imagine,,0.6461056039923684,0.14756207349527245,180.65631215456762,0.7,0.0,1
150,Creedence Clearwater Revival,Who'll Stop the Rain,,0.7153103014822364,0.16336752169772858,254.621674343866,0.8,0.0,4
151,Pearl Jam,Jeremy,,0.64015145484162,0.1462022236670779,179.91169136634707,0.72,0.0,1
152,The Doors,Roadhouse Blues,,0.6147900346291538,0.1404100068371793,157.95420173040932,0.67,0.039999999999999994,0
153,U2,Pride (In the Name of Love),,0.6695205630567183,0.15290974404478097,215.66654763365,0.8999999999999999,0.0,12
154,Metallica,Master of Puppets,,0.579043357801362,0.13224593316148234,127.90679803597486,0.45999999999999996,0.0,1
155,Limp Bizkit,Take a Look Around,,0.7493178329908905,0.17113439731816055,299.6697720964628,0.54,0.0,3
156,Faith No More,Epic,,0.6285794851742359,0.14355933707393864,179.92103090260062,0.68,0.0,1
157,Foo Fighters,Best of You,,0.7070400130777461,0.16147869594257397,258.9080748002493,0.48,0.0,1
158,Aerosmith,Walk This Way,,0.6984170975703291,0.1595093347669603,250.8531344033758,0.6100000000000001,0.06399999999999999,0
159,Franz Ferdinand,Take Me Out,,0.740586448645706,0.16914026327800014,294.58291571068656,0.56,0.0,3
160,Talking Heads,Psycho Killer,,0.6113919636412865,0.13963393184610126,166.87072672507458,0.76,0.0,1
161,Alice Cooper,Poison,,0.6427943245066521,0.14680582054867145,200.83071873548917,0.66,0.0,1
162,Ramones,I Wanna Be Sedated,,0.6932589668299926,0.15833128513745617,255.60526032291392,0.74,0.0,2
163,Midnight Oil,Beds Are Burning,,0.6433338072820128,0.14692903136197397,206.20102786248094,0.71,0.024,0
164,U2,I Still Haven't Found What I'm Looking For,,0.6104840552275604,0.13942657743337775,173.48509762680857,0.7000000000000001,0.0,3
165,The Guess Who,No Time,,0.6782770249216934,0.1549096054626263,242.0757621442767,0.56,0.144,0
166,Nazareth,Love Hurts,,0.6754666030983815,0.1542677418584698,239.32029804150162,0.7,0.0,1
167,Deep Purple,Black Night,,0.651515635864445,0.14879765405019452,216.13940631182768,0.55,0.19199999999999998,0
168,Greta Van Fleet,Highway Tune,,0.721688512855454,0.16482422179382344,289.7487912514852,0.64,0.0,7
169,Iron Maiden,Wasted Years,,0.6060011921427585,0.1384027501087093,174.87553523912837,0.63,0.05600000000000001,0
170,Cream,Sunshine of Your Love,,0.681538943556435,0.15565458503615284,251.58231461997485,0.63,0.05600000000000001,0
171,Led Zeppelin,Going to California,,0.6704817349155939,0.15312926313207043,241.1031987945671,0.53,0.216,0
172,Kiss,Love Gun,,0.6375882517637249,0.1456168215925153,219.19012284851698,0.72,0.0,2
173,Rush,Closer to the Heart,,0.6676066685292575,0.15247263555480925,250.94881644833856,0.72,0.0,2
174,Peter Gabriel,Sledgehammer,,0.6648006738598548,0.15183178305472997,250.45826855840704,0.8200000000000001,0.0,6
175,Ozzy Osbourne,Mr. Crowley,,0.5821989447593662,0.13296662797010259,169.11255318927928,0.62,0.096,0
176,The Clash,London Calling,,0.6894039701767403,0.15745085429773548,276.4500635915328,0.78,0.0,1
177,Grand Funk Railroad,The Loco-Motion,,0.7069370641862581,0.16145518376159593,295.4024182263603,0.68,0.0,1
178,Duran Duran,Notorious,,0.7141671748535192,0.16310644651967895,303.4641080865804,0.46,0.0,2
179,Kiss,I Was Made for Lovin' You,,0.6295448843563076,0.14377982162658282,219.59846797871597,0.7799999999999999,0.0,3
180,Radiohead,Creep,,0.6486165409331883,0.1481355386673957,239.4921343931562,0.6600000000000001,0.0,2
181,Queen,Another One Bites the Dust,,0.5891054145829909,0.13454397539041474,180.98275678000624,0.7799999999999999,0.0,3
182,Echo & the Bunnymen,Lips Like Sugar,,0.7068200483639523,0.16142845887751428,299.47561585533623,0.8599999999999999,0.0,5
183,The Kinks,You Really Got Me,,0.6953980283679894,0.15881981882905455,290.3080507264806,0.94,0.0,6
184,Whitesnake,Here I Go Again,,0.6101379484228052,0.13934753116378198,206.30023028996072,0.64,0.07999999999999999,0
185,Deep Purple,Highway Star,,0.5894059130569208,0.1346126053134819,187.6628022130403,0.9,0.0,4
186,Men at Work,Down Under,,0.6387072695879994,0.14587239063480156,238.91616664376485,0.82,0.0,3
187,Skid Row,18 and Life,,0.6668113639053689,0.15229099837562954,269.15989557159867,0.8,0.0,12
188,Kings of Leon,Sex on Fire,,0.6556872514131458,0.14975039650651698,258.1193010435478,0.72,0.0,9
189,Frank Zappa,Bobby Brown,,0.5763950799604023,0.13164110112320737,179.46451324751175,0.7,0.0,1
190,Twisted Sister,We're Not Gonna Take It,,0.573891086564283,0.13106922176592167,178.63228933260302,0.71,0.024,0
191,Thin Lizzy,Whiskey in the Jar,,0.6781251904189677,0.15487492844711695,284.2945883441089,0.68,0.0,3
192,Coldplay,Viva la Vida,,0.6899381590207075,0.1575728560463146,297.5032502420856,0.56,0.0,3
193,Rush,Fly by Night,,0.5782206348460953,0.13205803399385224,187.24298471413206,0.69,0.03200000000000001,0
194,Dire Straits,Brothers in Arms,,0.6563697738747922,0.1499062757142275,265.97053648925475,0.55,0.19199999999999998,0
195,Elvis Presley,A Little Less Conversation,,0.594276627800508,0.13572501288668137,204.26923886349346,0.9199999999999999,0.0,5
196,The Cult,Revolution,,0.5883977444419128,0.13438235278147448,202.46472685971003,0.72,0.0,1
197,Rainbow,Stargazer,,0.6070034087068018,0.1386316432700868,222.37448027009563,0.44,0.24,0
198,Chuck Berry,Johnny B. Goode,,0.5844550269343437,0.1334818876453914,200.62581040033496,0.8400000000000001,0.0,2
199,Bachman–Turner Overdrive,Hey You,,0.6796284531969758,0.15521825401365047,296.04791039886504,0.6799999999999999,0.0,2
200,The Jimi Hendrix Experience,Purple Haze,,0.6217405466240826,0.14199741291365958,238.3543689676166,0.72,0.0,1
201,Black Sabbath,Changes,,0.5803444627417272,0.13254308852068195,197.2691753413627,0.72,0.0,1
202,Derek and the Dominos,Layla,,0.5740500436050693,0.13110552547601204,191.0379604453869,0.7,0.0,1
203,Joe Cocker,With a Little Help from My Friends,,0.6050349772836412,0.13818207926609116,222.58019228120583,0.8,0.0,4
204,The Black Crowes,Remedy,,0.5858153472957197,0.1337925670326342,204.98899509832557,0.7000000000000001,0.0,3
205,Guns N' Roses,November Rain,,0.6201573840098575,0.14163583926905457,240.0539043426328,0.55,0.19199999999999998,0
206,Rush,Time Stand Still,,0.6428239379781046,0.14681258387841803,264.83690952933483,0.8,0.0,2
207,The Who,Who Are You,,0.5315115662320568,0.12139029334413348,154.56712897068542,0.59,0.144,0
208,The Rolling Stones,Jumpin' Jack Flash,,0.6398324136814281,0.1461293588368747,265.02390029160335,0.66,0.0,1
209,The Clash,Should I Stay or Should I Go,,0.6414059110106074,0.1464887250567283,267.831093076968,0.6600000000000001,0.0,2
210,Deep Purple,Hush,,0.619919885869369,0.14158159779855004,248.71059694467968,0.76,0.0,3
211,The Doors,L.A. Woman,,0.5351321807540556,0.12221719436912373,166.79716072656785,0.63,0.05600000000000001,0
212,The Doors,Love Me Two Times,,0.5798912486117367,0.13243958033820294,212.39700743543068,0.6599999999999999,0.06400000000000002,0
213,Genesis,Mama,,0.5343741549074021,0.12204407117532381,173.67972966173838,1.0,0.0,25
214,Roy Orbison and the Candy Men,"Oh, Pretty Woman",,0.5990283276720336,0.13681023901896827,238.8014874996675,0.8799999999999999,0.0,5
215,Mr. Big,Wild World,,0.6633759645353436,0.15150639807005586,303.5033374776669,0.6000000000000001,0.0,4
216,The Bolshoi,Sunday Morning,,0.6198964869535152,0.14157625379206007,260.8814373838328,0.84,0.0,4
217,The Offspring,Come Out and Play,,0.6114592755844708,0.13964930501396405,255.6539482638655,0.5,0.0,2
218,Pearl Jam,Even Flow,,0.6072555631227401,0.13868923204230443,251.48688247760896,0.66,0.0,1
219,Iron Maiden,Can I Play with Madness,,0.580334758777172,0.13254087226203623,224.99382340156143,0.52,0.0,1
220,The Who,Won't Get Fooled Again,,0.580619960331023,0.13260600856853208,230.3051668140446,0.7,0.0,1
221,Led Zeppelin,D'yer Mak'er,,0.532510124502561,0.12161835099909106,187.7146320058287,0.76,0.0,1
222,The Rolling Stones,Miss You,,0.5721061290634517,0.13066156080725475,227.6802236107551,0.66,0.0,1
223,The Police,Every Breath You Take,,0.5574688936221793,0.1273186075831899,213.78386783784973,0.72,0.0,1
224,Rainbow,Long Live Rock 'n' Roll,,0.5650346928234223,0.1290465372140208,221.99239301875141,0.65,0.048,0
225,Yes,Roundabout,,0.5099458672845688,0.11646496963017336,168.56658932254695,0.5800000000000001,0.12799999999999997,0
226,ZZ Top,Gimme All Your Lovin',,0.6122345124676765,0.13982635898351484,274.12233911641897,0.6799999999999999,0.0,2
227,Uriah Heep,Easy Livin',,0.6366279341260123,0.1453974975981724,299.65284441270217,0.8,0.0,5
228,The Doobie Brothers,Listen to the Music,,0.6129215523446612,0.139983269909833,277.5632034544846,0.7999999999999999,0.0,3
229,Scorpions,Wind of Change,,0.558003294033038,0.12744065765088128,227.00860817617922,0.68,0.0,1
230,Red Hot Chili Peppers,By the Way,,0.5306796177930682,0.12120028719662487,199.7897355644423,0.5800000000000001,0.0,1
231,Lynyrd Skynyrd,That Smell,,0.5733959653369576,0.13095614255025753,243.6123551060899,0.56,0.0,1
232,The Beatles,Come Together,,0.5593119290909095,0.12773953279047906,230.28372359078963,0.78,0.0,1
233,Alice Cooper,School's Out,,0.5465299014771182,0.12482028478131436,217.50253413554543,0.5900000000000001,0.072,0
234,Bon Jovi,You Give Love a Bad Name,,0.5875488276309745,0.1341884712796379,258.73918089262696,0.74,0.0,8
235,Dream Theater,Another Day,,0.6195436970308,0.14149568118568984,291.09734063223783,0.58,0.0,3
236,Metallica,Mama Said,,0.6285151626348802,0.1435446466468302,300.71902775132025,0.5800000000000001,0.0,4
237,Arctic Monkeys,Fluorescent Adolescent,,0.6150115366342119,0.14046059499946695,289.66721807526994,0.52,0.0,2
238,Heart,Barracuda,,0.6163661685061271,0.1407699752100818,293.12077144989564,0.72,0.0,3
239,Rammstein,Amerika,,0.5654997974994583,0.129152761041773,243.86350019787236,0.46,0.0,2
240,The White Stripes,Seven Nation Army,,0.6013409898357703,0.1373384208240267,280.8925759266534,0.52,0.0,3
241,Van Halen,Can't Stop Lovin' You,,0.5707125743925422,0.1303432911381824,252.8699425349052,0.66,0.0,1
242,Asia,Heat of the Moment,,0.6153275700572541,0.14053277290182495,299.0396911598397,0.68,0.0,1
243,Lynyrd Skynyrd,Free Bird,,0.5869612155253869,0.1340542683565002,270.79980839441714,0.68,0.0,1
244,Queen,Crazy Little Thing Called Love,,0.567590657402614,0.12963028611010752,252.59366392948195,0.66,0.0,1
245,Kiss,I Love It Loud,,0.4978246750846075,0.1136966477905099,183.87829382991066,0.65,0.048,0
246,Guns N' Roses,Patience,,0.5064465895032066,0.11566578033052469,192.56518577880897,0.6100000000000001,0.06399999999999999,0
247,Aerosmith,Janie's Got a Gun,,0.5685187362251516,0.12984224718051843,254.82972958513062,0.54,0.16000000000000003,0
248,The Cult,Edie (Ciao Baby),,0.5493678039004628,0.12546842459526794,240.60175561943356,0.55,0.088,0
249,The Killers,Mr. Brightside,,0.5970991036781543,0.13636962947926676,292.6503983256106,0.5,0.0,2
250,Black Sabbath,War Pigs,,0.4799446586872333,0.10961308578853544,179.43886766124228,0.6,0.11200000000000002,0
251,Black Sabbath,The Wizard,,0.5260587502341708,0.12014494145418803,225.9507552524995,0.5800000000000001,0.12799999999999997,0
252,Linkin Park,Numb,,0.6027439886701571,0.1376588474165749,306.5949246719179,0.6599999999999999,0.0,8
253,Siouxsie and the Banshees,Cities in Dust,,0.6027562059126219,0.1376616376750394,307.1823926344801,0.6400000000000001,0.0,2
254,Red Hot Chili Peppers,Californication,,0.5056422591592892,0.11548208179488248,210.09449665340483,0.6000000000000001,0.0,1
255,Sex Pistols,Anarchy in the U.K.,,0.612644853380655,0.13992007548370444,318.8537859146069,0.64,0.0,1
256,Audioslave,Like a Stone,,0.5320837106452659,0.12152096364853913,242.29154151591433,0.6000000000000001,0.0,1
257,Guns N' Roses,Welcome to the Jungle,,0.49394448960902365,0.11281046415305897,204.34867709733626,0.56,0.144,0
258,David Bowie,Ziggy Stardust,,0.4960112478817952,0.11328248472409132,207.09444568068886,0.5800000000000001,0.0,1
259,System of a Down,Chop Suey!,,0.5885287721345098,0.13441227779355522,300.01735719832016,0.44000000000000006,0.0,1
260,Bill Haley & His Comets,Rock Around the Clock,,0.5085139863907217,0.11613794675281591,220.88961310868333,0.7400000000000001,0.0,4
261,Aerosmith,Sweet Emotion,,0.5422148543622204,0.12383478443033513,256.7702142143138,0.56,0.144,0
262,The Killers,Somebody Told Me,,0.5875143142238278,0.134180588868635,302.7391183462436,0.5,0.0,2
263,Whitesnake,Guilty of Love,,0.4996929832417914,0.11412334494945522,215.01497792591036,0.6000000000000001,0.0,1
264,Marillion,Kayleigh,,0.5854313182413756,0.1337048598169851,303.19250130410074,0.76,0.0,2
265,Quiet Riot,Cum on Feel the Noize,,0.49106269024662663,0.11215229885208491,208.94573855924153,0.66,0.0,3
266,The Verve,Bitter Sweet Symphony,,0.5830936060472187,0.1331709569124546,302.206570496836,0.8999999999999999,0.0,16
267,Deep Purple,Woman from Tokyo,,0.5552153274819646,0.12680392253734907,276.16385683122354,0.56,0.0,1
268,The Cult,Nirvana,,0.5654516867139701,0.12914177316731365,288.4806231997529,0.48,0.0,1
269,Van Halen,Runnin' with the Devil,,0.487826431372167,0.11141317963236001,211.03111968137546,0.6200000000000001,0.0,1
270,The Cult,Love Removal Machine,,0.5093178004014804,0.11632152736471466,232.6593152695141,0.5,0.0,2
271,Peter Frampton,Show Me the Way,,0.5561851647784313,0.12702542069730216,281.5763117153509,0.8,0.0,4
272,The Mamas & the Papas,California Dreamin',,0.5153265327206842,0.11769384327502555,241.06778189746663,0.7,0.0,1
273,Van Halen,Right Now,,0.48991296153610736,0.11188971584485989,217.87877251625173,0.64,0.0,1
274,U2,Beautiful Day,,0.5624926256307963,0.12846596229934687,290.66733252533265,0.62,0.0,3
275,Badfinger,Day After Day,,0.5686038549710888,0.1298616871893439,300.1902228582255,0.76,0.0,4
276,Iggy Pop,The Passenger,,0.556642049613714,0.12712976722088323,288.34068452416466,0.68,0.0,1
277,James Brown,I Got You (I Feel Good),,0.51662274553922,0.11798988133755342,248.38671165822277,0.66,0.0,1
278,The Doors,People Are Strange,,0.47690098935503605,0.10891795150256459,208.8146422456393,0.5800000000000001,0.12799999999999997,0
279,Oasis,Champagne Supernova,,0.5354568529043922,0.12229134524386277,268.856662276007,0.5,0.0,1
280,The Doors,Gloria,,0.5109157743392855,0.11668648372199879,245.76946925276033,0.64,0.0,1
281,Green Day,Boulevard of Broken Dreams,,0.535908446343658,0.12239448328176736,272.9846725342387,0.52,0.0,3
282,Ramones,Sheena Is a Punk Rocker,,0.5195248298152657,0.11865267944762273,257.1444502879533,0.6200000000000001,0.0,1
283,Elvis Presley,Don't Be Cruel,,0.5055998085603987,0.11547238663304718,243.61240600191866,0.54,0.0,1
284,Suzi Quatro,48 Crash,,0.5872774502456531,0.13412649223251263,326.5812745323053,0.78,0.0,4
285,Kansas,Carry On Wayward Son,,0.4825752449338575,0.11021387729794416,222.01060480061594,0.6200000000000001,0.0,1
286,Santana,Evil Ways,,0.5479030234534779,0.12513388789006552,289.26438065050115,0.64,0.0,1
287,Peter Schilling,Major Tom (Coming Home),,0.5519297382287949,0.12605353690401658,293.3660109783718,0.72,0.0,3
288,Nirvana,About a Girl,,0.48240444984755687,0.11017486993301559,224.06627524681252,0.52,0.0,1
289,Robert Plant,29 Palms,,0.545128817174917,0.1245002954428889,292.9408223111587,0.8799999999999999,0.0,7
290,Nirvana,In Bloom,,0.5605357663379946,0.12801904121864424,309.3214547643005,0.6200000000000001,0.0,1
291,Kaiser Chiefs,Ruby,,0.5577374782936617,0.12737994881098316,307.82823508135573,0.52,0.0,2
292,The B-52's,Legal Tender,,0.5123122866852033,0.11700542888537771,262.8721684870374,0.66,0.0,1
293,Foo Fighters,Times Like These,,0.5276731109274865,0.12051364033220881,278.49520721754374,0.6799999999999999,0.0,9
294,"Emerson, Lake & Palmer",Lucky Man,,0.4939455148765083,0.11281069831074927,244.94130778249144,0.55,0.088,0
295,Tears for Fears,Shout,,0.5312076114661823,0.12132087404916984,282.9558749087987,0.6000000000000001,0.0,2
296,The Doors,Riders on the Storm,,0.47665033852378147,0.10886070612943256,229.09786794482991,0.6200000000000001,0.0,1
297,The Police,Message in a Bottle,,0.48882987812671297,0.11164235375316621,242.23840506811237,0.54,0.0,1
298,Focus,Hocus Pocus,,0.44722600408565777,0.10214057280435593,203.65676760201927,0.69,0.03200000000000001,0
299,Simple Minds,Don't You (Forget About Me),,0.5224550224979022,0.11932189715029974,281.0461800949611,0.74,0.0,3
300,Duran Duran,Save a Prayer,,0.5397577223337929,0.12327360759681756,298.7606606062582,0.6000000000000001,0.0,1
301,Aerosmith,No More No More,,0.4695868172890257,0.10724749021993124,229.24307058280618,0.44000000000000006,0.0,1
302,Creedence Clearwater Revival,Proud Mary,,0.4333296699950047,0.09896683176306319,195.86278143643324,0.62,0.096,0
303,Pixies,Here Comes Your Man,,0.5141122802433711,0.11741652388297581,277.03490270415654,0.55,0.088,0
304,Midnight Oil,Blue Sky Mine,,0.5338772957578439,0.12193059504094135,297.0696581591507,0.66,0.0,1
305,AC/DC,Jailbreak,,0.38737299385557816,0.08847092771861445,152.77594603316987,0.6599999999999999,0.06400000000000002,0
306,A Flock of Seagulls,I Ran (So Far Away),,0.5295592026312627,0.12094439902071376,295.2494347155196,0.56,0.0,2
307,Nirvana,Lithium,,0.48920523788042547,0.11172808101388369,255.57280329971414,0.6000000000000001,0.0,1
308,The Smiths,Bigmouth Strikes Again,,0.5350097098176891,0.12218922360830466,302.00400204196836,0.52,0.0,2
309,The Doors,Touch Me,,0.4852939701415084,0.11083479859382193,254.39010320376593,0.56,0.144,0
310,The Beatles,Helter Skelter,,0.4580331640383097,0.10460878685691075,227.74249950352362,0.6200000000000001,0.0,1
311,Asia,Only Time Will Tell,,0.5170971928404164,0.11809823889875731,288.3333013812789,0.76,0.0,3
312,Blondie,Call Me,,0.5325676913435856,0.12163149851301708,304.5963582064416,0.64,0.0,1
313,The Rolling Stones,Sympathy for the Devil,,0.47699046735447415,0.1089383871079017,249.36928670557236,0.66,0.0,1
314,Placebo,Every You Every Me,,0.5233168441657227,0.11951872595274461,301.33894255489184,0.46,0.0,2
315,Scorpions,Still Loving You,,0.4603944591400943,0.10514807578924708,240.81006815540178,0.56,0.144,0
316,Ghost,Square Hammer,,0.5225965551038909,0.11935422134726975,304.61198792919123,0.62,0.0,6
317,The Guess Who,American Woman,,0.46532204455479387,0.10627347188026552,248.06286107274795,0.65,0.048,0
318,Crash Test Dummies,Mmm Mmm Mmm Mmm,,0.5834763102802185,0.13325836155622786,366.56958823998315,0.56,0.0,3
319,Alice in Chains,Would?,,0.5088823332519191,0.11622207236056165,292.13315886497963,0.64,0.0,1
320,Arctic Monkeys,Do I Wanna Know?,,0.5435908825652953,0.12414905128327533,328.052220754271,0.46,0.0,2
321,The Clash,Rock the Casbah,,0.5201187336996658,0.11878831933078958,304.6391457757586,0.66,0.0,1
322,The Cranberries,Zombie,,0.48601173483327476,0.11099872666617464,273.1912409337798,0.5800000000000001,0.0,4
323,Black Sabbath,Sabbath Bloody Sabbath,,0.3814121934703284,0.08710955883541055,171.6914550652633,0.62,0.096,0
324,Dire Straits,Walk of Life,,0.4916052584070277,0.1122762143269958,282.16653833005626,0.6600000000000001,0.0,2
325,Def Leppard,Photograph,,0.49998664049251035,0.11419041242657546,291.353648798028,0.48,0.0,1
326,The Rolling Stones,Paint It Black,,0.4664304369258154,0.10652661420793401,257.840086613572,0.6000000000000001,0.0,2
327,The Velvet Underground,Sweet Jane,,0.5060438469887643,0.11557379920522784,298.3986176790719,0.52,0.0,2
328,Green Day,American Idiot,,0.5056148786503429,0.11547582844458107,298.87271507440977,0.48000000000000004,0.0,2
329,The Smiths,Panic,,0.49259215535116746,0.1125016086874588,285.9575056117797,0.5800000000000001,0.0,2
330,The Beach Boys,Barbara Ann,,0.462277800404957,0.10557820631346031,256.3931548553568,0.54,0.0,1
331,Hoodoo Gurus,1000 Miles Away,,0.49954713549739455,0.11409003523128404,294.4696707783994,0.6000000000000001,0.0,1
332,The Rolling Stones,Brown Sugar,,0.44918049469879345,0.1025869529095883,244.9281700813457,0.64,0.0,1
333,Van Halen,Dreams,,0.4229613216641799,0.09659883654840501,219.72448678009496,0.76,0.0,1
334,Blue Öyster Cult,Burnin' for You,,0.5160801030371359,0.117865948883974,314.80016265507226,0.6200000000000001,0.0,1
335,Jon Bon Jovi,Blaze of Glory,,0.4750150250613272,0.10848722191285341,274.05138609116295,0.49,0.11200000000000002,0
336,New Model Army,51st State,,0.4880068377204442,0.11145438208387722,287.6511892458438,0.6600000000000001,0.0,2
337,Midnight Oil,King of the Mountain,,0.5120314687118861,0.11694129373136979,312.15915167339386,0.5,0.0,2
338,Kiss,Strutter,,0.5077954069715388,0.11597383260737214,309.05992780734914,0.5800000000000001,0.0,2
339,Electric Light Orchestra,Rock 'n' Roll Is King,,0.47025154178188666,0.10739930460424171,279.4083091515887,0.56,0.0,1
340,Oasis,Don't Look Back in Anger,,0.46273453775490864,0.10568251915331986,272.6810761629211,0.54,0.0,1
341,Icehouse,No Promises,,0.5046997356799098,0.1152668217536821,315.3021493608286,0.48000000000000004,0.0,2
342,The Beatles,All My Loving,,0.4057029293200901,0.0926572453537883,216.32013484591218,0.64,0.0,1
343,David Bowie,China Girl,,0.4622866707216691,0.10558023217783685,273.22502028765854,0.54,0.0,1
344,Oingo Boingo,Stay,,0.4644358236445216,0.10607107060981286,275.89380003762255,0.55,0.088,0
345,The Doobie Brothers,Long Train Runnin',,0.43068069285746624,0.09836184001459142,242.54120087654795,0.52,0.176,0
346,Joey Ramone,What a Wonderful World,,0.5062074639368842,0.11561116717723485,319.460857419495,0.62,0.0,5
347,Linkin Park,In the End,,0.4951321707861176,0.11308171500750189,308.76093870355703,0.44000000000000006,0.0,1
348,Social Distortion,Story of My Life,,0.538015985847702,0.12287581775289451,351.9428701791192,0.46,0.0,2
349,Bad Religion,Infected,,0.49132204637484617,0.11221153240124052,305.83136032321755,0.48,0.0,1
350,Pink Floyd,Hey You,,0.49019394155735274,0.11195388800849615,305.55084502412086,0.6200000000000001,0.0,1
351,Live,Pain Lies on the Riverside,,0.45418544748079476,0.10373001869588469,269.93417277984474,0.6200000000000001,0.0,1
352,R.E.M.,Shiny Happy People,,0.4602560229410094,0.10511645877113494,280.7478293156515,0.6400000000000001,0.0,2
353,The Smiths,The Boy with the Thorn in His Side,,0.4793030305813332,0.10946654631707067,299.9959024627089,0.54,0.0,2
354,The Strokes,Reptilia,,0.4939352203758816,0.11280834718138484,315.1991373529156,0.44,0.0,2
355,The Beatles,Drive My Car,,0.3878246745689563,0.08857408568878536,209.55064375675326,0.48,0.0,1
356,Van Halen,Ain't Talkin' 'bout Love,,0.41609662608040154,0.09503102981836442,238.4590486925542,0.6000000000000001,0.0,1
357,Don McLean,American Pie,,0.415631475667511,0.09492479554491257,238.03807260300687,0.53,0.096,0
358,The Cure,Close to Me,,0.5114258585192396,0.11680298028043455,336.43365642211126,0.46,0.0,2
359,Supertramp,The Logical Song,,0.44929373149636653,0.1026128147138237,274.9408024083392,0.6200000000000001,0.0,1
360,Bruce Springsteen,Dancing in the Dark,,0.45839748337781333,0.10469199263135288,284.762813860977,0.6000000000000001,0.0,1
361,Bachman–Turner Overdrive,Hold Back the Water,,0.47197659753322413,0.10779328478641224,301.69005783487404,0.52,0.176,0
362,Kansas,Dust in the Wind,,0.39768514594479376,0.09082608844633541,227.7269891875825,0.69,0.03200000000000001,0
363,Depeche Mode,Enjoy the Silence,,0.4467145190423877,0.1020237563070521,277.5566884595902,0.5800000000000001,0.0,2
364,ZZ Top,Sharp Dressed Man,,0.42357247414538973,0.0967384157855945,254.42025877798966,0.52,0.176,0
365,Green Day,Basket Case,,0.4567736096716955,0.10432112110557049,288.7669433788252,0.6000000000000001,0.0,2
366,Judas Priest,Turbo Lover,,0.45025126673134214,0.10283150324375549,284.0111307861029,0.54,0.0,1
367,Bon Jovi,Wanted Dead or Alive,,0.46967122100267483,0.10726676692472965,303.73715031930385,0.54,0.0,2
368,Velvet Revolver,Fall to Pieces,,0.46678561623475123,0.10660773251888092,302.17836491419195,0.52,0.0,2
369,Genesis,Invisible Touch,,0.42113866326579336,0.09618256519759551,256.92571258076475,0.48,0.0,1
370,The Beatles,Something,,0.392871297830583,0.0897266684678753,229.31168928729738,0.51,0.10400000000000001,0
371,Korn,Word Up!,,0.46732826222914525,0.10673166577005828,303.846560335315,0.44,0.0,2
372,The Cure,Lullaby,,0.44500741273786515,0.10163387554388328,282.5372190836169,0.54,0.0,1
373,The Killers,Runaways,,0.4661805305734809,0.10646953886405486,304.00356106052897,0.44000000000000006,0.0,1
374,The Cure,Inbetween Days,,0.44224620587042407,0.10100325199226677,280.61854467757416,0.48,0.32000000000000006,0
375,Aerosmith,Amazing,,0.4691847462998629,0.10715566246222949,307.66235116597096,0.6100000000000001,0.06399999999999999,0
376,Tears for Fears,Everybody Wants to Rule the World,,0.44382905636418535,0.10136475435263818,286.03812947615273,0.64,0.0,1
377,Echo & the Bunnymen,Bring On the Dancing Horses,,0.45674013998386426,0.10431347706641482,299.5967505705054,0.49,0.11200000000000002,0
378,Roxette,The Look,,0.5153532816224273,0.11769995237449868,358.8536958927101,0.46,0.0,2
379,Spy vs Spy,Clarity Of Mind,,0.4665894178469405,0.10656292337198159,312.7624100326519,0.56,0.0,2
380,Guns N' Roses,You Could Be Mine,,0.4450251384383527,0.1016379238621488,291.20707443620654,0.53,0.096,0
381,Billy Idol,Rebel Yell,,0.43693283107934516,0.09978974665105886,283.3923882157286,0.7000000000000001,0.0,3
382,Concrete Blonde,Heal It Up,,0.4944764920502976,0.11293196655584553,344.45271593269285,0.52,0.0,3
383,Elvis Presley,Jailhouse Rock,,0.3988496844271263,0.09109205381183634,248.84786415301937,0.55,0.088,0
384,Deep Purple,Perfect Strangers,,0.33399482652553775,0.0762800521064422,185.5660713608017,0.63,0.09600000000000002,0
385,4 Non Blondes,What's Up?,,0.44834104845317335,0.10239523436106293,301.1545495549883,0.6599999999999999,0.0,5
386,System of a Down,Aerials,,0.4122906613714763,0.09416179723373964,265.2614840928408,0.52,0.0,2
387,New Order,Regret,,0.4495732896731668,0.1026766621467763,302.57699370658923,0.54,0.0,2
388,Blondie,Hanging on the Telephone,,0.4207008187423205,0.09608256723232023,274.854361983317,0.44000000000000006,0.0,1
389,The Clash,London's Burning,,0.4508184396621191,0.1029610381265652,306.49703025574803,0.48,0.0,1
390,Tommy Tutone,867-5309/Jenny,,0.4381125821868517,0.1000591863812768,293.9109255829201,0.6000000000000001,0.0,1
391,The Rolling Stones,Like a Rolling Stone,,0.35583891546446034,0.08126895645508897,214.06350885353987,0.44,0.24,0
392,Counting Crows,Mr. Jones,,0.46678223860576173,0.10660696111257503,325.10954154372723,0.46,0.0,2
393,Rush,Limelight,,0.3586392068271429,0.08190850639447197,217.78364701865877,0.5800000000000001,0.0,1
394,Thin Lizzy,The Boys Are Back in Town,,0.45540562174422894,0.10400869054646973,315.2042923363776,0.5800000000000001,0.12799999999999997,0
395,The Kinks,Lola,,0.4138530165706738,0.09451861873676506,274.4433620061849,0.51,0.24,0
396,The Rolling Stones,You Can't Always Get What You Want,,0.4410495967791013,0.10072996211892749,303.9212348277509,0.52,0.0,1
397,Johnny Rivers,Secret Agent Man,,0.42140024766934026,0.0962423076557059,291.95231559783593,0.3,0.52,0
398,Nazareth,Hair of the Dog,,0.339780914364145,0.07760151892798792,210.90646144459413,0.49,0.11200000000000002,0
399,David Bowie,Let's Dance,,0.41359137414683395,0.09445886302757825,286.97775624189535,0.52,0.176,0
400,Billy Idol,Eyes Without a Face,,0.407044669143413,0.09296368118904079,280.88565510631366,0.52,0.176,0
401,Lou Reed,Vicious,,0.4264987966855446,0.09740674959832257,307.7144805637882,0.5800000000000001,0.0,2
402,Oasis,Stand by Me,,0.4052962894431061,0.09256437412183668,287.01781697244377,0.52,0.0,1
403,ZZ Top,Rough Boy,,0.4026578060702273,0.09196177901202952,286.7623134593665,0.5,0.0,1
404,Billy Idol,Dancing with Myself,,0.4241057291115888,0.09686020424869984,308.99088272444516,0.5800000000000001,0.12799999999999997,0
405,The Rolling Stones,Emotional Rescue,,0.4174886849045295,0.09534895785558686,305.56005218470267,0.52,0.0,1
406,The Wonders,That Thing You Do,,0.45034014282372814,0.10285180138139058,338.6175788006653,0.54,0.0,4
407,Bush,Machinehead,,0.42869222387525946,0.0979076996940581,318.9867529250378,0.54,0.0,2
408,Cream,I Feel Free,,0.42034530391782676,0.09600137229400604,312.35085080051033,0.56,0.0,1
409,Simple Minds,Alive and Kicking,,0.3987950709733386,0.09107958081294598,291.86384028620216,0.56,0.0,1
410,Jefferson Airplane,Somebody to Love,,0.42007268305936274,0.09593910925387075,314.40175765678737,0.55,0.088,0
411,Supertramp,Breakfast in America,,0.40190750602120073,0.09179042028940922,296.7786143368517,0.48,0.0,1
412,Queen,The Show Must Go On,,0.4110643803172085,0.09388173067196151,306.6938094896763,0.5,0.0,1
413,Oasis,Live Forever,,0.3962414354813461,0.09049636384992768,291.9461980302082,0.45999999999999996,0.0,1
414,Green Day,Wake Me Up When September Ends,,0.39518210872268933,0.09025442746669478,290.90887631508826,0.44000000000000006,0.0,1
415,David Bowie,Modern Love,,0.3913453740437026,0.08937816742315988,287.77593172492436,0.5,0.0,1
416,George Thorogood & The Destroyers,Bad to the Bone,,0.3973509282011501,0.09074975748287335,294.06393707655826,0.6100000000000001,0.06399999999999999,0
417,The Beatles,Yellow Submarine,,0.3993552986833037,0.09120752949811624,296.42732588822474,0.52,0.0,1
418,Janis Joplin,Me and Bobby McGee,,0.3941025791693014,0.09000787702925386,294.1721680027193,0.53,0.096,0
419,Tom Petty and the Heartbreakers,American Girl,,0.42880703074671334,0.0979339200826425,329.2388154806065,0.44000000000000006,0.0,1
420,Eric Clapton,Bad Love,,0.38734210265082364,0.08846387257128532,288.9765620587602,0.53,0.096,0
421,Temple of the Dog,Hunger Strike,,0.3784753723312146,0.08643882727992708,281.0644677739067,0.47000000000000003,0.12,0
422,Hoodoo Gurus,Another World,,0.41625713095490297,0.09506768703344069,319.0266881090713,0.48,0.0,1
423,Status Quo,Down Down,,0.3882701786718669,0.08867583300187153,291.40446329855115,0.47000000000000003,0.12,0
424,Mick Jagger,Just Another Night,,0.37214595589422295,0.0849932713093762,275.7762301616205,0.44000000000000006,0.0,1
425,Tom Petty,Free Fallin',,0.3919288775997903,0.08951143200730234,295.8936493161078,0.6000000000000001,0.0,1
426,The Cure,Just Like Heaven,,0.38976493214995833,0.08901721515554505,294.38553803613087,0.48,0.0,1
427,The Beatles,From Me to You,,0.39867434450267836,0.091052008465289,304.115926879358,0.4,0.0,1
428,Midnight Oil,My Country,,0.4063475007014485,0.09280445703089069,314.3289322671924,0.45999999999999996,0.0,1
429,David Lee Roth,Just a Gigolo,,0.3848144570876698,0.08788659136825072,293.4952903455814,0.56,0.0,1
430,Creedence Clearwater Revival,Hey Tonight,,0.3158635261776426,0.07213910013517194,224.5755168629262,0.76,0.0,1
431,Foghat,Slow Ride,,0.3991679647003087,0.09116474486539357,309.7341363159956,0.49,0.11200000000000002,0
432,The Beach Boys,Surfin' U.S.A.,,0.34631586276765036,0.0790940157127972,257.64711585478074,0.69,0.03200000000000001,0
433,Yes,Wonderous Stories,,0.36568356289641935,0.08351734523072159,278.17364031082377,0.48,0.0,1
434,Toto,Africa,,0.38084984035397734,0.0869811247352069,294.2201643020633,0.56,0.0,2
435,AC/DC,Black Ice,,0.3568811721349051,0.08150699425332933,271.9526174541097,0.52,0.0,1
436,The Beatles,Love Me Do,,0.3120703410010306,0.07127278622866232,228.90692716200607,0.45,0.128,0
437,Joe Cocker,Unchain My Heart,,0.32395339773115905,0.07398672104013071,241.3311638572564,0.47,0.288,0
438,Shocking Blue,Venus,,0.3654798403898533,0.08347081767346039,284.31987047492737,0.6100000000000001,0.06399999999999999,0
439,Creedence Clearwater Revival,Fortunate Son,,0.29762905254688093,0.06797458473486621,216.87923034109681,0.5,0.0,1
440,Lenny Kravitz,American Woman,,0.3895928409817159,0.08897791178244448,309.772285483572,0.48,0.0,1
441,Mötley Crüe,Home Sweet Home,,0.355811844334198,0.08126277376283449,276.47999947754573,0.6000000000000001,0.0,1
442,Pink Floyd,Take It Back,,0.33935644293123146,0.07750457520177166,260.4961970280155,0.44,0.24,0
443,Dio,The Last in Line,,0.37736804558028103,0.08618592832595598,298.9464059981616,0.5,0.0,1
444,The Blues Brothers,Sweet Home Chicago,,0.3641105774958942,0.08315809592868022,285.7507582390541,0.52,0.176,0
445,Black Sabbath,Black Sabbath,,0.32185366402113463,0.07350716931031351,244.37289366851294,0.43,0.336,0
446,Ramones,I Believe in Miracles,,0.3677367208443151,0.08398625966534762,294.850645933765,0.43000000000000005,0.13599999999999998,0
447,The Rolling Stones,It's Only Rock 'n Roll (But I Like It),,0.3388592540686387,0.07739102376524239,267.60246932549416,0.53,0.096,0
448,Joe Cocker,You Can Leave Your Hat On,,0.34298959527239686,0.07833433970075425,272.60028794312126,0.45999999999999996,0.22400000000000003,0
449,The Who,You Better You Bet,,0.33478776661431453,0.07646114925671366,265.1699551304714,0.4,0.44800000000000006,0
450,The Police,Don't Stand So Close to Me,,0.36051796550559806,0.0823375903158573,291.6140523272229,0.48,0.0,1
451,Ramones,Do You Wanna Dance?,,0.37380186461133713,0.08537145921288053,304.97744140049343,0.44000000000000006,0.0,1
452,Jerry Lee Lewis,Great Balls of Fire,,0.31911474647986016,0.07288163634940793,251.3487473287587,0.51,0.10400000000000001,0
453,The Strokes,Last Nite,,0.40143054621947305,0.09168148890592957,334.02440390217174,0.44000000000000006,0.0,1
454,Philip Bailey,Easy Lover,,0.36523207017710335,0.08341423019593686,298.9562309208534,0.56,0.0,2
455,INXS,Disappear,,0.3424125557961014,0.07820255142793223,279.2692073733145,0.4,0.0,1
456,Billy Idol,Sweet Sixteen,,0.3490749493687749,0.07972415502330499,286.99482510490407,0.52,0.0,1
457,The Mission,Like a Child Again,,0.3736483586288333,0.08533640045324088,311.8744856254864,0.45999999999999996,0.0,1
458,Greta Van Fleet,Talk on the Street,,0.32481042395174264,0.07418245462511697,263.04159021683773,0.42000000000000004,0.0,1
459,Midnight Oil,Truganini,,0.34205833879571634,0.07812165289567817,280.9273876522701,0.48,0.0,1
460,The Cult,Painted on My Heart,,0.3236845965952288,0.07392533037468739,262.8694729682759,0.43,0.336,0
461,Muse,Panic Station,,0.40789126883062843,0.0931570334901105,347.4813734571105,0.31,0.18400000000000002,0
462,Fastway,Say What You Will,,0.4074578585788884,0.09305804825453029,352.1520098404968,0.4,0.0,1
463,The Police,Every Little Thing She Does Is Magic,,0.3627955253794112,0.08285775521678496,309.63354795595336,0.5,0.192,0
464,Pearl Jam,Daughter,,0.39971531814718564,0.0912897532371781,348.2200205838422,0.54,0.0,1
465,Nirvana,The Man Who Sold the World,,0.3264799325592776,0.07456374856580374,276.254303865899,0.52,0.0,1
466,Genesis,Follow You Follow Me,,0.31946132968303126,0.07296079142217397,270.1173205447705,0.44,0.24,0
467,Queen,You're My Best Friend,,0.3624745898127936,0.08278445772891946,314.048314335223,0.44000000000000006,0.0,1
468,Bad Religion,New America,,0.34491909446474095,0.0787750120921875,298.80814361263526,0.38,0.0,1
469,Van Halen,Feel Your Love Tonight,,0.30879920144620915,0.07052570071753346,262.8385757795941,0.45999999999999996,0.0,1
470,Aerosmith,Love in an Elevator,,0.31971413806676807,0.07301852955208754,274.0145316757814,0.45999999999999996,0.22400000000000003,0
471,The Mission,Butterfly on a Wheel,,0.349957629042145,0.07992574752154334,304.923137417586,0.44000000000000006,0.0,1
472,Joan Jett,Bad Reputation,,0.33340633169705725,0.07614564758093549,290.4153285256829,0.31,0.18400000000000002,0
473,Radiohead,Fake Plastic Trees,,0.32341607333112055,0.07386400317153562,282.52651707525655,0.48,0.0,1
474,U2,I Will Follow,,0.3286981520387449,0.07507036089641227,288.2438583181658,0.47000000000000003,0.12,0
475,Elton John,Crocodile Rock,,0.2941630593951037,0.06718299720948899,253.7170951344076,0.44000000000000006,0.0,1
476,Extreme,More Than Words,,0.3286509875434031,0.07505958914225166,289.37885665988097,0.52,0.0,1
477,Toy Dolls,James Bond Lives Down Our Street,,0.3434329314135322,0.07843559187971244,305.40409386583264,0.38,0.0,1
478,Fine Young Cannibals,Suspicious Minds,,0.3470016975348719,0.07925065140779972,310.05959889258685,0.4,0.0,1
479,Red Hot Chili Peppers,Under the Bridge,,0.30125073472431224,0.06880172959839992,266.3284874289521,0.5800000000000001,0.0,1
480,Soundgarden,Black Hole Sun,,0.3264406881392362,0.07455478565330362,291.53952330655306,0.6200000000000001,0.0,2
481,Blue Öyster Cult,Godzilla,,0.32782510734645953,0.07487096890189678,292.9294774140838,0.47000000000000003,0.12,0
482,Sex Pistols,God Save the Queen,,0.3467151934339893,0.07918521761658989,313.02752255258434,0.5800000000000001,0.12799999999999997,0
483,Blondie,Heart of Glass,,0.3202121583154738,0.07313227086633639,286.5340631126975,0.33,0.17600000000000002,0
484,The Pretenders,Back on the Chain Gang,,0.3142445683789098,0.07176935133837127,280.97999206682846,0.45999999999999996,0.0,1
485,The Beatles,Can't Buy Me Love,,0.3119208968447673,0.07123865513703627,278.88265496808816,0.45999999999999996,0.22400000000000003,0
486,The Smashing Pumpkins,1979,,0.3345740844562543,0.07641234704525243,302.63089041021556,0.4,0.0,1
487,Kiss,Lick It Up,,0.286566083241707,0.06544794717035857,256.06534224552587,0.48,0.20800000000000002,0
488,The Jimi Hendrix Experience,Hey Joe,,0.27549739920448807,0.0629200044357598,245.73789399814143,0.52,0.0,1
489,The Rolling Stones,Wild Horses,,0.30424421466046986,0.06948540128243491,275.0957061158047,0.5,0.0,1
490,Queen,Bicycle Race,,0.30104639267656963,0.06875506054603317,272.20687099185824,0.44,0.24,0
491,The Doors,"Hello, I Love You",,0.32951584004202966,0.07525711014683098,301.1305336234098,0.43000000000000005,0.13599999999999998,0
492,Creedence Clearwater Revival,Molina,,0.3392963645951633,0.07749085409521016,313.46242063129864,0.48,0.0,1
493,Mr. Big,To Be with You,,0.3186493433622679,0.07277534436150578,292.8166938367802,0.6200000000000001,0.0,2
494,Duran Duran,Ordinary World,,0.35460336617617605,0.08098677314982392,329.62104483864545,0.5,0.0,1
495,Pink Floyd,Learning to Fly,,0.27253816192772595,0.062244153327480796,248.64347371662552,0.51,0.10400000000000001,0
496,The Kinks,All Day and All of the Night,,0.32535549893847604,0.07430694262639073,301.6191189697037,0.5,0.0,1
497,The Jimi Hendrix Experience,Fire,,0.26469769960369793,0.060453494230041975,243.2935785877689,0.45999999999999996,0.22400000000000003,0
498,Bauhaus,Ziggy Stardust,,0.3029784578487005,0.069196318973705,282.3605072157397,0.49,0.11200000000000002,0
499,Dishwalla,Charlie Brown’s Parents,,0.32357973558864334,0.0739013814916179,303.27358372812995,0.31,0.18400000000000002,0
500,Goo Goo Dolls,Iris,,0.3193836156106671,0.0729430425439922,299.6655221840918,0.47000000000000003,0.12,0
501,UFO,Love Lost Love,,0.3519401986826057,0.0803785405095432,333.23602716894993,0.48,0.0,1
502,Rory Gallagher,Shadow Play,,0.3336513386550255,0.07620160396719057,315.94496320510996,0.43000000000000005,0.13599999999999998,0
503,Volbeat,Heaven Nor Hell,,0.2857693166082363,0.06526597608730296,268.1131288853014,0.38,0.0,1
504,Kings of Leon,Use Somebody,,0.31698054973118395,0.0723942137120936,299.4716251384763,0.51,0.10400000000000001,0
505,Eric Clapton,Forever Man,,0.2694826621963324,0.061546317132990816,252.17484412969878,0.41000000000000003,0.36,0
506,Queen,Killer Queen,,0.32659588766032177,0.07459023119501591,309.7627607329457,0.42000000000000004,0.0,1
507,Bob Seger & the Silver Bullet Band,Hollywood Nights,,0.36040930760763246,0.08231277427243287,344.00523561037073,0.31,0.18400000000000002,0
508,Led Zeppelin,Good Times Bad Times,,0.24907562408967296,0.056885616408049774,233.13944994755974,0.46,0.352,0
509,U2,Vertigo,,0.2874126684319527,0.0656412961605099,273.0948323991335,0.5800000000000001,0.0,1
510,The Smiths,There Is a Light That Never Goes Out,,0.24657756852623655,0.05631509317412433,232.86169247458278,0.43000000000000005,0.13599999999999998,0
511,The Mission,Severina,,0.2910246591910296,0.06646622763078615,277.3642795547068,0.43000000000000005,0.13599999999999998,0
512,The Sisters of Mercy,Walk Away,,0.3180392818743508,0.07263601429292194,304.44519190859876,0.45999999999999996,0.0,1
513,Black Sabbath,Children of the Grave,,0.27005794272058586,0.061677703684161006,256.47722328081124,0.44,0.24,0
514,Bon Jovi,Born to Be My Baby,,0.29870088908404907,0.06821937818797236,286.09942907635747,0.39,0.15200000000000002,0
515,The Jimi Hendrix Experience,Crosstown Traffic,,0.28390011443753055,0.06483907474735658,271.31433996769096,0.5800000000000001,0.0,1
516,Genesis,I Can't Dance,,0.287014781812185,0.06555042405807625,274.8600417709323,0.43,0.336,0
517,Radiohead,High and Dry,,0.35935482697682647,0.08207194468144828,347.51696098191576,0.4,0.0,1
518,Motörhead,Hellraiser,,0.3259462175472303,0.07444185503424078,314.34563210225235,0.39,0.15200000000000002,0
519,Eric Clapton,Tears in Heaven,,0.2784084967790897,0.06358486106538958,268.26987284733576,0.37,0.16000000000000003,0
520,Supertramp,Dreamer,,0.29479621932672967,0.06732760266065292,284.89726867602855,0.44,0.24,0
521,Bob Dylan,Blowin' in the Wind,,0.3105133102560513,0.0709171807613744,301.3648671200514,0.43000000000000005,0.13599999999999998,0
522,Genesis,The Carpet Crawlers,,0.28865948876062836,0.06592605362405544,279.7191312173205,0.45999999999999996,0.22400000000000003,0
523,The Clash,I Fought the Law,,0.29873472315662764,0.06822710544784076,290.083885870815,0.44000000000000006,0.0,1
524,Alanis Morissette,Guardian,,0.35896435829759804,0.08198276673966001,350.640165069588,0.4,0.0,1
525,Bon Jovi,Let It Rock,,0.3443690219844232,0.07864938272871068,338.14623603023813,0.4,0.0,1
526,The Black Keys,Lonely Boy,,0.2451158119680515,0.055981247085592885,239.0661276766168,0.35000000000000003,0.168,0
527,Skid Row,In a Darkened Room,,0.29494482270059025,0.06736154172856962,289.21414224991634,0.49,0.11200000000000002,0
528,The Beatles,She Loves You,,0.22022277099969445,0.05029600195198634,215.30157411246338,0.44,0.24,0
529,Living Colour,Type,,0.28944937054231007,0.06610645229696725,285.0181209060004,0.35000000000000003,0.168,0
530,Free,All Right Now,,0.3095617522491694,0.07069985735219968,305.749653171107,0.49,0.11200000000000002,0
531,Aerosmith,Hole in My Soul,,0.28147685470167216,0.0642856339026536,278.23093687170996,0.45999999999999996,0.22400000000000003,0
532,Slash featuring Myles Kennedy and The Conspirators,Starlight,,0.2919024419423277,0.06666670173604008,289.0428235337955,0.29000000000000004,0.1,0
533,Van Halen,When It's Love,,0.277865333864198,0.06346080975632819,275.9155127494643,0.45999999999999996,0.22400000000000003,0
534,Van Halen,Why Can't This Be Love,,0.27777552442050346,0.0634402984534558,275.9201191831542,0.45999999999999996,0.22400000000000003,0
535,Kings of Leon,Molly's Chambers,,0.2874887729014789,0.0656586774264456,286.79657156786953,0.31,0.18400000000000002,0
536,Kiss,Deuce,,0.25653379189487824,0.05858896443507721,256.2913608869057,0.45999999999999996,0.22400000000000003,0
537,David Coverdale,The Last Note of Freedom,,0.28568620750219714,0.06524699505395841,285.8344670117503,0.44,0.24,0
538,Madness,Our House,,0.2712058909751318,0.061939880058517416,271.3878085473208,0.38,0.0,1
539,Ghost,Dance Macabre,,0.2842421545225704,0.06491719223133305,287.31175655296136,0.35000000000000003,0.168,0
540,AC/DC,For Those About to Rock (We Salute You),,0.2016132632139962,0.046045833653467,204.76830094734567,0.39,0.52,0
541,Franz Ferdinand,Walk Away,,0.300409960869248,0.06860970784123317,303.92393116451655,0.32,0.336,0
542,T. Rex,Get It On,,0.2779682359811791,0.06348431125462034,281.48989144151875,0.66,0.0,3
543,Faith No More,A Small Victory,,0.2688988912656197,0.06141299148397935,273.6352076683006,0.38,0.0,1
544,INXS,Suicide Blonde,,0.27118056461962703,0.06193409585000836,277.42617532251796,0.39,0.15200000000000002,0
545,Queen,I Want to Break Free,,0.21623806381756994,0.04938594692316052,222.72341400094618,0.44999999999999996,0.312,0
546,Johnny Cash,Hurt,,0.2919024419423277,0.06666670173604008,298.9443167211081,0.29000000000000004,0.1,0
547,Ozzy Osbourne,I Just Want You,,0.24167620644871765,0.055195686150503576,248.82954671211684,0.38,0.288,0
548,Green Day,Holiday,,0.300507124754963,0.06863189880251934,307.6807900190464,0.4,0.0,1
549,The Bangles,Walk Like an Egyptian,,0.3008484696622837,0.06870985751699271,308.1819160590379,0.5,0.0,1
550,David Bowie,Blue Jean,,0.3232297530183145,0.07382145004783254,331.2269417058459,0.48,0.0,1
551,Tina Turner,The Best,,0.31017117388045323,0.07083904128589325,318.31074692646786,0.42,0.0,2
552,Three Dog Night,Joy to the World,,0.3022767262487399,0.06903605264992219,310.7798306161914,0.5,0.0,1
553,Tonic,If You Could Only See,,0.2919024419423277,0.06666670173604008,300.5411220389743,0.29000000000000004,0.1,0
554,Van Halen,Don't Tell Me (What Love Can Do),,0.26935486910600537,0.06151713086178298,278.01689699468767,0.42000000000000004,0.0,1
555,Pearl Jam,Yellow Ledbetter,,0.29738738700882544,0.06791939148523725,306.3431921451768,0.4,0.0,1
556,The Clash,Police on My Back,,0.32822756137422565,0.07496288414060812,337.43111959318855,0.48,0.0,1
557,Eurythmics,Sweet Dreams (Are Made of This),,0.2697532212687081,0.061608109288137,279.5326240974667,0.49,0.11200000000000002,0
558,Ozzy Osbourne,Shot in the Dark,,0.23298926969705372,0.05321170335964551,243.09912110424142,0.48,0.20800000000000002,0
559,Santana,Winning,,0.2693784838928668,0.06152252417038902,279.81779536724224,0.45,0.128,0
560,Lenny Kravitz,Again,,0.2667305617665571,0.06091777337268987,277.2254702182057,0.28,0.6400000000000001,0
561,Ozzy Osbourne,Bark at the Moon,,0.2624726041399872,0.05994531151452112,273.96787536465575,0.43,0.336,0
562,Pearl Jam,Once,,0.30847366535686926,0.07045135253042022,320.2827115822304,0.4,0.0,1
563,Rod Stewart,Da Ya Think I'm Sexy?,,0.27041218660452554,0.06175860835626748,282.54170317959523,0.45999999999999996,0.22400000000000003,0
564,The Jimi Hendrix Experience,Voodoo Child (Slight Return),,0.29308313426078886,0.06693635642653575,305.4321273258596,0.35000000000000003,0.168,0
565,The Offspring,The Kids Aren't Alright,,0.29552560922961896,0.06749418577925118,308.0868307494785,0.48,0.0,1
566,The Beatles,While My Guitar Gently Weeps,,0.23135926873481544,0.05283943244866605,245.58999329724426,0.52,0.0,1
567,Rush,Bravado,,0.27218156475902894,0.06216271119589994,286.7069089318743,0.35000000000000003,0.168,0
568,Tears for Fears,Head over Heels,,0.3031540668583655,0.06923642577579818,318.90344869194337,0.4,0.0,1
569,David Bowie,Rebel Rebel,,0.2734814607268957,0.062459590441585645,289.4008225455915,0.5800000000000001,0.0,1
570,The B-52's,Private Idaho,,0.2435662005491808,0.05562733609539628,259.69590568108424,0.45,0.128,0
571,Alice Cooper,Hey Stoopid,,0.27938664583180584,0.06380825752181148,297.39830717140006,0.43,0.336,0
572,The Police,Walking on the Moon,,0.3027424483745371,0.06914241749512799,321.32137016176347,0.42000000000000004,0.0,1
573,Chubby Checker,Let's Twist Again,,0.2704453310175185,0.06176617810690236,289.44028027273475,0.45999999999999996,0.0,1
574,AC/DC,Moneytalks,,0.1813531873037908,0.0414186971729779,201.01111035380538,0.64,0.0,1
575,The Offspring,Original Prankster,,0.28380156199392,0.06481656665759952,303.9440697847313,0.38,0.0,1
576,Blind Melon,No Rain,,0.29902503585241963,0.0682934090723386,319.29690382188437,0.44000000000000006,0.0,1
577,The Beatles,Back in the U.S.S.R.,,0.27410487270227446,0.06260196958697649,295.7118687309705,0.52,0.0,1
578,Bon Jovi,Keep the Faith,,0.2656648521030775,0.06067437921743836,287.9210765623031,0.38,0.288,0
579,The Cure,Pictures of You,,0.2960659489842071,0.06761759231540605,319.20074917527586,0.4,0.0,1
580,Guns N' Roses,Don't Cry,,0.20887301539231004,0.04770386614517476,234.60268590079315,0.33999999999999997,0.5439999999999999,0
581,Led Zeppelin,Since I've Been Loving You,,0.26272324385870655,0.06000255434969538,288.62985875040454,0.35,0.432,0
582,The Beatles,Penny Lane,,0.2684656880293252,0.061314053528020634,294.4231646210921,0.5,0.0,1
583,Blink-182,Darkside,,0.3318303219836516,0.07578570756536866,358.65428327068713,0.4,0.0,1
584,Fleetwood Mac,Dreams,,0.24028899098950737,0.054878864274511635,267.51854627619764,0.74,0.0,5
585,Katrina and the Waves,Walking on Sunshine,,0.2951226656909396,0.06740215874264657,322.56262624033945,0.5,0.0,1
586,Bon Jovi,I'll Be There for You,,0.2866257063285185,0.06546156430394126,314.82535768988106,0.42000000000000004,0.0,1
587,Pink Floyd,Summer '68,,0.2633748587861647,0.06015137468064755,291.63845140869273,0.31,0.6799999999999999,0
588,Journey,Separate Ways (Worlds Apart),,0.2498892135662654,0.05707142960855148,278.40729835038223,0.38,0.48,0
589,The Rolling Stones,Don't Stop,,0.264927041746749,0.06050587297735411,295.38162944102464,0.4,0.27199999999999996,0
590,The Beatles,Day Tripper,,0.22779238860388143,0.05202480365613212,259.16832936046234,0.45999999999999996,0.22400000000000003,0
591,David Bowie,The Jean Genie,,0.26644179825940306,0.06085182356262459,298.0386975468358,0.37,0.408,0
592,The Beatles,Eleanor Rigby,,0.2360500309398219,0.053910741214550376,267.93701890879873,0.5,0.0,1
593,Rancid,Time Bomb,,0.28760795581422544,0.06568589724565382,319.5349595527153,0.35000000000000003,0.168,0
594,Red Hot Chili Peppers,Dani California,,0.259341864510619,0.05923029151093539,291.5747879350617,0.43,0.336,0
595,Iron Maiden,Aces High,,0.21600979856115404,0.04933381412267786,248.49235684246727,0.41000000000000003,0.144,0
596,Led Zeppelin,Dancing Days,,0.2648623366007999,0.060491095167901486,297.7089513988605,0.44,0.24,0
597,The The,This Is the Day,,0.2854121399887258,0.06518440161673139,318.48493710001674,0.41000000000000003,0.144,0
598,Foo Fighters,Learn to Fly,,0.2750128686822233,0.06280934399868057,308.5657966361488,0.5800000000000001,0.0,1
599,The Police,Synchronicity II,,0.3079639845041052,0.07033494808664204,342.75734229874894,0.42000000000000004,0.0,1
600,Scorpions,Big City Nights,,0.21882885849938277,0.04997765055935641,254.87814748918976,0.48,0.20800000000000002,0
601,Titãs,Lugar Nenhum,,0.17157296143231882,0.039185021439585625,207.62988558352401,0.29000000000000004,0.1,0
602,The Struts,Body Talks,,0.2927740907151158,0.06686577492079109,328.9517180276991,0.33,0.17600000000000002,0
603,Judas Priest,Living After Midnight,,0.2469137921775786,0.05639188226068172,283.8754376846692,0.37,0.408,0
604,Alice in Chains,Your Decision,,0.27440073199486853,0.06266953998167399,311.5573952795791,0.38,0.0,1
605,Audioslave,Show Me How to Live,,0.2263920616392769,0.05170498728371318,263.7670667923806,0.19,0.92,0
606,UFO,Doctor Doctor,,0.2501485700070174,0.057130663229085395,287.84363949537516,0.39,0.15200000000000002,0
607,Supertramp,Give a Little Bit,,0.25202317818422987,0.057558799230245865,289.72930141192626,0.39,0.15200000000000002,0
608,Pink Floyd,Mother,,0.16627729397751667,0.037975560222497554,204.14486020704265,0.36,0.52,0
609,Yes,Love Will Find a Way,,0.2154042543954223,0.04919551575142678,253.94434823561187,0.45,0.128,0
610,3 Doors Down,Here Without You,,0.2748616478267849,0.0627748071321895,314.4940970930312,0.42000000000000004,0.0,1
611,Accept,Balls to the Wall,,0.2072355303889729,0.047329885977046245,247.0631511039062,0.31,0.18400000000000002,0
612,INXS,New Sensation,,0.2392254123912651,0.05463595682670117,279.2737239952655,0.5800000000000001,0.0,1
613,Bon Jovi,Runaway,,0.22927383693401573,0.052363147087948744,269.4067352555571,0.42,0.256,0
614,The Smashing Pumpkins,"Tonight, Tonight",,0.25247701374178344,0.05766244933865644,293.2373340159082,0.45,0.128,0
615,Metallica,Fuel,,0.24000135634464767,0.054813172281836894,281.78093321809234,0.33999999999999997,0.32000000000000006,0
616,Soundgarden,The Day I Tried to Live,,0.30097986462332316,0.06873986640838448,343.2320006406842,0.4,0.0,1
617,Led Zeppelin,The Song Remains the Same,,0.22738795485632413,0.05193243627530109,269.937029602419,0.36,0.512,0
618,Spin Doctors,Two Princes,,0.28503773324489423,0.06509889201101211,327.6023050743892,0.45999999999999996,0.0,1
619,Gary Moore,Still Got the Blues,,0.23574424546667444,0.05384090380997819,278.9087647221237,0.37,0.56,0
620,Legião Urbana,Que País É Este,,0.18190118861927518,0.04154385350948287,226.23198362273968,0.29000000000000004,0.1,0
621,Free,Wishing Well,,0.23628556651417348,0.0539645344606056,281.1556450355117,0.4,0.27199999999999996,0
622,Wings,Live and Let Die,,0.25842216259151807,0.05902024361575923,303.9740537659077,0.4,0.27199999999999996,0
623,Creedence Clearwater Revival,Born on the Bayou,,0.18200886114289505,0.04156844450628841,228.42706760647204,0.38,0.288,0
624,Guns N' Roses,Civil War,,0.2338001787038054,0.053396904375877026,280.971358244945,0.4,0.44800000000000006,0
625,The Police,Synchronicity I,,0.21764893779779562,0.04970817209606753,265.0543512770599,0.31,0.18400000000000002,0
626,Pink Floyd,Run Like Hell,,0.18349629484677968,0.04190815491922357,231.26390872041677,0.32,0.336,0
627,Gang Gajang,Gimme Some Lovin',,0.2829504771869439,0.06462219001380988,331.58983124521416,0.38,0.0,1
628,Disturbed,The Sound of Silence,,0.24154958768204945,0.05516676807946763,290.2075290953272,0.37,0.16000000000000003,0
629,Bon Jovi,In These Arms,,0.23736029138907136,0.05420998757229035,286.4820680976334,0.38,0.288,0
630,Patti Smith Group,Because the Night,,0.2603504714287048,0.05946064414563591,310.4376593247136,0.45999999999999996,0.0,1
631,Aerosmith,Livin' on the Edge,,0.17001721170980644,0.03882970854108254,220.1088638125646,0.48,0.20800000000000002,0
632,Rush,Subdivisions,,0.2113418788038281,0.04826772227322735,261.45701924921974,0.41000000000000003,0.48,0
633,Måneskin,Beggin',,0.22829132281198566,0.05213875370675953,278.4345602243949,0.31,0.18400000000000002,0
634,Red Hot Chili Peppers,Snow (Hey Oh),,0.23224083103192308,0.05304076975277338,283.72420368726534,0.42000000000000004,0.0,1
635,Whitesnake,Still of the Night,,0.23462271772678672,0.05358476153577768,286.4163484523195,0.35000000000000003,0.168,0
636,Faith No More,Falling to Pieces,,0.22651686199812485,0.0517334900541748,278.7548128636348,0.42,0.256,0
637,The Offspring,Pretty Fly (for a White Guy),,0.27145410793758834,0.061996569567833636,323.83598118077265,0.42000000000000004,0.0,1
638,Faith No More,Edge Of The World,,0.21130300206929095,0.04825884333528968,263.91397700868004,0.35000000000000003,0.168,0
639,Electric Light Orchestra,Last Train to London,,0.2641839291175472,0.06033615576746152,317.06990608060875,0.39,0.15200000000000002,0
640,The Clash,Train in Vain,,0.31691065176587185,0.07237824993058355,369.8273255191031,0.48,0.0,1
641,Def Leppard,Animal,,0.2072023840368891,0.047322315783548355,260.5335891439207,0.36,0.30400000000000005,0
642,Florence + the Machine,Dog Days Are Over,,0.29465743862182053,0.06729590696191423,348.0498031750745,0.29000000000000004,0.1,0
643,The Cramps,Goo Goo Muck,,0.29465743862182053,0.06729590696191423,348.2753359873444,0.29000000000000004,0.1,0
644,Billy Idol,Mony Mony,,0.2513386476041197,0.05740246139453013,305.18464347029743,0.39,0.384,0
645,Megadeth,Symphony of Destruction,,0.23223343020184262,0.05303907949993312,286.8892755958136,0.41000000000000003,0.144,0
646,Faith No More,Easy,,0.24827149751038546,0.05670196440958525,303.487417945085,0.4,0.44800000000000006,0
647,The Sisters of Mercy,Lucretia My Reflection,,0.19942852837864855,0.045546868777834905,255.07069857943281,0.33,0.17600000000000002,0
648,Gene Loves Jezebel,Desire,,0.24072274246597705,0.05497792744135929,296.9470892397005,0.39,0.15200000000000002,0
649,Lynyrd Skynyrd,Preacher Man,,0.2240631139540173,0.051173086078437485,281.4388824166288,0.42,0.256,0
650,Eric Clapton,Layla,,0.19697278652838507,0.04498600944283636,254.42756215536974,0.33,0.17600000000000002,0
651,U2,Where the Streets Have No Name,,0.22730900452855857,0.05191440505254707,284.9739672244654,0.36,0.512,0
652,Smash Mouth,All Star,,0.24392975120942198,0.05571036631354371,302.7791890270302,0.42,0.0,2
653,Pink Floyd,High Hopes,,0.2323222733068475,0.053059370103681586,292.2701047466776,0.42,0.41600000000000004,0
654,Van Halen,Not Enough,,0.25956208347290505,0.05928058664302696,319.78425028587657,0.35000000000000003,0.168,0
655,Peter Frampton,"Baby, I Love Your Way",,0.2432646170544595,0.055558458367764706,304.44551501124783,0.4,0.27199999999999996,0
656,The Cure,Why Can't I Be You?,,0.25789360822842683,0.05889952870895332,319.6706061079935,0.42000000000000004,0.0,1
657,INXS,By My Side,,0.25049781272259863,0.057210425699718445,312.9491330073196,0.33999999999999997,0.5439999999999999,0
658,Left Side,Mamma mia,,0.25799036805257,0.05892162738785871,320.6666884790743,0.42000000000000004,0.0,1
659,L7,Pretend We're Dead,,0.25332978115710725,0.05785721026819617,316.2304242678079,0.35000000000000003,0.168,0
660,The Sweet,The Ballroom Blitz,,0.25226284575251445,0.05761353616969835,315.44916376734903,0.58,0.0,3
661,Joan Osborne,One of Us,,0.2429720954091268,0.05549165024806907,306.52765955206263,0.29000000000000004,0.1,0
662,The Police,Spirits in the Material World,,0.20950645325114614,0.04784853507128017,273.2955454107978,0.36,0.30400000000000005,0
663,Kiss,God Gave Rock 'N' Roll to You II,,0.19836787424401772,0.04530462923928215,264.0059453441018,0.45999999999999996,0.22400000000000003,0
664,Ghost,If You Have Ghosts,,0.22725028682971132,0.05190099469773938,293.2580936636284,0.32,0.336,0
665,Dick Dale,Misirlou,,0.2463156691049796,0.056255278770087146,312.4561839738915,0.43000000000000005,0.13599999999999998,0
666,AC/DC,It's a Long Way to the Top (If You Wanna Wanna Rock 'N' Roll),,0.20904594211535668,0.047743360348069495,275.2800837575154,0.32,0.576,0
667,The Monkees,I'm a Believer,,0.23504234872617635,0.05368059977025546,301.6768670304016,0.51,0.10400000000000001,0
668,Jimi Hendrix,Hey Joe,,0.1291631154081471,0.02949916702620101,195.96009062997157,0.26,0.48,0
669,Pink Floyd,Shine On You Crazy Diamond,,0.22186528386920537,0.050671130419020285,288.99922644449896,0.29000000000000004,0.72,0
670,Stevie Ray Vaughan & Double Trouble,Pride and Joy,,0.24227531401867902,0.05533251448742551,309.780306698629,0.41000000000000003,0.144,0
671,The Waterboys,The Whole of the Moon,,0.23575381149276806,0.053843088565282526,303.5402731740146,0.35000000000000003,0.168,0
672,Eagles,Take It Easy,,0.22414751017264684,0.05119236107147141,292.8141876729546,0.35000000000000003,0.168,0
673,Supertramp,Goodbye Stranger,,0.23172370403066184,0.05292266470602098,300.46771829710167,0.42,0.256,0
674,ZZ Top,La Grange,,0.21982369926632347,0.05020485918509854,288.97223505525915,0.38,0.288,0
675,The Rolling Stones,She's So Cold,,0.18956188282254977,0.04329345591822744,259.52561146378156,0.3,0.35200000000000004,0
676,The Cult,Rain,,0.20985022756114194,0.04792704862956527,280.93644250859023,0.37,0.56,0
677,Whitesnake,The Deeper the Love,,0.24572115779515466,0.056119500158894046,317.4863374598502,0.37,0.408,0
678,Scorpions,Send Me an Angel,,0.25914681836414255,0.05918574552089369,331.13950059698226,0.31,0.18400000000000002,0
679,The Sweet,Love Is Like Oxygen,,0.23826954720633614,0.05441764971436769,311.40181930471346,0.35,0.432,0
680,Ramones,Rock ’n’ Roll High School,,0.24157346479386718,0.05517222129966435,314.78561970640607,0.45,0.128,0
681,The Jesus and Mary Chain,Head On,,0.23576498092225157,0.053845639516960024,309.34782346149206,0.38,0.0,1
682,Aerosmith,Falling in Love (Is Hard on the Knees),,0.20903892484626763,0.04774175769554543,282.7233299506416,0.36,0.30400000000000005,0
683,Led Zeppelin,Tangerine,,0.20058212745932244,0.04581033572700641,275.3386163528051,0.42,0.256,0
684,Imagine Dragons,Believer,,0.24997154321580795,0.05709023262422194,324.761041721357,0.42,0.0,2
685,"Crosby, Stills & Nash",Ohio,,0.22554986163672003,0.051512639813102966,300.3457871012839,0.39,0.15200000000000002,0
686,Motörhead,Louie Louie,,0.20762183566360776,0.047418113051653,282.65054804021577,0.4,0.27199999999999996,0
687,Los Lobos,La Bamba,,0.25691901749201024,0.05867694492545681,332.3381959563092,0.38,0.0,1
688,Rainbow,Man on the Silver Mountain,,0.22280453477232445,0.0508856430465848,298.28899958144007,0.42,0.256,0
689,Bad Company,Feel Like Makin' Love,,0.218171728889269,0.04982757074697844,293.93218187763034,0.27,0.64,0
690,Elton John,Rocket Man,,0.16824613680700262,0.03842521818631964,245.107349587665,0.35000000000000003,0.168,0
691,ZZ Top,Legs,,0.15886398182242373,0.03628245663956354,235.73473291378406,0.42,0.256,0
692,Blur,Song 2,,0.21562419874209696,0.049245748164902736,292.8637034590054,0.35000000000000003,0.168,0
693,INXS,Never Tear Us Apart,,0.2315085500607212,0.05287352635196709,309.1053324632849,0.5800000000000001,0.0,1
694,RPM,Louras Geladas,,0.103139017648481,0.023555603307621405,180.84633112476826,0.29000000000000004,0.1,0
695,Blue Öyster Cult,Joan Crawford,,0.222910926993805,0.05090994163911894,300.7203078815449,0.36,0.30400000000000005,0
696,John Lennon,Stand by Me,,0.22807260547170055,0.05208880152550244,305.93911897572576,0.35000000000000003,0.168,0
697,Robert Plant,I Believe,,0.16203145001802408,0.03700586496752882,240.22710816615773,0.24,0.7040000000000001,0
698,Stone Temple Pilots,Interstate Love Song,,0.26253961952204286,0.059960616951699054,340.8730933863932,0.38,0.0,1
699,Dead Kennedys,California Über Alles,,0.2111521438872015,0.04822438929865032,290.29983462553173,0.33,0.17600000000000002,0
700,Oasis,Little by Little,,0.22870902448136718,0.052234151307485335,307.90220967647724,0.38,0.0,1
701,Prince and the Revolution,Let's Go Crazy,,0.29465743862182053,0.06729590696191423,374.6339073064821,0.29000000000000004,0.1,0
702,Bruce Springsteen,Because the Night,,0.23674464141933296,0.05406938116751603,316.93298937042033,0.33,0.17600000000000002,0
703,Led Zeppelin,Misty Mountain Hop,,0.20144493190833523,0.04600738898382784,281.83871525933625,0.35,0.6,0
704,Ten Years After,I'd Love to Change the World,,0.25048530655768386,0.057207569455143416,330.9840461372826,0.41000000000000003,0.144,0
705,Dexys Midnight Runners,Come On Eileen,,0.22510404595978242,0.0514108213405822,305.90877738430044,0.45,0.128,0
706,Aerosmith,Mia,,0.17761183563221974,0.040564221361406784,258.65549525797155,0.32,0.336,0
707,Whitesnake,Too Many Tears,,0.22359758369595115,0.05106676505331317,305.7384402707013,0.37,0.408,0
708,Silverchair,Freak,,0.2428830668067971,0.055471317279156586,325.418833447652,0.33,0.17600000000000002,0
709,The Jimi Hendrix Experience,All Along the Watchtower,,0.17328560243439287,0.039576166255320816,255.896982793014,0.4,0.44800000000000006,0
710,Van Halen,5150,,0.22000201407059483,0.05024558395530731,302.6825741913759,0.22,0.7360000000000001,0
711,David Bowie,Ashes to Ashes,,0.2626550040751995,0.0599869692752324,345.92679086249757,0.4,0.0,1
712,Ugly Kid Joe,Everything About You,,0.21537605409616684,0.04918907517173576,298.663881108621,0.33,0.17600000000000002,0
713,The Who,I Can't Explain,,0.14433510339543423,0.032964250741023424,228.0195862813798,0.48,0.20800000000000002,0
714,The Smiths,How Soon Is Now?,,0.2201808809904015,0.0502864348214866,304.185178987888,0.45,0.128,0
715,Little Richard,Tutti Frutti,,0.19620387194576763,0.04481039940408932,280.31784460681496,0.33,0.17600000000000002,0
716,Ozzy Osbourne,Perry Mason,,0.2212521511308172,0.05053109891697892,305.5515475267337,0.42,0.256,0
717,Pearl Jam,Sirens,,0.1650013049275528,0.03768414100432876,249.31651382780572,0.28,0.6400000000000001,0
718,The Pretenders,Middle of the Road,,0.21238395303962804,0.04850571840577979,297.1227051472542,0.45,0.128,0
719,Soul Asylum,Runaway Train,,0.19868323026095883,0.045376652430942306,283.5976009773087,0.31,0.18400000000000002,0
720,Saxon,Ride Like the Wind,,0.16154463897504437,0.036894683689331256,246.4647609191738,0.33,0.17600000000000002,0
721,Led Zeppelin,Fool in the Rain,,0.21099952616336523,0.04818953340567826,296.9289687160984,0.35,0.432,0
722,Deep Purple,Sometimes I Feel Like Screaming,,0.19525300489379563,0.044593233799983235,282.04737116506845,0.36,0.512,0
723,David Bowie,Absolute Beginners,,0.22476598730782973,0.05133361316387407,311.76446576220485,0.38,0.288,0
724,Joan Jett & the Blackhearts,I Hate Myself for Loving You,,0.24473446488404027,0.05589415239690677,332.8080957635049,0.27,0.76,0
725,Ghost,He Is,,0.23496953087145958,0.05366396912417673,323.1387014948283,0.42000000000000004,0.0,1
726,The Beatles,Get Back,,0.18645297441742192,0.042583421880861366,275.91898182000784,0.41000000000000003,0.36,0
727,"Emerson, Lake & Palmer",From the Beginning,,0.2051350837521856,0.0468501714240764,295.106931325981,0.35,0.432,0
728,The Smashing Pumpkins,Disarm,,0.23153392483211122,0.052879321618031404,322.3818102833995,0.38,0.0,1
729,Morrissey,Suedehead,,0.17035547812630855,0.03890696416849767,261.43865497666906,0.36,0.512,0
730,Titãs,Polícia,,0.12349043291518691,0.028203600503067396,214.92475475085786,0.29000000000000004,0.1,0
731,Coldplay,Yellow,,0.21984550689419363,0.05020983976221573,311.5245040031726,0.35000000000000003,0.168,0
732,Yes,The Calling,,0.17377589750375763,0.039688143239598496,266.85904349323437,0.29,0.504,0
733,The Clash,Lost in the Supermarket,,0.2004294162559254,0.04577545848452471,294.6144115225076,0.38,0.288,0
734,The Runaways,Cherry Bomb,,0.2252430166114241,0.05144256042067146,319.8871709338662,0.29000000000000004,0.1,0
735,George Thorogood & The Destroyers,Who Do You Love?,,0.19045419707886838,0.04349724882925955,285.43798510468406,0.33999999999999997,0.32000000000000006,0
736,Queens of the Stone Age,No One Knows,,0.22347722141532106,0.05103927588189809,318.5302302927029,0.37,0.16000000000000003,0
737,Joe Satriani,Summer Song,,0.21633085745186276,0.04940713977615358,311.4370681936655,0.41000000000000003,0.144,0
738,Aerosmith,The Other Side,,0.22191316217377194,0.05068206519787629,317.36452410321294,0.3,0.35200000000000004,0
739,Ramones,Ramona,,0.19371366173253152,0.04424166794558835,289.1662643126832,0.36,0.30400000000000005,0
740,CPM 22,Um Minuto para o Fim do Mundo,,0.12349043291518691,0.028203600503067396,219.829571032422,0.29000000000000004,0.1,0
741,Raul Seixas,Eu Nasci Há 10 Mil Anos Atrás,,0.103139017648481,0.023555603307621405,199.56675369418176,0.29000000000000004,0.1,0
742,The Cure,The Caterpillar,,0.1930307563466403,0.044085701282986264,290.1350860913537,0.33999999999999997,0.32000000000000006,0
743,The Beatles,All You Need Is Love,,0.20466904367529185,0.04674373396299667,301.8060572257402,0.42,0.256,0
744,Nenhum de Nós,"Camila, Camila",,0.103139017648481,0.023555603307621405,201.1157769861072,0.29000000000000004,0.1,0
745,Alice in Chains,I Stay Away,,0.22447553257615763,0.05126727710023801,322.71226263634486,0.35000000000000003,0.168,0
746,Lenny Kravitz,Fly Away,,0.2131405508050095,0.048678515444486314,312.0981448047236,0.37,0.16000000000000003,0
747,Def Leppard,Pour Some Sugar on Me,,0.21547270172062655,0.049211148225700226,314.7884800489972,0.35000000000000003,0.168,0
748,AC/DC,Shoot to Thrill,,0.2199412270560639,0.05023170099584937,319.33995752888245,0.35000000000000003,0.168,0
749,Kiss,Shout It Out Loud,,0.21028173384718482,0.04802559902427053,309.9745154792977,0.43000000000000005,0.13599999999999998,0
750,Midnight Oil,Back on the Borderline,,0.14564197640853987,0.03326272345263167,245.65106259856165,0.27999999999999997,0.36800000000000005,0
751,Big Brother and the Holding Company,Summertime,,0.14470309590678393,0.03304829541989628,244.94225907076373,0.32,0.48,0
752,Tommy James & the Shondells,Crimson and Clover,,0.21889892148136467,0.04999365202851659,320.58145345404574,0.44,0.24,0
753,U2,Bad,,0.17332026320541064,0.03958408232230541,275.3516868272208,0.42,0.256,0
754,Oasis,Don't Go Away,,0.20035328958035303,0.04575807214701835,302.5039461877155,0.24,0.7040000000000001,0
755,James,Born of Frustration,,0.20726199577300478,0.04733593032478051,309.50048061776886,0.39,0.15200000000000002,0
756,Ronnie James Dio feat. Yngwie Malmsteen,Dream On,,0.19472124938869026,0.044471787794189414,297.9896066811063,0.32,0.336,0
757,The Clash,Police and Thieves,,0.192413096884871,0.04394463593650193,296.2372302334948,0.36,0.30400000000000005,0
758,Legião Urbana,Faroeste Caboclo,,0.2654340053991319,0.060621656848086854,369.98013113738654,0.29000000000000004,0.1,0
759,The Black Crowes,Jealous Again,,0.2654340053991319,0.060621656848086854,370.37765667013315,0.29000000000000004,0.1,0
760,Collective Soul,December,,0.21783616029967257,0.04975093126796021,323.0326368694863,0.37,0.16000000000000003,0
761,Bliss,I Hear You Call,,0.2097527389426668,0.047904783503561886,314.99292903109637,0.45,0.128,0
762,Volbeat,Becoming,,0.11641086211312397,0.026586719082207076,221.80226193528688,0.36,0.0,1
763,Def Leppard,Rock of Ages,,0.18591578158670996,0.04246073406098048,291.3339152189732,0.27,0.528,0
764,Def Leppard,Let's Get Rocked,,0.1848466078344763,0.04221654875314312,291.4559539488025,0.32,0.336,0
765,a-ha,Take On Me,,0.20927366701806135,0.04779536973882849,317.2418215396694,0.33,0.17600000000000002,0
766,Kaiser Chiefs,Everyday I Love You Less and Less,,0.2654340053991319,0.060621656848086854,374.56705406944513,0.29000000000000004,0.1,0
767,Dio,My Eyes,,0.11519238884463223,0.026308435716630003,224.63823787541108,0.27999999999999997,0.36800000000000005,0
768,Sheryl Crow,All I Wanna Do,,0.23427686874730214,0.05350577415010323,344.14761183234367,0.42,0.0,2
769,Blue Öyster Cult,(Don't Fear) The Reaper,,0.20154215906008907,0.046029594394250195,311.95290537486176,0.44,0.24,0
770,Mötley Crüe,Girls Girls Girls,,0.15505330608094153,0.03541214811668948,265.6555670038202,0.39,0.15200000000000002,0
771,Yes,Changes,,0.178937034630463,0.04086687948844718,290.0497669062021,0.4,0.27199999999999996,0
772,Thin Lizzy,Wild One,,0.20388285472331238,0.04656417868411298,315.0679520851657,0.32,0.336,0
773,Alice Cooper,You and Me,,0.1939382069644011,0.044292951141096035,305.4577837439663,0.36,0.30400000000000005,0
774,The Clash,Spanish Bombs,,0.19005633319371779,0.04340638191911524,301.86618123678045,0.36,0.30400000000000005,0
775,Tokyo,Garota de Berlim,,0.23693716497480283,0.05411335103074934,349.3961983725378,0.29000000000000004,0.1,0
776,Alice in Chains,No Excuses,,0.23315488552126276,0.05324952784882019,345.86277206912496,0.45999999999999996,0.22400000000000003,0
777,Jet,Are You Gonna Be My Girl,,0.1967573748242187,0.04493681222565464,309.9405381482462,0.37,0.16000000000000003,0
778,Pink Floyd,The Great Gig in the Sky,,0.19406457841712327,0.044321812728859815,307.30501227696254,0.35,0.432,0
779,Social Distortion,Bad Luck,,0.20767469792350515,0.04743018610075195,321.10084313415314,0.42000000000000004,0.0,1
780,The Smiths,This Charming Man,,0.17252861212983064,0.03940327956579701,286.1021538165812,0.32,0.576,0
781,The Allman Brothers Band,Midnight Rider,,0.2150108004705027,0.04910565601854838,329.7045550759149,0.37,0.16000000000000003,0
782,Fleetwood Mac,Hold Me,,0.21080027659293116,0.04814402740855547,325.64598413197206,0.38,0.0,1
783,Mötley Crüe,Dr. Feelgood,,0.14285147816715205,0.03262541013412815,257.86517398975377,0.44000000000000006,0.0,1
784,Guns N' Roses,Estranged,,0.15035048747826918,0.03433808582719003,265.3904279405575,0.29000000000000004,0.72,0
785,Whitesnake,Now You're Gone,,0.21212490238185278,0.0484465546220803,327.23552922201577,0.3,0.35200000000000004,0
786,Genesis,Turn It On Again,,0.16274481850852815,0.03716878900498419,278.0061712644175,0.3,0.35200000000000004,0
787,Badfinger,No Matter What,,0.1805871764300759,0.04124375030338439,296.68250394705825,0.6,0.11200000000000002,0
788,Santana,Oye Como Va,,0.20254852999250533,0.04625943635905456,319.2479690267441,0.35,0.432,0
789,Def Leppard,Hysteria,,0.18063174611604668,0.041253929437006266,297.7852597269859,0.32999999999999996,0.45599999999999996,0
790,Volbeat,Lola Montez,,0.13936866018645558,0.03182998003777464,256.69507346853567,0.29000000000000004,0.1,0
791,John Mellencamp,I Need a Lover‎,,0.16511260939951575,0.03770956149065585,283.6618951707112,0.32999999999999996,0.45599999999999996,0
792,Bon Jovi,Always,,0.21857153985741776,0.049918882345425554,337.70718212803956,0.4,0.27199999999999996,0
793,The Stooges,I Wanna Be Your Dog,,0.17548045900600379,0.04007744280319527,294.64482339850093,0.29000000000000004,0.1,0
794,The Beatles,Revolution,,0.13158479182971605,0.030052246262618758,251.20530441725217,0.34,0.43999999999999995,0
795,The Struts,Primadonna Like Me,,0.21952893537919937,0.050137538966690286,339.3200715636031,0.38,0.0,1
796,Rush,Xanadu,,0.2097590102061986,0.04790621577816912,330.2110605386406,0.38,0.288,0
797,Red Hot Chili Peppers,Breaking the Girl,,0.1888745882314095,0.04313648681852599,309.41582615925387,0.3,0.35200000000000004,0
798,Alter Bridge,Broken Wings,,0.18779633407510282,0.04289022766510532,308.4652427155474,0.31,0.18400000000000002,0
799,The Church,Under the Milky Way,,0.2006971312234824,0.045836601083310925,322.1044347038693,0.35000000000000003,0.168,0
800,Yes,I Am Waiting,,0.1549276050985823,0.03538343965559163,276.7573959036103,0.26,0.2,0
801,Bob Dylan,Jokerman,,0.17414688074142312,0.0397728709612645,296.22611175173864,0.3,0.52,0
802,Alice Cooper,Billion Dollar Babies,,0.1729094729403751,0.03949026319598031,295.32858050761365,0.3,0.64,0
803,David Bowie,Sound and Vision,,0.16882618946892725,0.038557694631348366,291.67998017569835,0.42,0.256,0
804,The Who,Substitute,,0.16409648095925805,0.03747749103861917,287.00610304415227,0.42,0.256,0
805,Metallica,Whiskey in the Jar,,0.17531890466542935,0.040040545903787465,298.62355510339114,0.27,0.528,0
806,Fine Young Cannibals,She Drives Me Crazy,,0.15503006435076563,0.0354068400093535,279.3827956443636,0.26,0.672,0
807,Alanis Morissette,You Oughta Know,,0.11981372737816205,0.027363889023515914,244.8946547916764,0.29000000000000004,0.1,0
808,Men at Work,Who Can It Be Now?,,0.13812403909300444,0.031545724850804036,263.6059895052195,0.24,0.7040000000000001,0
809,Steely Dan,Do It Again,,0.16834787050552563,0.03844845283311056,295.3350120640938,0.39,0.15200000000000002,0
810,Big Country,In a Big Country,,0.22745784303141028,0.05194839782085153,354.5777339939985,0.43,0.336,0
811,The Beatles,Please Please Me,,0.15590702585717459,0.0356071265530108,283.1003609861984,0.27,0.528,0
812,Bon Jovi,Misunderstood,,0.1549276050985823,0.03538343965559163,282.1743675219678,0.26,0.2,0
813,Yes,Soon,versão single,0.20939198545211174,0.047822392122403724,336.6571566714702,0.3,0.35200000000000004,0
814,Ramones,Surfin' Bird,,0.162122195807611,0.03702659011956228,289.54683405448645,0.42,0.256,0
815,Peter Frampton,I'm in You,,0.17693767087246007,0.04041025094354805,304.53749087168575,0.32,0.336,0
816,Queen,I Want It All,,0.12352061021696352,0.02821049260428914,251.76593724548403,0.39,0.52,0
817,Deep Purple,Child in Time,,0.19366178660174538,0.0442298203438738,322.0431523361587,0.37,0.408,0
818,Charlie Brown Jr.,Confisco,,0.13125446457003304,0.02997680383483351,260.67752039318015,0.29000000000000004,0.1,0
819,Skid Row,Wasted Time,,0.18999414487001096,0.04339217891896067,320.2455000494896,0.35000000000000003,0.168,0
820,Alabama Shakes,Hold On,,0.1901603404118532,0.04343013580806421,320.5788151349612,0.33,0.17600000000000002,0
821,The Who,Magic Bus,,0.1766630924789188,0.04034754082799171,307.45715943300024,0.38,0.288,0
822,Raul Seixas,Metamorfose Ambulante,,0.1195212357794463,0.027297087766074795,251.20167506307166,0.29000000000000004,0.1,0
823,Queen,A Kind of Magic,,0.10995268800975806,0.025111756543888954,241.63339440516407,0.32,0.6,0
824,Creedence Clearwater Revival,Bad Moon Rising,,0.16964908715873608,0.03874563370606361,301.5942308430982,0.33999999999999997,0.32000000000000006,0
825,Deep Purple,Strange Kind of Woman,,0.12914286537035954,0.02949454218229651,261.40197934734925,0.36,0.30400000000000005,0
826,Coverdale and Page,Shake My Tree,,0.19798570620939285,0.045217347056208064,330.46765588264384,0.35,0.432,0
827,The Rolling Stones,Angie,,0.1036086852789326,0.023662869254511207,236.29334352603485,0.5800000000000001,0.0,1
828,Red Hot Chili Peppers,Can't Stop,,0.177601266425469,0.040561807492754814,310.46364210494033,0.26,0.672,0
829,Queen,Tie Your Mother Down,,0.12646268552285453,0.028882424142777457,260.01848515740136,0.28,0.6400000000000001,0
830,The Cult,Sweet Soul Sister,,0.13048842914210776,0.029801851357379335,265.413347188065,0.32999999999999996,0.45599999999999996,0
831,Scorpions,Rock You Like a Hurricane,versão 2011,0.14578909368193446,0.03329632311462954,281.44119111774353,0.29000000000000004,0.1,0
832,Collective Soul,Shine,,0.1528620754098729,0.03491169967709796,288.5681109078183,0.51,0.10400000000000001,0
833,Audioslave,Be Yourself,,0.19766853478525406,0.04514490924927655,334.06584726150174,0.26,0.672,0
834,Van Halen,Love Walks In,,0.1900049322712963,0.043394642620391916,327.55680050462456,0.38,0.48,0
835,Legião Urbana,Tempo Perdido,,0.1195212357794463,0.027297087766074795,257.3183857793183,0.29000000000000004,0.1,0
836,The Beatles,Don't Let Me Down,,0.13223080360399364,0.030199786906633795,270.0373445728363,0.37,0.408,0
837,The Hollies,"He Ain't Heavy, He's My Brother",,0.15830969981572518,0.03615586587529194,296.9510214460662,0.33999999999999997,0.32000000000000006,0
838,The Alan Parsons Project,Eye in the Sky,,0.20572592384228683,0.04698511157667799,344.39201981835214,0.45999999999999996,0.22400000000000003,0
839,The Who,The Song Is Over,,0.16622449150399768,0.037963500827825854,305.18009938328856,0.29,0.504,0
840,Blondie,Maria,,0.13710696133808173,0.03131343758770814,276.16971197637423,0.32999999999999996,0.45599999999999996,0
841,The Doors,The End,,0.048710592550869514,0.011124862551222477,189.27478448802543,0.12,0.76,0
842,Red Hot Chili Peppers,Aeroplane,,0.1791513838851097,0.04091583405604787,320.15647683748386,0.33999999999999997,0.32000000000000006,0
843,Blink-182,All the Small Things,,0.10597825033232414,0.024204046935682535,247.09694430001397,0.29000000000000004,0.1,0
844,Greta Van Fleet,When the Curtain Falls,,0.15415123528686012,0.03520612693997833,295.63825396742317,0.24,0.7040000000000001,0
845,Capital Inicial,O Passageiro,,0.17747389707206618,0.040532717997521006,319.31043305977,0.29000000000000004,0.1,0
846,The Sweet,Fox on the Run,,0.16836733887112787,0.03845289915330664,310.2703172364864,0.29,0.504,0
847,Plebe Rude,Até Quando Esperar,,0.1256995171293043,0.02870812645849416,267.64406675295174,0.29000000000000004,0.1,0
848,Lindsey Buckingham,Trouble,,0.07171369094542522,0.016378469507952274,213.92730365036823,0.22,0.7360000000000001,0
849,3 Doors Down,Kryptonite,,0.16026465250629066,0.03660235151296861,302.51266558962806,0.31,0.18400000000000002,0
850,Toy Dolls,Nellie the Elephant,,0.1444317627720965,0.03298632647903732,286.9506897931103,0.31,0.18400000000000002,0
851,Gorilla,Clint Eastwood,,0.22883169250053545,0.052262167079439925,372.00660418775215,0.36,0.0,1
852,Metallica,The Unforgiven II,,0.15034936434380697,0.034337829317961456,293.72873430648355,0.32999999999999996,0.45599999999999996,0
853,Van Halen,I'll Wait,,0.15811936500941892,0.03611239589375437,303.0504440673956,0.32,0.336,0
854,Faith No More,We Care a Lot,,0.1616604152949704,0.03692112548727322,306.6162051248333,0.29000000000000004,0.72,0
855,Mr. Big,Take Cover,,0.197026084720168,0.04499818205307908,342.0539443579671,0.33,0.17600000000000002,0
856,Rainbow,Since You Been Gone,,0.15330277249544547,0.035012349130265644,298.4804983387582,0.32999999999999996,0.45599999999999996,0
857,Aerosmith,Jaded,,0.18310704186253787,0.04181925462627762,328.56622738805476,0.28,0.6400000000000001,0
858,Oingo Boingo,Dead Man's Party,,0.15553984976086743,0.03552326833266077,302.21340237360846,0.31,0.48,0
859,Aerosmith,Deuces Are Wild,,0.14089063396075469,0.03217757895125451,288.3783363097147,0.38,0.0,1
860,Huey Lewis and the News,The Power of Love,,0.12749760384970593,0.02911878595927433,275.62155810445586,0.3,0.6080000000000001,0
861,Bachman–Turner Overdrive,You Ain't Seen Nothing Yet,,0.19734625855846624,0.045071305572154434,345.79913379869066,0.39,0.384,0
862,The Beatles,Here Comes the Sun,,0.15147363628570137,0.03459459833202569,299.98504358502527,0.27,0.76,0
863,David Coverdale,Cry for Love,,0.13666408273195468,0.031212289903764547,285.51969692374894,0.27,0.528,0
864,Lenny Kravitz,Are You Gonna Go My Way,,0.16067359232533707,0.03669574802162044,309.553574781374,0.26,0.672,0
865,Pearl Jam,Soldier of Love (Lay Down Your Arms),,0.16959929413988264,0.038734261631495306,318.5861533454227,0.28,0.6400000000000001,0
866,Van Halen,Unchained,,0.1755103249121615,0.04008426378572849,324.900569667361,0.26,0.672,0
867,Aerosmith,Dude (Looks Like a Lady),,0.1288908223754457,0.029436978857184274,278.4256924604373,0.36,0.30400000000000005,0
868,Alice in Chains,Voices,,0.10005121443199728,0.022850389419436196,250.1297354915006,0.27999999999999997,0.36800000000000005,0
869,AC/DC,Rock 'N Roll Train,,0.11430837502770731,0.026106538517444815,264.83607363390735,0.32999999999999996,0.45599999999999996,0
870,Guns N' Roses,Live and Let Die,,0.15445398833927,0.0352752717792965,305.164625986402,0.28,0.6400000000000001,0
871,Bad Company,Can't Get Enough,,0.1593843102004357,0.036401292838914606,310.44838395022236,0.32,0.6,0
872,Red Hot Chili Peppers,Scar Tissue,,0.148928382290066,0.034013295593205116,300.10625338227146,0.27,0.76,0
873,T. Rex,Light of Love,,0.19822615697510718,0.04527226286771486,349.7497085956295,0.27,0.528,0
874,Brian Setzer,Summertime Blues,,0.16909650093238476,0.038619430235854596,320.67293485747575,0.32,0.336,0
875,Weezer,Buddy Holly,,0.1699811105548613,0.03882146350923888,321.7369275431897,0.31,0.18400000000000002,0
876,Raul Seixas,Meu Amigo Pedro,,0.179953553137843,0.0410990390267153,331.9135870367944,0.29000000000000004,0.1,0
877,Megadeth,A Tout le Monde,,0.12451055950740841,0.028436584080745276,276.9455261774442,0.31,0.18400000000000002,0
878,Hoodoo Gurus,Come Anytime,,0.1602391837725929,0.03659653478714157,312.67464456199144,0.26,0.672,0
879,Bon Jovi,Blood on Blood,,0.13536537643976093,0.030915682364450074,287.8264043258256,0.33999999999999997,0.32000000000000006,0
880,Queen,One Vision,,0.09526283867247916,0.021756786993791022,247.94468013237307,0.2,0.84,0
881,Papa Roach,Last Resort,,0.18109212678449982,0.041359074363182896,334.22433241002307,0.29000000000000004,0.1,0
882,Boston,Peace of Mind,,0.20201435100144044,0.04613743686074951,355.4665728670863,0.3,0.35200000000000004,0
883,Live,Operation Spirit,,0.16997022000438836,0.03881897624988165,323.5959471962376,0.36,0.30400000000000005,0
884,Ramones,Substitute,,0.14215192053971282,0.03246564031724913,295.843538126951,0.27999999999999997,0.36800000000000005,0
885,Queen,Fat Bottomed Girls,,0.13234149871507989,0.030225068222902756,286.4638286326551,0.38,0.48,0
886,Iron Maiden,Run to the Hills,,0.11412498613509624,0.026064654891792174,268.30746659338456,0.32999999999999996,0.64,0
887,Pearl Jam,Last Kiss,,0.1439435911103521,0.03287483445330109,298.2761908644614,0.33999999999999997,0.32000000000000006,0
888,Måneskin,Gossip,,0.17004588352277053,0.03883625680834056,324.5191523591117,0.29000000000000004,0.1,0
889,The Who,The Seeker,,0.13686533626769842,0.03125825358036648,291.9401487087322,0.22,0.7360000000000001,0
890,Whitesnake,Looking For Love,,0.16698357009162715,0.03813686445390235,322.11254569223996,0.32999999999999996,0.45599999999999996,0
891,Foreigner,Cold as Ice,,0.15061438638570834,0.0343983568877322,305.8995263585999,0.31,0.18400000000000002,0
892,Florence + the Machine,Ship to Wreck,,0.09273228707884784,0.02117884209138554,248.18325603409278,0.36,0.0,1
893,The Cult,Fire Woman,,0.1497023587201576,0.034190061691742366,305.20373022558454,0.33999999999999997,0.5439999999999999,0
894,Dire Straits,Romeo and Juliet,,0.13031891479899368,0.02976313649745158,286.01575748740356,0.19,0.92,0
895,Garbage,Only Happy When It Rains,,0.11563227357607428,0.026408899638734086,271.81688252373334,0.31,0.18400000000000002,0
896,Van Halen,Dance the Night Away,,0.1349995110148663,0.030832123484316413,291.54769054888743,0.48,0.20800000000000002,0
897,Red Hot Chili Peppers,Around the World,,0.15054469984921082,0.034382441393799416,307.1460818383237,0.27999999999999997,0.36800000000000005,0
898,Green Day,She,,0.14493060459745605,0.03310025543065354,302.1840668611617,0.26,0.672,0
899,Peter Gabriel,Solsbury Hill,,0.1367744904728232,0.031237505588432527,294.2583896825913,0.27999999999999997,0.36800000000000005,0
900,Deep Purple,Space Truckin',,0.1267748794202263,0.028953725147665955,284.4022676391776,0.24,0.76,0
901,Aerosmith,Cryin',,0.12497627420938065,0.028542947230446526,282.6698974359197,0.44999999999999996,0.312,0
902,Phil Collins,In the Air Tonight,,0.11642517094883882,0.02658998703322675,274.37177655204067,0.28,0.6400000000000001,0
903,U2,Desire,,0.15061438638570834,0.0343983568877322,308.88273883632775,0.31,0.18400000000000002,0
904,Ramones,Rockaway Beach,,0.1492708276179964,0.03409150562936009,307.73174709474495,0.3,0.6080000000000001,0
905,Ramones,"Baby, I Love You",,0.13283917095719178,0.030338730056995035,291.3234391212857,0.25,0.552,0
906,Tears for Fears,Break It Down Again,,0.17479983886143682,0.03992199805983697,333.4258409771132,0.24,0.7040000000000001,0
907,Grand Funk Railroad,Heartbreaker,,0.14984499814171273,0.034222638670918494,308.76614888230307,0.29,0.504,0
908,Rita Lee & Tutti Frutti,Agora Só Falta Você,,0.19297290223680233,0.044072488160618706,352.2567167387429,0.29000000000000004,0.1,0
909,Jeff Beck & Rod Stewart,People Get Ready,,0.13885204099826867,0.031711990968889846,298.2149724657102,0.21,0.64,0
910,Deep Purple,Stormbringer,,0.13158252494606545,0.030051728536027642,290.9769537464262,0.19,0.92,0
911,Blondie,Dreaming,,0.1534179845436029,0.035038662055912315,312.9315125496621,0.32,0.336,0
912,Slade,How Does It Feel,,0.15068060825509694,0.03441348109699046,311.2124403074873,0.27999999999999997,0.36800000000000005,0
913,Cake,Never There,,0.1798307455880932,0.04107099138779996,340.40430823688627,0.29000000000000004,0.1,0
914,Kiss,Black Diamond,,0.14850419307309548,0.03391641632142086,309.51391370722473,0.29,0.504,0
915,Savatage,Edge of Thorns,,0.0999894269395547,0.02283627796390236,261.005556882813,0.26,0.2,0
916,Queen,Spread Your Wings,,0.14081919469867193,0.032161263157711215,302.0152622216503,0.17,0.84,0
917,Engenheiros do Hawaii,Infinita Highway,,0.11385052694533469,0.0260019720008208,275.4580565505364,0.29000000000000004,0.1,0
918,Peter Frampton,Do You Feel Like We Do,,0.14276469787764326,0.03260559065047205,304.3985899182301,0.32,0.336,0
919,U2,Angel of Harlem,,0.11360786158518402,0.025946550404895852,275.25119122263635,0.31,0.48,0
920,Rush,YYZ,,0.07598028268488191,0.017352903284631706,237.6623573269953,0.28,0.6400000000000001,0
921,T.S.O.L.,Flowers by the Door,,0.15608657152540828,0.03564813243645763,318.31101438337726,0.3,0.6080000000000001,0
922,Big Country,Look Away,,0.11660234511933068,0.026630451297591645,279.3593989561828,0.31,0.18400000000000002,0
923,The Rolling Stones,Angry,,0.17004588352277053,0.03883625680834056,332.89935098262276,0.29000000000000004,0.1,0
924,Roy Orbison,You Got It,,0.14763686883742946,0.03371833080441443,310.65839349379587,0.32999999999999996,0.64,0
925,Live,Top,,0.1387313632968764,0.03168442975949613,302.02262664589637,0.27,0.528,0
926,Nickelback,How You Remind Me,,0.15061438638570834,0.0343983568877322,314.2298125545065,0.31,0.18400000000000002,0
927,Aerosmith,What It Takes,,0.1479349928708336,0.03378641843630627,312.7288879511686,0.32,0.336,0
928,Kate Bush,Running Up That Hill,,0.11722408829896283,0.02677244931184992,282.5246540371307,0.26,0.2,0
929,Biquini Cavadão,Zé Ninguém,,0.11009698254455051,0.025144711529291406,275.3981020199991,0.29000000000000004,0.1,0
930,Aerosmith,Pink,,0.15720073832845455,0.03590259356891215,322.6124374685296,0.33999999999999997,0.32000000000000006,0
931,Bon Jovi,Bad Medicine,,0.14993701043883287,0.034243653076715654,315.4413822025956,0.3,0.35200000000000004,0
932,R.E.M.,Imitation of Life,,0.12053238273901253,0.027528020513043806,286.60700919506473,0.16,0.92,0
933,Led Zeppelin,Over the Hills and Far Away,,0.09827654751882102,0.022445078696462128,264.736500025922,0.38,0.288,0
934,The Beatles,Blackbird,,0.11923808786357955,0.02723242048364761,285.8190800246342,0.21,0.88,0
935,Queen,Save Me,,0.10833239082853936,0.024741701849638073,274.93053597352133,0.26,0.6,0
936,The Beatles,Oh! Darling,,0.12087558136588278,0.027606402592828868,287.47494677626236,0.16,0.92,0
937,Puddle of Mudd,Blurry,,0.18109212678449982,0.041359074363182896,347.81264351289553,0.29000000000000004,0.1,0
938,The Cult,Big Neon Glitter,,0.16474551163143925,0.03762572115944973,331.73196943986886,0.32,0.336,0
939,Guns N' Roses,Knockin' on Heaven's Door,,0.15040200500648737,0.03434985175715295,317.80482386512426,0.28,0.6400000000000001,0
940,Rush,Manhattan Project,,0.043605574865088356,0.009958943249038553,211.1415,0.02,1.0,0
941,The Commitments,Mustang Sally,,0.11948233392939038,0.027288203092080972,287.231255529389,0.17,0.84,0
942,Os Mutantes,A Minha Menina,,0.19616195863674427,0.044800826952235744,363.96844380311035,0.29000000000000004,0.1,0
943,Plebe Rude,Proteção,,0.19465463191514273,0.044456573234112944,362.60807479106523,0.29000000000000004,0.1,0
944,Raul Seixas,Rockixe,,0.16557972042341457,0.0378162435420312,333.98156163359863,0.29000000000000004,0.1,0
945,Barão Vermelho,"Pedra, Flor e Espinho",,0.12349043291518691,0.028203600503067396,291.94088461453293,0.29000000000000004,0.1,0
946,Steve Miller Band,Jet Airliner,,0.13754052442809642,0.03141245772955222,306.26723977209303,0.27999999999999997,0.36800000000000005,0
947,Queen,Keep Yourself Alive,,0.12327758429515491,0.02815498866079509,292.11928747725784,0.22,0.8,0
948,Charlie Brown Jr.,Zoio D Lula,,0.16460225511539137,0.03759300324395865,333.4828951002699,0.29000000000000004,0.1,0
949,The Cranberries,Linger,,0.14941458449064196,0.03412433781975699,318.8350419151564,0.24,0.7040000000000001,0
950,Os Replicantes,Surfista Calhorda,,0.18109212678449982,0.041359074363182896,351.0527283743071,0.29000000000000004,0.1,0
951,Joy Division,Transmission,,0.13846401371855918,0.031623370610835595,309.0756490952514,0.26,0.672,0
952,Yes,Hold On,,0.14285610230463497,0.03262646622667848,313.58189258863143,0.27,0.76,0
953,Cream,Cross Road Blues,,0.12586254978219052,0.028745360985108187,296.78945532603524,0.27,0.64,0
954,Rod Stewart,Hot Legs,,0.16460225511539137,0.03759300324395865,335.71470055455165,0.29000000000000004,0.1,0
955,Anathema,Untouchable Part 1,,0.14827351624703675,0.03386373274995792,319.9432135998428,0.21,0.88,0
956,Oasis,Supersonic,,0.14857921870890622,0.03393355119583941,320.46852354937505,0.3,0.35200000000000004,0
957,Thin Lizzy,Jailbreak,,0.1454807317092048,0.03322589727123503,317.40441486427966,0.14,0.72,0
958,Urge Overkill,"Girl, You'll Be a Woman Soon",,0.19684625146671114,0.04495711048892684,368.8253313194926,0.29000000000000004,0.1,0
959,Tears for Fears,Sowing the Seeds of Love,,0.144446813553834,0.032989763880829207,316.48954723964397,0.28,0.6400000000000001,0
960,Iggy Pop,Louie Louie,,0.04413666551334138,0.010080237410218884,216.28385539339084,0.22,0.7360000000000001,0
961,Scorpions,Wind of Change,versão 2011,0.14305324319687593,0.03267149062926844,315.25086056532456,0.3,0.35200000000000004,0
962,Detonautas Roque Clube,Outro Lugar,,0.18109212678449982,0.041359074363182896,353.33798390138725,0.29000000000000004,0.1,0
963,Led Zeppelin,Babe I'm Gonna Leave You,,0.08869052792791333,0.020255757138716673,261.2402101945994,0.12,0.76,0
964,The Beatles,A Day in the Life,,0.020761027830717895,0.004741547350253252,193.33525107842354,0.14,0.72,0
965,Chickenfoot,Something Going Wrong,,0.16557972042341457,0.0378162435420312,338.45157091377854,0.29000000000000004,0.1,0
966,Thirty Seconds to Mars,Kings and Queens,,0.12243603368910629,0.027962789503857884,295.3875908821421,0.16,0.92,0
967,The Killers,Miss Atomic Bomb,,0.179953553137843,0.0410990390267153,353.1855687765191,0.29000000000000004,0.1,0
968,David Bowie and Mick Jagger,Dancing in the Street,,0.15497791217490428,0.035394929134165545,328.4521543819672,0.3,0.35200000000000004,0
969,Deep Blue Something,Breakfast at Tiffany's,,0.1172367497795754,0.026775341028499905,290.9490926396273,0.31,0.18400000000000002,0
970,Bon Jovi,Have a Nice Day,,0.10962456628829376,0.02503681783220014,283.34525377659486,0.29000000000000004,0.1,0
971,Alabama Shakes,Always Alright,,0.18944142550777157,0.0432659450422553,364.7496115897458,0.38,0.0,1
972,The Black Keys,Gold on the Ceiling,,0.12774686503079763,0.029175713954475886,303.3592166996121,0.31,0.18400000000000002,0
973,The Darkness,I Believe in a Thing Called Love,,0.11943218437907238,0.027276749590387048,295.4431227572732,0.31,0.18400000000000002,0
974,Live,Selling the Drama,,0.09911533425571992,0.022636646621817247,275.1334973372799,0.21000000000000002,0.76,0
975,David Bowie,The Man Who Sold the World,,0.1504535372430608,0.034361621046311935,327.0573108165509,0.27,0.76,0
976,Nirvana,Sliver,,0.11722408829896283,0.02677244931184992,294.1625870071699,0.26,0.2,0
977,"Emerson, Lake & Palmer",Peter Gunn,,0.12598013489092322,0.028772215886767528,303.03047578159004,0.25,0.552,0
978,Santana,Guajira,,0.1303646130457429,0.02977357337960172,307.5428488019306,0.31,0.48,0
979,Bruce Dickinson,Chemical Wedding,,0.1301735734310962,0.029729942429053056,307.4673379281881,0.27999999999999997,0.36800000000000005,0
980,Keane,Somewhere Only We Know,,0.11885152824871094,0.027144135321056414,296.4966783092868,0.29000000000000004,0.1,0
981,Rush,Here Again,,0.10443488123212276,0.02385156160946497,282.29031847886773,0.31,0.48,0
982,Chubby Checker,The Twist,,0.0776306890923047,0.017729834532533507,255.92428455010295,0.22999999999999998,0.3,0
983,Scorpions,Still Loving You,versão 2011,0.13892080018328257,0.031727694667866915,317.9713645591862,0.25,0.552,0
984,New Order,Bizarre Love Triangle,,0.1326884609376078,0.030304309858735015,311.95161838742393,0.27,0.528,0
985,Yes,Leave It,,0.10369016495348068,0.02368147814700454,282.98639726234455,0.48,0.20800000000000002,0
986,Deep Purple,Fireball,,0.14315038802942529,0.032693677239060644,322.64348740064526,0.25,0.552,0
987,Faith No More,Evidence,,0.09885578427067061,0.022577368798296013,278.5372603706478,0.16,0.92,0
988,Greta Van Fleet,Safari Song,,0.08608608971972569,0.01966093749945686,266.14236363918184,0.19,0.92,0
989,Three Dog Night,Mama Told Me Not to Come,,0.15546927642884734,0.03550715030622359,335.7711193733675,0.38,0.288,0
990,Midnight Oil,Forgotten Years,,0.11454786937379446,0.026161235895211927,295.092429152486,0.26,0.72,0
991,Arctic Monkeys,R U Mine?,,0.18243543451382618,0.04166586828766952,363.148698130897,0.24,0.7040000000000001,0
992,Echo & the Bunnymen,People Are Strange,,0.136841037435656,0.03125270404478354,317.9481996084037,0.25,0.552,0
993,Kiss,We Are One,,0.10065473302806759,0.02298822517705662,281.85251416608435,0.24,0.64,0
994,Kings of Leon,Notion,,0.10046387128559155,0.022944634850186437,281.69595053923746,0.36,0.0,1
995,Matanza,Ela Roubou Meu Caminhão,,0.10453696782927391,0.02387487685368916,285.9823902214211,0.29000000000000004,0.1,0
996,Metallica,The Day That Never Comes,,0.07946086504453546,0.018147822794365,261.1404942239642,0.24,0.64,0
997,Journey,Stone in Love,,0.19616195863674427,0.044800826952235744,378.77747510685987,0.29000000000000004,0.1,0
998,The Doors,Take It as It Comes,,0.06555931108291356,0.014972889602781697,248.45724151538798,0.32999999999999996,0.45599999999999996,0
999,Genesis,That's All,,0.1175288798300556,0.026842059713050495,300.6095204668366,0.19,0.6799999999999999,0
1000,The Strokes,Hard to Explain,,0.19684625146671114,0.04495711048892684,380.0421659322167,0.29000000000000004,0.1,0
1001,The Sisters of Mercy,More,,0.14108883420097912,0.03222284529507517,324.3478200575526,0.3,0.6080000000000001,0
1002,Deep Purple,This Time Around,,0.07944749157774768,0.018144768469380304,262.72732756383425,0.15,0.76,0
1003,Foo Fighters,All My Life,,0.09463293113291488,0.021612924346455883,278.008602423637,0.22,0.7360000000000001,0
1004,Living Colour,Cult of Personality,,0.14975714856758612,0.034202574976634315,333.4662238158526,0.32,0.576,0
1005,Travis,Side,,0.13247715104589317,0.030256049441894795,316.39170936264435,0.31,0.18400000000000002,0
1006,System of a Down,B.Y.O.B.,,0.0463956310713986,0.010596155612509024,230.33864277364557,0.16999999999999998,0.5,0
1007,Guns N' Roses,Hair of the Dog,,0.08054730133162158,0.01839595063949173,264.69412841048864,0.36,0.0,1
1008,AC/DC,Dirty Deeds Done Dirt Cheap,,0.12150868639916261,0.02775099550592821,305.7234361397869,0.26,0.672,0
1009,Ira!,O Girassol,,0.20154486438508631,0.046030212255113195,385.8029253494918,0.29000000000000004,0.1,0
1010,Supertramp,It's Raining Again,,0.1454250561431382,0.03321318169978503,329.8435508544588,0.3,0.6080000000000001,0
1011,The Cardigans,My Favourite Game,,0.19297290223680233,0.044072488160618706,377.7875784603546,0.29000000000000004,0.1,0
1012,Steve Vai,For the Love of God,,0.06974722895778632,0.01592935529728361,254.68594570329438,0.2,0.6,0
1013,The Beatles,Ticket to Ride,,0.11229932039315424,0.025647696703029226,297.40675166142387,0.24,0.76,0
1014,Grand Funk Railroad,Some Kind of Wonderful,,0.0751023062972483,0.01715238495537011,260.7969446627791,0.12,0.76,0
1015,Oasis,Morning Glory,,0.13139434737632846,0.03000875123912121,317.35088317551737,0.32,0.336,0
1016,Oasis,All Around the World,,0.10380323213228004,0.02370730121252943,289.8266972759114,0.31,0.48,0
1017,Amy Winehouse,Valerie,,0.10189298208155001,0.023271025073399235,287.93257454977226,0.29000000000000004,0.1,0
1018,Soundgarden,Outshined,,0.11562445857532304,0.026407114794727016,301.767563337556,0.21,0.88,0
1019,Green Day,Good Riddance (Time of Your Life),,0.13194284863644248,0.030134021756443866,318.2600897258688,0.24,0.7040000000000001,0
1020,The Commitments,In the Midnight Hour,,0.15006967939162988,0.0342739529311701,336.4822541182619,0.26,0.672,0
1021,Iron Maiden,Satellite 15... The Final Frontier,,0.10719585376696306,0.024482131642578852,295.08096417136426,0.09,0.88,0
1022,Pantera,Cemetery Gates,,0.11722408829896283,0.02677244931184992,305.2950806401477,0.26,0.2,0
1023,The Cult,Love,,0.12137183765307942,0.027719741041329106,309.80974079037924,0.25,0.8,0
1024,Echo & the Bunnymen,The Cutter,,0.10607328133767932,0.02422575077497738,294.53847381440505,0.22,0.7360000000000001,0
1025,Audioslave,Original Fire,,0.1352210721914464,0.030882725160606167,323.9718887593537,0.26,0.2,0
1026,AC/DC,Hard as a Rock,,0.11961318183673926,0.027318087043561364,308.43779625934224,0.18,0.88,0
1027,Peter Gabriel,Mercy Street,,0.12835178111965767,0.02931386888118024,317.20421292399993,0.33999999999999997,0.32000000000000006,0
1028,Europe,Carrie,,0.14080580221966946,0.03215820449058523,329.7462554060681,0.3,0.35200000000000004,0
1029,Inocentes,Cala a Boca,,0.10597825033232414,0.024204046935682535,295.06816255074597,0.29000000000000004,0.1,0
1030,Rival Sons,Do Your Worst,,0.10693552769356907,0.024422676570625388,296.5052457566719,0.29000000000000004,0.1,0
1031,Arctic Monkeys,Fake Tales of San Francisco,,0.14852117137034906,0.03392029394255846,338.4283518110772,0.26,0.2,0
1032,Måneskin,Zitti e buoni,,0.20154486438508631,0.046030212255113195,391.5787344842925,0.29000000000000004,0.1,0
1033,The Pretty Reckless,Take Me Down,,0.10693552769356907,0.024422676570625388,297.14998105078956,0.29000000000000004,0.1,0
1034,Rush,Cold Fire,,0.10856162306075987,0.02479405549475335,298.7956083302525,0.24,0.76,0
1035,Guns N' Roses,Yesterdays,,0.12330633718083381,0.028161555444001327,313.659459375906,0.24,0.7040000000000001,0
1036,Dio,Rock & Roll,,0.05721547681026985,0.013067266932796672,247.713137164479,0.22999999999999998,0.3,0
1037,The Cure,Mint Car,,0.10938339472916493,0.024981737400900313,299.91061540299745,0.25,0.552,0
1038,Rush,Freewill,,0.08115872867653534,0.018535592651957932,271.7897053712738,0.13999999999999999,0.84,0
1039,Alice in Chains,Them Bones,,0.10312080826952191,0.023551444523516048,293.7690767106977,0.21,0.88,0
1040,Keane,Everybody's Changing,,0.18769524014603656,0.04286713913329469,378.75884168790844,0.38,0.0,1
1041,Creedence Clearwater Revival,I Heard It Through the Grapevine,,0.08560286047308703,0.019550574256719223,276.8077403156542,0.2,0.72,0
1042,Raul Seixas,Gita,,0.09163014682185484,0.02092712766482808,282.83830283245544,0.29000000000000004,0.1,0
1043,Men at Work,It's a Mistake,,0.08300445484631705,0.01895713238019204,274.4491651880076,0.3,0.6080000000000001,0
1044,Rush,Resist,,0.12666656798961343,0.028928988232855567,318.18625992055746,0.25,0.552,0
1045,Bob Dylan,Knockin' on Heaven's Door,,0.08216914984809683,0.018766359638434798,273.805333267003,0.48,0.20800000000000002,0
1046,Slade,Cum on Feel the Noize,,0.12904020166418437,0.029471095133915704,321.0298855430242,0.12,0.76,0
1047,Keane,Is It Any Wonder?,,0.190924606597365,0.04360468421368023,382.96772824804253,0.29000000000000004,0.1,0
1048,Foo Fighters,Breakout,,0.1352210721914464,0.030882725160606167,327.655075850857,0.26,0.2,0
1049,Titãs,Flores,,0.10453696782927391,0.02387487685368916,297.80297266606823,0.29000000000000004,0.1,0
1050,Aerosmith,Full Circle,,0.1084979631019317,0.024779516392375564,302.0850023228412,0.22,0.8,0
1051,Raimundos,Eu Quero Ver o Oco,,0.06486789043995364,0.014814978166783992,258.6061660423084,0.29000000000000004,0.1,0
1052,AC/DC,Are You Ready,,0.0894230880670367,0.020423064297826695,283.20515205865786,0.16,0.92,0
1053,Guns N' Roses,Used to Love Her,,0.09713998395820624,0.022185502437368936,291.01984707078435,0.21999999999999997,0.6799999999999999,0
1054,Van Halen,Hot for Teacher,,0.0830044293884883,0.01895712656595676,276.97136455944946,0.19,0.92,0
1055,"10,000 Maniacs",More Than This,,0.10597825033232414,0.024204046935682535,300.16098284676053,0.29000000000000004,0.1,0
1056,The Verve,Lucky Man,,0.10824168712680156,0.024720986309919143,302.4558507686943,0.16,0.92,0
1057,Peter Murphy,Indigo Eyes,,0.10693552769356907,0.024422676570625388,301.6788152833127,0.29000000000000004,0.1,0
1058,Nando Reis,Me Diga,,0.1990572051266439,0.045462063401338806,393.87457876394416,0.29000000000000004,0.1,0
1059,Eric Clapton,I Can't Stand It,,0.13050642615740338,0.029805961640400155,325.44764351853877,0.21999999999999997,0.6799999999999999,0
1060,Stray Cats,I Fought the Law,,0.1293717004948457,0.0295468051331966,324.3496183198224,0.27999999999999997,0.36800000000000005,0
1061,Iron Maiden,Reach Out,,0.0713553259911155,0.01629662363724751,267.01994899897386,0.32999999999999996,0.45599999999999996,0
1062,Muse,Starlight,,0.11189023022607193,0.025554265856851482,307.7740769360828,0.42,0.0,2
1063,Sepultura,Bullet the Blue Sky,,0.11818136566020782,0.02699107894679279,314.07087384543536,0.26,0.2,0
1064,Talking Heads,Love For Sale,,0.1352210721914464,0.030882725160606167,331.41571220119374,0.26,0.2,0
1065,Steve Miller Band,The Joker,,0.12041868827631899,0.02750205418407789,316.7318139008266,0.33,0.17600000000000002,0
1066,The Rolling Stones,Bitch,,0.04080329498677125,0.009318939158680229,237.199,0.02,1.0,0
1067,Raul Seixas,Tente Outra Vez,,0.10693552769356907,0.024422676570625388,303.829545444729,0.29000000000000004,0.1,0
1068,Eric Clapton,Layla,acústica,0.08030472673525044,0.018340549772827484,277.9174439499253,0.17,0.84,0
1069,Genesis,Home by the Sea,,0.1119524152316207,0.02556846809918213,309.5829746401721,0.13,0.8,0
1070,Jerry Lee Lewis,Me and Bobby McGee,,0.0028977196469660363,0.0006618012858457545,200.84849999999997,0.02,1.0,0
1071,Meat Loaf,Two Out of Three Ain't Bad,,0.0028977196469660363,0.0006618012858457545,200.84849999999997,0.02,1.0,0
1072,Cat Stevens,Morning Has Broken,,0.1442836548262735,0.03295250056040773,342.4804466570933,0.15999999999999998,0.8,0
1073,The B-52's,Love Shack,,0.12313129221085693,0.02812157746119929,321.469118715765,0.29000000000000004,0.72,0
1074,Golpe de Estado,Caso Sério,,0.1264253513421213,0.02887389750396299,324.8927578782214,0.29000000000000004,0.1,0
1075,No Doubt,Don't Speak,,0.10597825033232414,0.024204046935682535,304.54216534462927,0.29000000000000004,0.1,0
1076,Lou Reed,Perfect Day,,0.09563690611207444,0.021842219106858407,294.6471122455469,0.17,0.72,0
1077,The Rolling Stones,Anybody Seen My Baby?,,0.11838410735264328,0.027037382498928626,317.74183123728517,0.22,0.7360000000000001,0
1078,Green Day,Jesus of Suburbia,,0.12286049998435396,0.02805973205669843,322.27472505890904,0.27999999999999997,0.36800000000000005,0
1079,Creed,My Sacrifice,,0.10453696782927391,0.02387487685368916,304.2096155232111,0.29000000000000004,0.1,0
1080,Van Morrison,Brown Eyed Girl,,0.11346113760479606,0.025913040565879224,313.4849503956234,0.14,0.72,0
1081,The Police,King of Pain,,0.11114564643628715,0.02538421265311405,311.2009966078842,0.18,0.88,0
1082,Elvis Presley,Kiss Me Quick,,0.085319516798745,0.019485862265615408,285.4407311825292,0.29,0.504,0
1083,Depeche Mode,Personal Jesus,,0.08166431152662122,0.018651061165497095,281.90865318307044,0.29000000000000004,0.1,0
1084,Extreme,Rest in Peace,,0.10724400167658424,0.024493127995704814,307.57674977935017,0.18,0.88,0
1085,The Cure,Killing an Arab,,0.12335554227720581,0.02817279324476071,323.74214864049173,0.28,0.6400000000000001,0
1086,The Beatles,I Want to Hold Your Hand,,0.06605290680393935,0.015085620412749754,266.6893470522952,0.21000000000000002,0.76,0
1087,Led Zeppelin,Hey Hey What Can I Do,,0.08931155635308317,0.020397591912399655,290.232168386103,0.21000000000000002,0.76,0
1088,Status Quo,In the Army Now,,0.07045005084269935,0.016089870627896418,272.2632882334348,0.15,0.76,0
1089,The Woolies,Who Do You Love?,,0.015493992028687712,0.0035386252283603273,217.3233744607711,0.02,1.0,0
1090,Heart,Crazy on You,,0.089857338416515,0.020522241400747817,291.85040740614784,0.22,0.7360000000000001,0
1091,INXS,Original Sin,,0.1288955257805856,0.029438053053431213,330.9715807942071,0.24,0.7040000000000001,0
1092,Titãs,Marvin,,0.13235254021657655,0.030227589957500446,334.5186259381037,0.29000000000000004,0.1,0
1093,Gotthard,Anytime Anywhere,,0.08259254985594518,0.01886305866517278,284.8865637259244,0.15,0.76,0
1094,Ramones,We Want the Airwaves,,0.10689108754341707,0.024412527021291118,309.1970069266735,0.11999999999999998,0.88,0
1095,INXS,Beautiful Girl,,0.13339343877121498,0.030465317579845125,335.8365852890935,0.28,0.6400000000000001,0
1096,Charlie Brown Jr.,Lugar ao sol,,0.07124231303387889,0.01627081295521872,274.25525926376537,0.29000000000000004,0.1,0
1097,Procol Harum,A Whiter Shade Of Pale,,0.07228535975525394,0.016509031190763333,275.6747131651706,0.44999999999999996,0.312,0
1098,Linkin Park,Faint,,0.09572723407353868,0.021862848832410863,299.2141230577692,0.22,0.7360000000000001,0
1099,Royal Blood,I Only Lie When I Love You,,0.13235254021657655,0.030227589957500446,336.21786879524655,0.29000000000000004,0.1,0
1100,Red Hot Chili Peppers,Otherside,,0.11688101286677094,0.026694095368118894,321.88677527998993,0.31,0.48,0
1101,Rush,The Trees,,0.004423191774635308,0.0010101991775018399,209.4585,0.02,1.0,0
1102,Barão Vermelho,O Poeta Está Vivo,,0.17162668479733892,0.03919729115383749,376.70985052656687,0.29000000000000004,0.1,0
1103,Camisa de Vênus,Simca Chambord,,0.11124349502478004,0.025406559991563642,316.4827627887782,0.29000000000000004,0.1,0
1104,Metallica,Sad but True,,0.07247567553185884,0.01655249682616589,277.8069329974836,0.3,0.6080000000000001,0
1105,Scorpions,Is There Anybody There?,,0.004423191774635308,0.0010101991775018399,210.0085,0.02,1.0,0
1106,Warrant,Cherry Pie,,0.10693552769356907,0.024422676570625388,312.54603117545474,0.29000000000000004,0.1,0
1107,Bruce Springsteen,Glory Days,,0.10785790053410252,0.024633334469340115,313.79233027689565,0.23000000000000004,0.72,0
1108,Oasis,Stop Crying Your Heart Out,,0.11911290418694179,0.02720383016841386,325.1108123751112,0.18,0.88,0
1109,Foreigner,I Want to Know What Love Is,,0.1268330028600698,0.028966999781485855,332.91793959358523,0.26,0.2,0
1110,Sex Pistols,Anarchy in the U.K.,ao vivo,0.06486789043995364,0.014814978166783992,271.0345202089751,0.29000000000000004,0.1,0
1111,Eddie Vedder,Hard Sun,,0.10597825033232414,0.024204046935682535,312.3608757052385,0.29000000000000004,0.1,0
1112,Peter Frampton,Do You Feel Like We Do,ao vivo,0.11410976309025411,0.026061178147359167,320.783565784679,0.17,0.84,0
1113,Journey,Remember Me,,0.09289469571952928,0.02121593410176963,299.74403772598197,0.25,0.8,0
1114,Dire Straits,So Far Away,,0.06248749446835615,0.014271326845485642,269.4514873065238,0.42,0.41600000000000004,0
1115,Herman's Hermits,There's a Kind of Hush,,0.0028977196469660363,0.0006618012858457545,210.0085,0.02,1.0,0
1116,Ratt,Round and Round,,0.1346516323504379,0.030752672545134616,341.76590725669297,0.29000000000000004,0.1,0
1117,Starship,We Built This City,,0.022956959063773458,0.005243069336752748,230.15016494101852,0.04,0.92,0
1118,Hootie & the Blowfish,Only Wanna Be with You,,0.12778876071655174,0.029185282381405137,335.0338190471398,0.31,0.18400000000000002,0
1119,Thin Lizzy,She Knows,,0.07029006167797698,0.016053331194191882,277.75222894612807,0.15,0.76,0
1120,Poison,Every Rose Has Its Thorn,,0.12204844107687453,0.027874268418173195,329.6147097615921,0.22,0.7360000000000001,0
1121,The Jam,Town Called Malice,,0.09405637938826604,0.021481247465165894,301.7896715308451,0.22,0.7360000000000001,0
1122,"Crosby, Stills, Nash & Young",Carry On,,0.07331768197808139,0.016744800091039683,281.11849691700473,0.13,0.8,0
1123,The Beatles,The Ballad of John and Yoko,,0.09202700204668446,0.021017764210141166,300.1759282254906,0.18,0.88,0
1124,Midnight Oil,The Dead Heart,,0.08255980536680252,0.018855580251917147,290.72702859195596,0.22,0.8,0
1125,Candlebox,Far Behind,,0.07291958117720683,0.016653879072441192,281.1562653049497,0.06,0.88,0
1126,Joe Bonamassa,Driving Towards the Daylight,,0.12916847263546888,0.029500390546886954,337.4386529406209,0.29000000000000004,0.1,0
1127,Blondie,One Way or Another,,0.10597825033232414,0.024204046935682535,314.9671873366007,0.29000000000000004,0.1,0
1128,Green Day,Revolution Radio,,0.11722408829896283,0.02677244931184992,326.574567478844,0.26,0.2,0
1129,Pink Floyd,Young Lust,,0.08007152707104204,0.018287290018111906,289.498212048117,0.19999999999999998,0.4,0
1130,Stone Temple Pilots,Between the Lines,,0.1268330028600698,0.028966999781485855,336.2820778914576,0.26,0.2,0
1131,Gary Moore,Still Got the Blues,ao vivo,0.09318517369685093,0.021282275474408155,302.84231176435276,0.31,0.18400000000000002,0
1132,Tom Petty,Love Is a Long Road,,0.030571176963642824,0.006982057165378382,240.24209595959599,0.02,1.0,0
1133,Rainbow,Ariel,,0.07608785137531558,0.017377470567294915,285.9096007055578,0.15000000000000002,0.88,0
1134,Volbeat,Wait a Minute My Girl,,0.08054730133162158,0.01839595063949173,290.85979546798694,0.36,0.0,1
1135,Cazuza,Exagerado,,0.10597825033232414,0.024204046935682535,316.71958861599126,0.29000000000000004,0.1,0
1136,Gorillaz,Feel Good Inc.,,0.13198873927649307,0.03014450257870891,342.7712629531379,0.29000000000000004,0.1,0
1137,Yes,Sweet Dreams,,0.12760458415748538,0.029143218863031173,338.4946236358283,0.27999999999999997,0.36800000000000005,0
1138,Coldplay,Talk,,0.19565589131082783,0.04468524779075038,406.6850688164157,0.29000000000000004,0.1,0
1139,David Bowie,All the Young Dudes,ao vivo,0.06066729231629139,0.013855616469225838,271.93980315585986,0.11000000000000001,0.7,0
1140,Chuck Berry,Sweet Little Sixteen,,0.008411849932720577,0.0019211565575864872,219.70571428571427,0.02,1.0,0
1141,Jimi Hendrix,Angel,,0.10524862842072033,0.024037410829326904,317.410493307795,0.17,0.72,0
1142,Sugar Ray,Fly,featuring Super Cat,0.13198873927649307,0.03014450257870891,344.20096424809896,0.29000000000000004,0.1,0
1143,The J.B. Pickers,Freedom Of Expression,,0.06010728496679147,0.013727718111505088,272.36751374483526,0.08,0.84,0
1144,Deep Purple,King of Dreams,,0.017854403174428834,0.004077712276692175,230.21571428571428,0.02,1.0,0
1145,Suicidal Tendencies,I'll Hate You Better,,0.10189298208155001,0.023271025073399235,314.7432505261257,0.29000000000000004,0.1,0
1146,Iron Maiden,Heaven Can Wait,,0.08561555111144667,0.01955347263261746,298.5286972725528,0.24,0.76,0
1147,The Hellacopters,By the Grace of God,,0.17162668479733892,0.03919729115383749,384.6226421932336,0.29000000000000004,0.1,0
1148,The Cult,Sweet Salvation,,0.020406345444662893,0.004660542529996121,233.425,0.02,1.0,0
1149,Arc Angels,Sent by Angels,,0.10738605611033651,0.024525571371314246,320.5043781561975,0.22,0.8,0
1150,Slade,My Oh My,,0.07827767388083695,0.01787759740028422,291.7692209597783,0.3,0.35200000000000004,0
1151,INXS,Mystify,,0.09501213580834354,0.021699529737029183,308.7539805197911,0.22,0.7360000000000001,0
1152,Stevie Wonder,Superstition,,0.021052719535880927,0.004808165922463836,235.02683771738143,0.06,0.88,0
1153,INXS,Need You Tonight,,0.10934559182257703,0.024973103711228233,323.36950850319255,0.22,0.7360000000000001,0
1154,Live,Pain Lies on the Riverside,ao vivo,0.11153238596674789,0.02547253890607447,325.6509466219532,0.29000000000000004,0.1,0
1155,David Bowie,Changes,,0.10835226411474128,0.024746240648405644,322.8495949596115,0.12,0.76,0
1156,Elvis Presley,My Way,,0.013309244339986636,0.00303965741719034,228.14592196402475,0.02,1.0,0
1157,Linkin Park,The Emptiness Machine,,0.020897129044671486,0.00477263108828635,235.85333484285803,0.36,0.0,1
1158,Inocentes,Pânico em SP,,0.11153238596674789,0.02547253890607447,326.7162591219532,0.29000000000000004,0.1,0
1159,Spirit,I Got a Line on You,,0.004423191774635308,0.0010101991775018399,219.8235,0.02,1.0,0
1160,Alice in Chains,Heaven Beside You,,0.08349194424580715,0.01906846858614851,298.9075722450977,0.22,0.7360000000000001,0
1161,Tom Petty and the Heartbreakers,Refugee,,0.1346516323504379,0.030752672545134616,350.53945870288453,0.29000000000000004,0.1,0
1162,The Doors,I Looked at You,,0.019809868322257413,0.004524314952908451,235.70521706266095,0.02,1.0,0
1163,Queen,Who Wants to Live Forever,,0.0,0.0,216.08931038348808,0.1,0.8,0
1164,Suede,New Generation,,0.10693552769356907,0.024422676570625388,323.10551088899456,0.29000000000000004,0.1,0
1165,Joe Walsh,Rocky Mountain Way,,0.006747044069226007,0.0015409366621601537,223.0681515151515,0.02,1.0,0
1166,The Beatles,Free as a Bird,,0.006747044069226007,0.0015409366621601537,223.0681515151515,0.02,1.0,0
1167,Blackberry Smoke,Rock and Roll Again,,0.10693552769356907,0.024422676570625388,323.38587200434836,0.29000000000000004,0.1,0
1168,Stevie Wonder,For Once in My Life,,0.006747044069226007,0.0015409366621601537,223.28815151515153,0.02,1.0,0
1169,Sublime,Santeria,,0.09774517722876218,0.022323720668749072,314.79399309937656,0.16,0.92,0
1170,U2,All I Want Is You,,0.015435482269205651,0.003525262364185287,232.6240562523321,0.04,0.92,0
1171,Gene Vincent & His Blue Caps,Be-Bop-a-Lula,,0.006747044069226007,0.0015409366621601537,224.24148484848487,0.02,1.0,0
1172,Van Halen,Pretty Woman,,0.0463956310713986,0.010596155612509024,263.957918044782,0.19999999999999998,0.4,0
1173,Ringo Starr,Weight of the World,,0.06201761640620648,0.014164012838746947,280.3426678357477,0.15,0.76,0
1174,R.E.M.,The One I Love,,0.0944803365027597,0.021578073727778677,313.13105580254137,0.32,0.576,0
1175,Hüsker Dü,Could You Be the One?,,0.04324077046481081,0.009875626693056801,262.59024031577536,0.04,0.92,0
1176,Nazareth,Love Leads to Madness,,0.06365253569520106,0.014537407031260876,283.4116432343234,0.08,0.84,0
1177,Beck,Loser,,0.12599999515057592,0.028776751710441553,346.10727830995864,0.29000000000000004,0.1,0
1178,Pitty,Admirável Chip Novo,,0.10658989777619646,0.024343739215873544,326.7214102707069,0.29000000000000004,0.1,0
1179,Stereophonics,I Wanna Get Lost With You,,0.10597825033232414,0.024204046935682535,326.17309266554,0.29000000000000004,0.1,0
1180,Trini Lopez,America,,0.0028977196469660363,0.0006618012858457545,223.2885,0.02,1.0,0
1181,Donovan,Mellow Yellow,,0.008542942863683104,0.0019510964692570744,229.775,0.02,1.0,0
1182,Aerosmith,Angel,,0.08070780297401622,0.018432607116397062,302.16335968296164,0.13999999999999999,0.84,0
1183,The J. Geils Band,Centerfold,,0.09496238072821583,0.021688166327169862,316.47633355481526,0.06,0.88,0
1184,Rick Wakeman,Arthur,,0.006747044069226007,0.0015409366621601537,228.28148484848487,0.02,1.0,0
1185,Echo & the Bunnymen,Rescue,,0.06258266327861388,0.014293062157618724,284.1300635391526,0.22999999999999998,0.3,0
1186,Janis Joplin,Cry Baby,,0.050995139313650045,0.011646623166251579,272.56347680661986,0.3,0.64,0
1187,Lobão e os Ronaldos,Corações Psicodélicos,,0.10693552769356907,0.024422676570625388,328.9229768561004,0.29000000000000004,0.1,0
1188,The Knack,My Sharona,,0.08281552328371747,0.01891398288117264,304.8499222680114,0.3,0.64,0
1189,Lynyrd Skynyrd,Free Bird,ao vivo,0.0,0.0,222.24344444444444,0.04,0.92,0
1190,Rita Lee & Tutti Frutti,Ovelha Negra,,0.07179743459953211,0.016397595463780123,294.15837043700157,0.29000000000000004,0.1,0
1191,Peter Frampton,"Baby, I Love Your Way",ao vivo,0.09055487171148756,0.020681548886555285,312.9753865998526,0.15999999999999998,0.8,0
1192,The Byrds,Turn! Turn! Turn! (To Everything There Is a Season),,0.08321339392366223,0.019004851334023628,305.8469275086589,0.12,0.76,0
1193,Focus,Sylvia,,0.06882460816806897,0.01571864077021669,291.6228913139471,0.2,0.6,0
1194,Aerosmith,Rag Doll,,0.10640022931676746,0.024300421419251664,329.20354435677217,0.3,0.35200000000000004,0
1195,Soundgarden,Fell on Black Days,,0.08348322343090521,0.019066476866031013,307.2958936286688,0.16,0.92,0
1196,Thin Lizzy,Rosalie,,0.07842724950112774,0.017911758516575532,302.24171225952267,0.31,0.48,0
1197,The Offspring,Self Esteem,,0.08684174355211195,0.01983351895620721,310.7513521462746,0.36,0.0,1
1198,Blind Guardian,Surfin' U.S.A.,,0.01720693002581122,0.003929837873882234,241.1186733674159,0.02,1.0,0
1199,The Fortunes,You've Got Your Troubles,,0.006747044069226007,0.0015409366621601537,230.74148484848487,0.02,1.0,0
1200,Pearl Jam,Dissident,,0.10352342157743442,0.023643396139730575,327.57258324529766,0.15000000000000002,0.88,0
1201,The Black Crowes,By Your Side,,0.08188908643901456,0.018702396817033822,306.0578845349845,0.31,0.18400000000000002,0
1202,The Jimi Hendrix Experience,Little Wing,,0.06295053573026577,0.01437707941642613,287.4831323640426,0.2,0.6,0
1203,Al Stewart,Year of the Cat,,0.07908271705339782,0.01806145873666987,303.7191302894546,0.14,0.72,0
1204,The Rolling Stones,As Tears Go By,,0.07769060001777825,0.01774351740470374,303.10605243228275,0.22999999999999998,0.3,0
1205,Phil Collins,Sussudio,,0.005959023489075388,0.001360963063346814,231.66739098972926,0.02,1.0,0
1206,Queen,Play the Game,,0.07685837187917077,0.017553447377458658,302.6332267880337,0.18,0.76,0
1207,The Beatles,Sgt. Pepper's Lonely Hearts Club Band,,0.07962404304774341,0.018185090517092363,305.5811758740439,0.19,0.6799999999999999,0
1208,Little Richard,Lucille,,0.006747044069226007,0.0015409366621601537,232.87676262626263,0.02,1.0,0
1209,Mott the Hoople,Sweet Jane,,0.02358268510494262,0.005385976984518638,249.91276501415058,0.04,0.92,0
1210,Uriah Heep,Fallen Angel,,0.08112751239646782,0.018528463261676977,307.7844058685825,0.18,0.76,0
1211,José Feliciano,Light My Fire,,0.004745264435521452,0.001083756362833203,231.46239098972924,0.02,1.0,0
1212,Big Brother and the Holding Company,Ball And Chain,,0.004745264435521452,0.001083756362833203,231.53408866414782,0.02,1.0,0
1213,Os Paralamas do Sucesso,Cinema Mudo,,0.06996646213085886,0.015979425288005923,296.91637037487646,0.29000000000000004,0.1,0
1214,Greta Van Fleet,Black Smoke Rising,,0.05614879379212705,0.012823650476064614,283.1811551019111,0.16999999999999998,0.5,0
1215,System of a Down,Toxicity,,0.055218931838574445,0.012611282161840539,282.6265768963714,0.16999999999999998,0.5,0
1216,Peter Frampton,While My Guitar Gently Weeps,,0.05374576891805426,0.012274831009265677,281.4965252893845,0.15999999999999998,0.8,0
1217,The Pretenders,Brass in Pocket,,0.00906955306177877,0.0020713673541938203,237.08503741737564,0.02,1.0,0
1218,April Wine,You Could Have Been A Lady,,0.007544080934109508,0.001722969462537737,235.87003741737564,0.02,1.0,0
1219,Van Halen,You Really Got Me,,0.089578312649169,0.020458515563154447,318.343010516483,0.22,0.7360000000000001,0
1220,Jethro Tull,Thick As A Brick,,0.03176897075791182,0.007255617609383121,260.6308832937543,0.04,0.92,0
1221,Electric Light Orchestra,Roll Over Beethoven,,0.07655202637112139,0.017483482068236137,305.54880527234445,0.22999999999999998,0.3,0
1222,Echo & the Bunnymen,Bedbugs and Ballyhoo,,0.10831242667951325,0.0247371422989893,337.3522072262957,0.27999999999999997,0.36800000000000005,0
1223,Simple Minds,Mandela Day,,0.08827973604775603,0.020161937643518875,317.5228439835875,0.15,0.76,0
1224,Mr. Mister,Broken Wings,,0.04086703987638532,0.009333497658139227,270.15318937874997,0.04,0.92,0
1225,Phenomena,Did It All For Love,,0.08199214814022011,0.018725934762276627,311.41987256315906,0.13,0.8,0
1226,The Cult,American Horse,,0.05410155143733308,0.012356087085569227,283.55609268491895,0.07999999999999999,0.8,0
1227,The Yardbirds,For Your Love,,0.007544080934109508,0.001722969462537737,237.08503741737564,0.02,1.0,0
1228,Lou Reed,Walk on the Wild Side,,0.054742314567821575,0.012502429007957692,284.3875953364793,0.14,0.72,0
1229,"Crosby, Stills & Nash",Suite: Judy Blue Eyes,,0.008956128283343369,0.002045462617586912,239.09,0.02,1.0,0
1230,Raul Seixas,Cowboy Fora da Lei,,0.17162668479733892,0.03919729115383749,401.9935284873967,0.29000000000000004,0.1,0
1231,Angra,Lisbon,,0.08971894203709177,0.02049063347692586,320.13951054801356,0.06,0.88,0
1232,Triumvirat,Spartacus,,0.01788618824413972,0.004084971571091958,248.40393993152819,0.02,1.0,0
1233,Metallica,The Unforgiven 3,,0.05661587131246236,0.012930324875664038,287.14919437542136,0.13,0.8,0
1234,Lenny Kravitz,Always on the Run,,0.06655247193920148,0.015199714558891995,297.13155313036265,0.13,0.92,0
1235,O Rappa,Minha Alma (A Paz Que Eu Não Quero),,0.10693552769356907,0.024422676570625388,337.75395505993794,0.29000000000000004,0.1,0
1236,Aerosmith,Mama Kin,,0.016618097982369715,0.0037953563328867886,247.43960058874228,0.04,0.92,0
1237,Boston,Don't Look Back,,0.04762113665338997,0.010876045066556869,278.46116707395254,0.1,0.8,0
1238,Eurythmics,When Tomorrow Comes,,0.009999415015331378,0.002283735668417896,240.87447579272575,0.02,1.0,0
1239,Led Zeppelin,For Your Life,,0.09014464681443035,0.02058785888288545,321.2052696529232,0.09,0.88,0
1240,Alice Cooper,I'm Eighteen,,0.048443776769597414,0.011063925314828785,279.8202210139649,0.17,0.72,0
1241,Monaco,What Do You Want from Me?,,0.10693552769356907,0.024422676570625388,338.3290880733328,0.29000000000000004,0.1,0
1242,The Cult,Wild Flower,,0.09406839180594358,0.021483990944326632,325.54225918808004,0.16,0.92,0
1243,The Rolling Stones,Out of Tears,,0.07181015797694873,0.01640050131685098,303.2914051251859,0.11999999999999998,0.88,0
1244,Status Quo,Rockin' All Over the World,,0.06597361901605492,0.01506751211851614,297.5621308386939,0.19,0.6799999999999999,0
1245,The Byrds,Ballad of Easy Rider,,0.007539430718675237,0.0017219074141242262,239.30610262604637,0.02,1.0,0
1246,James Brown,Get Up Sex Machine,,0.06112215126221605,0.013959500306161743,293.022091863757,0.08,0.84,0
1247,The Allman Brothers Band,Melissa,,0.06957365195538542,0.015889712579085377,301.57723483027104,0.17,0.72,0
1248,John Miles,Song For You,,0.00827251619689527,0.0018893345538162371,240.48209595959597,0.02,1.0,0
1249,Uriah Heep,The Wizard,,0.081242773798135,0.018554787459020085,313.4620067462588,0.19,0.92,0
1250,Deep Purple,A Gypsy's Kiss,,0.016229464717788012,0.0037065975758096867,248.49017674188335,0.02,1.0,0
1251,Bruce Springsteen,Born to Run,,0.11052309206398675,0.02524202937305496,342.8207161448522,0.35000000000000003,0.168,0
1252,The Alan Parsons Project,Games People Play,,0.07327884517738957,0.01673593027347024,305.6339753157584,0.06,0.88,0
1253,Ira!,Núcleo Base,,0.05370117246443315,0.012264645762262395,286.144410717203,0.29000000000000004,0.1,0
1254,Neil Young,No More,,0.022683872978693703,0.005180700044940274,255.188911588815,0.02,1.0,0
1255,The Rolling Stones,Beast of Burden,,0.07743275260093234,0.0176846284255027,309.96182242190304,0.42000000000000004,0.0,1
1256,Os Mutantes,Ando Meio Desligado,,0.11124349502478004,0.025406559991563642,343.9589451544985,0.29000000000000004,0.1,0
1257,Ike & Tina Turner,Proud Mary,,0.042537640735705505,0.009715041054854885,275.28589089059193,0.06,0.88,0
1258,The Cross,Heaven for Everyone,,0.009844981150248927,0.002248464992527388,243.08999364986863,0.02,1.0,0
1259,Frankie Valli,Can't Take My Eyes Off You,,0.004414219946237013,0.0010081501291832435,237.84099999999998,0.02,1.0,0
1260,Freddie Mercury,I Was Born to Love You,,0.0627207476601978,0.014324598825212894,296.28656439420337,0.22,0.8,0
1261,Stray Cats,Gene and Eddie,,0.15226921320357067,0.03477629769959093,385.9299130150022,0.26,0.2,0
1262,Manfred Mann,Do Wah Diddy Diddy,,0.005517924260509589,0.0012602217659766352,239.21325072150069,0.02,1.0,0
1263,Steve Winwood,Valerie,,0.0388570064105035,0.00887443229144429,272.56696326028907,0.04,0.92,0
1264,Rush,Afterimage,,0.03950200630620429,0.00902174183562055,273.51,0.02,1.0,0
1265,Iron Butterfly,In-A-Gadda-Da-Vida,,0.038951731347050836,0.008896066228624624,273.0790114928988,0.06,0.88,0
1266,Manowar,Call to Arms,,0.11722408829896283,0.02677244931184992,351.65795595803326,0.26,0.2,0
1267,The Rolling Stones,Harlem Shuffle,,0.08902772696177691,0.020332768989890924,323.66079044115634,0.18,0.76,0
1268,John Fogerty,Change In The Weather,,0.004423191774635308,0.0010101991775018399,239.111,0.02,1.0,0
1269,Gerry Rafferty,Baker Street,,0.015024216588086035,0.003431334659041635,249.75997040300487,0.04,0.92,0
1270,Aerosmith,Devil's Got a New Disguise,,0.06258266327861388,0.014293062157618724,297.3906279418925,0.22999999999999998,0.3,0
1271,The Wallflowers,Sleepwalker,,0.11124349502478004,0.025406559991563642,346.37651041554267,0.29000000000000004,0.1,0
1272,Dire Straits,Lady Writer,,0.03748301293640716,0.008560630144003043,272.62722836104706,0.04,0.92,0
1273,Donovan,Hurdy Gurdy Man,,0.007544080934109508,0.001722969462537737,243.08999364986863,0.02,1.0,0
1274,Capital Inicial,O Mundo,,0.10189298208155001,0.023271025073399235,337.53405891338326,0.29000000000000004,0.1,0
1275,Poison,Something To Believe In,,0.08339103986095611,0.019045423343758753,319.04293799639674,0.31,0.18400000000000002,0
1276,The Beatles,And I Love Her,,0.003540452472347631,0.000808593060798233,239.30610262604637,0.02,1.0,0
1277,John Lennon with Plastic Ono Band,Instant Karma!,,0.027737428306347994,0.006334866017288899,263.54650856359336,0.06,0.88,0
1278,Roy Orbison,Crying,,0.004881840291487409,0.0011149485028969911,240.70499053219967,0.02,1.0,0
1279,Grand Funk Railroad,Paranoid,,0.018223862508076682,0.004162091958602351,254.2301748295327,0.04,0.92,0
1280,The Byrds,Eight Miles High,,0.0028977196469660363,0.0006618012858457545,239.111,0.02,1.0,0
1281,The Rolling Stones,Lady Jane,,0.04132353941289478,0.009437756184517468,277.7665483754094,0.06999999999999999,0.92,0
1282,Wolfmother,Joker & the Thief,,0.10693552769356907,0.024422676570625388,343.4451224962653,0.29000000000000004,0.1,0
1283,Fats Domino,Blueberry Hill,,0.007544080934109508,0.001722969462537737,244.19882698320197,0.02,1.0,0
1284,Plastic Ono Band,Give Peace a Chance,,0.00010533329238443042,2.405674697183703e-05,237.0307716215413,0.02,1.0,0
1285,Metallica,The Memory Remains,,0.009555335123178561,0.0021823136264502788,246.49300568551618,0.19999999999999998,0.4,0
1286,Matchbox Twenty,Push,,0.10693552769356907,0.024422676570625388,344.2060006381938,0.29000000000000004,0.1,0
1287,Rick Wakeman,The Journey/Recollection,,0.007544080934109508,0.001722969462537737,244.84999364986862,0.02,1.0,0
1288,Ray Charles,What'd I Say,,0.00018596671485275948,4.2472366553102056e-05,237.50743828820796,0.02,1.0,0
1289,Crowded House,Don't Dream It's Over,,0.00906955306177877,0.0020713673541938203,246.3941603165353,0.02,1.0,0
1290,Guns N' Roses,Sympathy for the Devil,,0.03252483198682476,0.007428246432788893,270.0990917213805,0.09999999999999998,0.92,0
1291,The Guess Who,These Eyes,,0.08430003283695943,0.019253025456328066,322.21874408727587,0.11999999999999998,0.88,0
1292,Wishbone Ash,Jail Bait,,0.010478563520182452,0.002393166923078271,248.47946284110014,0.02,1.0,0
1293,Beastie Boys,No Sleep till Brooklyn,,0.10693552769356907,0.024422676570625388,344.9710006381938,0.29000000000000004,0.1,0
1294,Bruce Springsteen,Human Touch,,0.06410626612294182,0.014641033129396554,302.745126450408,0.17,0.84,0
1295,Aerosmith,Back in the Saddle,,0.0476528593309946,0.010883290111415226,286.4228092200197,0.04,0.92,0
1296,Metallica,Seek & Destroy,,0.03529017812188275,0.008059815339016976,274.1078450940861,0.08,0.84,0
1297,Joe Cocker,Delta Lady,,0.0026431964923835194,0.000603671524688014,241.6331780267663,0.02,1.0,0
1298,Jim Croce,Operator (That's Not the Way It Feels),,0.0026431964923835194,0.000603671524688014,241.7815113600996,0.02,1.0,0
1299,Rick Wakeman,The Journey,,0.0026431964923835194,0.000603671524688014,241.7815113600996,0.02,1.0,0
1300,Chuck Berry,Roll Over Beethoven,,0.05048285233633081,0.011529623517694522,289.7122171269287,0.12,0.76,0
1301,Eric Clapton,Wonderful Tonight,,0.0643462237693734,0.014695836318905661,303.7108269042367,0.12,0.76,0
1302,The Four Seasons,Bye Bye Baby,,0.017023169920355408,0.00388786946806867,256.41977551261374,0.02,1.0,0
1303,The Police,Can't Stand Losing You,,0.09191818314118166,0.020992911394700074,331.319612346417,0.2,0.84,0
1304,10cc,I'm Not in Love,,0.0,0.0,239.50785994719416,0.02,1.0,0
1305,Ten Years After,I'm Going Home,,0.0027418013936015384,0.0006261915950768467,242.5754292929293,0.02,1.0,0
1306,Eric Burdon & the Animals,San Franciscan Nights,,0.0,0.0,239.94662876439844,0.02,1.0,0
1307,Tears for Fears,Woman in Chains,,0.0,0.0,239.94662876439844,0.02,1.0,0
1308,Scorpions,Holiday,,0.05828460926093145,0.013311442807894903,298.33221354551733,0.06,0.88,0
1309,Bad Religion,A Walk,,0.15969572754734473,0.036472416489829164,399.78708551901974,0.26,0.2,0
1310,Gary Glitter,Rock and Roll Part 2,,0.017023169920355408,0.00388786946806867,257.17023979832805,0.02,1.0,0
1311,The Smashing Pumpkins,Today,,0.0962308968334555,0.021977878822456505,336.3848740218602,0.36,0.0,1
1312,Nirvana,On a Plain,,0.09509232318679864,0.021717843485988902,335.2734478489028,0.36,0.0,1
1313,King Crimson,21st Century Schizoid Man,,0.002864225804774105,0.0006541517301498667,243.45786743582366,0.02,1.0,0
1314,Iron Maiden,Hallowed Be Thy Name,,0.0016191217190865731,0.0003697862340665704,242.54055559936808,0.02,1.0,0
1315,Judas Priest,Worth Fighting For,,0.032961226763508454,0.007527913294849902,273.8873618524736,0.04,0.92,0
1316,R.E.M.,Everybody Hurts,,0.05348202028657392,0.012214594269787963,295.6253441461727,0.14,0.72,0
1317,David Bowie,Fame,,0.05123503456617697,0.01170141210580853,293.39586272765945,0.13,0.92,0
1318,Roxy Music,More Than This,,0.053292550367398446,0.012171321817164498,295.4826009815998,0.06,0.88,0
1319,Toto,Hold the Line,,0.10847104657341604,0.024773369009138946,350.66137355471716,0.36,0.0,1
1320,James Taylor,You've Got a Friend,,0.001605063682748651,0.00036657556234591436,244.09792929292928,0.02,1.0,0
1321,The Beatles,"Hello, Goodbye",,0.06525753480297582,0.014903967845526936,307.82380614159575,0.19,0.8,0
1322,Metallica,Turn the Page,,0.09667553710408942,0.02207942884754345,339.26060990021904,0.09,0.88,0
1323,George Harrison,Got My Mind Set on You,,0.08206893226571713,0.018743471252751016,324.90591983863027,0.06,0.88,0
1324,George Harrison,What Is Life,,0.0127282983964353,0.0029069769583158255,255.6830845040752,0.04,0.92,0
1325,Alice Cooper,How You Gonna See Me Now,,0.05846846435474118,0.01335343290780673,301.51819316466674,0.10999999999999999,0.84,0
1326,Rick Wakeman,Julia,,0.001605063682748651,0.00036657556234591436,244.6979292929293,0.02,1.0,0
1327,Led Zeppelin,The Rain Song,,0.02347422089207151,0.00536120517623777,266.60151403555017,0.04,0.92,0
1328,Creed,Rain,,0.01913049454164285,0.004369154862783321,262.3233333333333,0.02,1.0,0
1329,David Bowie and Pat Metheny Group,This Is Not America,,0.07092879880908001,0.01619921040480634,314.34598519715223,0.19,0.8,0
1330,Jethro Tull,Cross-Eyed Mary,,0.0,0.0,243.4205555993681,0.02,1.0,0
1331,Capital Inicial,Natasha,,0.05751883104449059,0.013136549074181273,300.9715092637653,0.29000000000000004,0.1,0
1332,Faces,Ooh La La,,0.01746421210373912,0.003988597737065005,261.0448509641994,0.02,1.0,0
1333,Aerosmith,Come Together,,0.0,0.0,243.7555288614002,0.02,1.0,0
1334,Led Zeppelin,Thank You,,0.012750826784284694,0.002912122147589871,256.7679285714286,0.08,0.84,0
1335,Angra,Rebirth,,0.04520377056960068,0.010323950254939498,289.33878651599156,0.04,0.92,0
1336,Neil Young and Crazy Horse,"Hey Hey, My My (Into the Black)",,0.04520377056960068,0.010323950254939498,289.5398068809352,0.04,0.92,0
1337,Led Zeppelin,Dazed and Confused,,0.04005919772003016,0.009148997070445721,284.53114209269984,0.1,0.8,0
1338,Bon Jovi,These Days,,0.05663097918780831,0.012933775316889714,301.28298262095694,0.16999999999999998,0.5,0
1339,The Beatles,I Am the Walrus,,0.05864222464325363,0.013393117486156769,303.3913624370279,0.06,0.88,0
1340,Ghost,Mary on a Cross,,0.08684174355211195,0.01983351895620721,331.63761131367227,0.36,0.0,1
1341,Capital Inicial,Fátima,,0.17162668479733892,0.03919729115383749,416.4232312188158,0.29000000000000004,0.1,0
1342,Scorpions,The Future Never Dies,,0.016527556245196657,0.0037746777837571045,261.5183333333333,0.02,1.0,0
1343,Smokey Robinson & The Miracles,The Tears of a Clown,,0.0,0.0,245.00285994719417,0.02,1.0,0
1344,Danzig,Mother,,0.11313882004818879,0.025839427449566642,358.2124605872352,0.26,0.2,0
1345,Genesis,Land of Confusion,,0.02805741459546775,0.006407946702583693,273.31779773281795,0.06999999999999999,0.92,0
1346,Nirvana,Come as You Are,acústica,0.001605063682748651,0.00036657556234591436,247.00709595959597,0.02,1.0,0
1347,Rush,Finding My Way,,0.001605063682748651,0.00036657556234591436,247.00709595959597,0.02,1.0,0
1348,Yes,Soon,,0.026944647241357367,0.006153805185971316,272.35447839513733,0.2,0.6,0
1349,The Honeydrippers,Sea of Love,,0.001605063682748651,0.00036657556234591436,247.0579292929293,0.02,1.0,0
1350,Paul Anka,Diana,,0.0,0.0,245.56397854693478,0.02,1.0,0
1351,Iggy Pop,Cry for Love,,0.06162493931350304,0.01407433052419129,307.20687223084735,0.2,0.72,0
1352,Heart,Magic Man,,0.00313053581041792,0.0007149734540019991,248.74209595959599,0.02,1.0,0
1353,Queen,We Are the Champions / We Will Rock You,,0.031443036423805644,0.007181178468371467,277.21,0.02,1.0,0
1354,Winger,Miles Away,,0.08731269369209732,0.019941077811508442,333.35767428022604,0.1,0.8,0
1355,Yes,And You and I,,0.001605063682748651,0.00036657556234591436,248.74209595959599,0.02,1.0,0
1356,Fleetwood Mac,Don't Stop,,0.06440466822888427,0.01470918426942094,311.55559054501805,0.21999999999999997,0.6799999999999999,0
1357,Alice Cooper,Perfect,,0.07614425292949827,0.017390351944939878,323.54171394855734,0.11999999999999998,0.88,0
1358,Greta Van Fleet,"Lover, Leaver",,0.05491443472404372,0.012541739001533866,302.70954373016576,0.16999999999999998,0.5,0
1359,Paul McCartney,Another Day,,0.04183987215023687,0.009555679831774036,289.64667882607586,0.04,0.92,0
1360,Ted Nugent,Cat Scratch Fever,,0.03385739804158183,0.0077325870992284475,281.85149887748173,0.08,0.84,0
1361,Supertramp,School,,0.0901300300983891,0.020584520616024102,338.17129084313854,0.31,0.48,0
1362,The Allman Brothers Band,Ramblin' Man,,0.03370416904699758,0.00769759160000861,281.8688270700171,0.16,0.6799999999999999,0
1363,The Beatles,Strawberry Fields Forever,,0.05835884537159164,0.013328397365090436,307.32167884008743,0.18,0.76,0
1364,Soft Cell,Tainted Love,,0.09148501832049961,0.020893982212365034,340.6257895225754,0.06,0.88,0
1365,Wings,Jet,,0.013750521408851258,0.0031404393309598863,263.2190886641478,0.02,1.0,0
1366,Genesis,Abacab,,0.028374606097943723,0.006480389095144938,277.9271102409728,0.06999999999999999,0.92,0
1367,The Beach Boys,God Only Knows,,0.00639834059075838,0.001461297346234479,256.05900879280586,0.02,1.0,0
1368,Genesis,Firth of Fifth,,0.044654772794407535,0.010198566340063643,294.35296446993476,0.04,0.92,0
1369,Ozzy Osbourne,Hellraiser,,0.01913049454164285,0.004369154862783321,268.86833333333334,0.02,1.0,0
1370,Slade,She Did it to Me,,0.04398987473586953,0.010046712315621521,293.92632354832426,0.06999999999999999,0.92,0
1371,Elvis Presley,All Shook Up,,0.019809868322257413,0.004524314952908451,270.4082109385024,0.02,1.0,0
1372,Dio,Dream On,,0.024058392478236126,0.005494622329716741,275.11330262732486,0.06,0.88,0
1373,Small Faces,Itchycoo Park,,0.0,0.0,251.21785994719414,0.02,1.0,0
1374,Guns N' Roses,Better,,0.008635191550392279,0.0019721648633460732,259.97285994719414,0.02,1.0,0
1375,Queen,One Year of Love,,0.06764677365613543,0.015449638765372206,319.1203289866721,0.22999999999999998,0.3,0
1376,Foghat,"Ride, Ride, Ride",,0.06353994063985885,0.01451169179256159,315.2079573826894,0.22999999999999998,0.3,0
1377,Blind Faith,Sea Of Joy,,0.020307314887584214,0.004637925245373258,272.24850107528437,0.04,0.92,0
1378,Ugly Kid Joe,Cat's in the Cradle,,0.08509326219928662,0.01943418867289679,337.0990558504461,0.16,0.92,0
1379,Norman Greenbaum,Spirit in the Sky,,0.0,0.0,252.04141158881498,0.02,1.0,0
1380,America,Ventura Highway,,0.03596947832829881,0.008214958625756994,288.05356707626373,0.1,0.8,0
1381,Creedence Clearwater Revival,Green River,,0.09900607187484155,0.02261169252239787,351.21615876849717,0.06,0.88,0
1382,Linkin Park,What I've Done,,0.09208962810792179,0.02103206718382522,344.3293238413238,0.36,0.0,1
1383,Joe Cocker,Feelin' Alright?,,0.0,0.0,252.26285994719416,0.02,1.0,0
1384,Cat Mother and The All Night Newsboys,Good Old Rock´n Roll,,0.0,0.0,252.26285994719416,0.02,1.0,0
1385,Talking Heads,The Lady Don't Mind,,0.07769060001777825,0.01774351740470374,329.96910373181066,0.22999999999999998,0.3,0
1386,The Moody Blues,Tuesday Afternoon,,0.0028057085903054556,0.0006407871633533474,255.0983966426497,0.04,0.92,0
1387,Oingo Boingo,Just Another Day,,0.07569501851632046,0.017287752677754554,328.07979276162007,0.22999999999999998,0.84,0
1388,The 5th Dimension,Aquarius/Let the Sunshine In,,0.05191173710651968,0.011855962119576353,304.4059280000211,0.06,0.88,0
1389,Gotthard,Hush,,0.004853412946798202,0.0011084560689970466,257.5320580755832,0.02,1.0,0
1390,The Alan Parsons Project,Time,,0.026442392180824933,0.00603909669606239,279.36368629624883,0.1,0.8,0
1391,Uriah Heep,Look at Yourself,,0.0306985652038604,0.007011150974113775,283.64748257160517,0.04,0.92,0
1392,Tom Petty and the Heartbreakers,The Waiting,,0.0025629871643244174,0.0005853527627256841,255.56763288223422,0.02,1.0,0
1393,Led Zeppelin,The Battle of Evermore,,0.0025629871643244174,0.0005853527627256841,255.56763288223422,0.02,1.0,0
1394,The Sheepdogs,I Don't Know,,0.07769060001777825,0.01774351740470374,330.8384762808302,0.22999999999999998,0.3,0
1395,Lou Reed,Satellite of Love,,0.07096104094585526,0.016206574087348442,324.4648748380883,0.15,0.76,0
1396,Bad Company,Shooting Star,,0.04242471958715551,0.009689251340729914,296.0491737652668,0.12,0.76,0
1397,Mike and the Mechanics,Over My Shoulder,,0.010481600411012634,0.0023938605092429957,264.4901515151515,0.02,1.0,0
1398,Ramones,I Don't Want to Grow Up,,0.06206295987870332,0.01417436869509576,316.0832594398454,0.15000000000000002,0.88,0
1399,Paul McCartney,New,,0.036627142513713205,0.008365160528145189,290.9370014241944,0.06999999999999999,0.92,0
1400,Creedence Clearwater Revival,Up Around the Bend,,0.07669586906821184,0.017516333859814263,331.1466941780306,0.13999999999999999,0.84,0
1401,ZZ Top,"I'm Bad, I'm Nationwide",,0.01720693002581122,0.003929837873882234,271.8083484931071,0.02,1.0,0
1402,REO Speedwagon,Keep On Loving You,,0.011518570971455488,0.0026306910290635754,266.3592498451285,0.04,0.92,0
1403,The Beatles,Lucy in the Sky with Diamonds,,0.03684638136783302,0.008415231816344432,291.7712730961781,0.12,0.76,0
1404,Faith No More,From Out of Nowhere,,0.0803516673170253,0.018351270388056593,335.4224226430956,0.22,0.7360000000000001,0
1405,Coldplay,The Scientist,,0.010819939239093359,0.0024711326745160615,265.9505288614002,0.02,1.0,0
1406,W.E.T.,One Love,,0.06699071310846914,0.015299803112881526,322.1663053307917,0.06999999999999999,0.92,0
1407,Aerosmith,Train Kept A-Rollin',,0.010819939239093359,0.0024711326745160615,266.2005555993681,0.02,1.0,0
1408,Golden Earring,Radar Love,,0.008956128283343369,0.002045462617586912,264.4901515151515,0.02,1.0,0
1409,The Champs,Tequila,,0.0025629871643244174,0.0005853527627256841,258.7876328822342,0.02,1.0,0
1410,Ramones,Needles and Pins,,0.0025629871643244174,0.0005853527627256841,258.7876328822342,0.02,1.0,0
1411,Deep Purple,Mistreated,,0.032601144662894196,0.00744567525037722,288.9263088583027,0.04,0.92,0
1412,Rage Against the Machine,Guerrilla Radio,,0.08057764211724537,0.018402880078286967,337.04197036157626,0.19,0.92,0
1413,Pink Floyd,Us and Them,,0.02449693296936733,0.005594779244906908,281.07399307857145,0.1,0.8,0
1414,Badfinger,Baby Blue,,0.0448733402596832,0.010248484291827864,301.7050370560569,0.04,0.92,0
1415,David Bowie,Young Americans,,0.05826691688263215,0.01330740209998156,315.6165476356748,0.13,0.92,0
1416,P.O.D.,Youth of the Nation,,0.10597825033232414,0.024204046935682535,363.46668958073803,0.29000000000000004,0.1,0
1417,Kiss,Hard Luck Woman,,0.05957663380351778,0.013606524322948706,317.0741041966806,0.21000000000000002,0.76,0
1418,Manowar,Warriors of the World United,,0.06258266327861388,0.014293062157618724,320.20612790964105,0.22999999999999998,0.3,0
1419,Iggy Pop,Wild One,,0.02916191857875361,0.006660200973325746,286.875769160585,0.04999999999999999,0.9,0
1420,Neil Young and Crazy Horse,"My My, Hey Hey",,0.019143191016271564,0.004372054571609117,277.1680345023134,0.21,0.64,0
1421,Led Zeppelin,In the Evening,,0.006032253253946091,0.0013776877843198578,264.0855555993681,0.02,1.0,0
1422,Rush,Bastille Day,,0.04396987212162615,0.010042143980019971,302.0559582760267,0.04,0.92,0
1423,The Cure,A Night Like This,,0.02496781788472418,0.0057023232037556595,283.0759167986072,0.06,0.88,0
1424,Whitesnake,Fool for Your Loving,,0.059330954462574,0.013550414373211998,317.5485911949495,0.15999999999999998,0.8,0
1425,The Clash,Tommy Gun,,0.04162432823353449,0.009506452418977487,300.53741525463664,0.13999999999999999,0.84,0
1426,Pixies,Debaser,,0.013461075820224955,0.003074333742403095,272.3931515151515,0.02,1.0,0
1427,Richie Sambora,Hard Times Come Easy,,0.021578926741583345,0.004928344769206232,280.5501080287007,0.02,1.0,0
1428,The Who,Heaven and Hell,,0.024632935550900993,0.005625840456584705,283.8818647664099,0.04,0.92,0
1429,Aerosmith,I'm Down,,0.018832403014234205,0.004301074654835903,278.1026893343472,0.02,1.0,0
1430,Thin Lizzy,Cowboy Song,,0.03469808900231306,0.007924589924413196,294.0466222242426,0.06999999999999999,0.92,0
1431,Johnny Rivers,Whiter Shade of Pale,,0.06353994063985885,0.01451169179256159,323.01780034498023,0.22999999999999998,0.3,0
1432,Mr. Big,Green-Tinted Sixties Mind,,0.026991396316647938,0.006164482063622952,286.5408635746474,0.11000000000000001,0.7,0
1433,The Cult,Hollow Man,,0.018248761805372226,0.0041677786325993,278.05677896613196,0.02,1.0,0
1434,Motörhead,Cat Scratch Fever,,0.05312408612930987,0.012132846787496676,312.9513347873756,0.07999999999999999,0.8,0
1435,Alice Cooper,I Never Cry,,0.06145244706281216,0.0140349355491028,321.4785274733281,0.31,0.48,0
1436,Focus,House of the king,,0.04393558302939093,0.010034312799610399,303.965750047529,0.08,0.84,0
1437,Fleetwood Mac,Go Your Own Way,,0.061524045533529775,0.014051287703816981,321.6135418378275,0.06,0.88,0
1438,Black Label Society,The Last Goodbye,,0.025636601313101654,0.00585506459587617,285.76576725080145,0.06999999999999999,0.92,0
1439,Wings,Silly Love Songs,,0.037316768785722695,0.0085226621532754,297.5687722393804,0.04,0.92,0
1440,Ritchie Valens,La Bamba,,0.0502535041845356,0.011477243398063785,310.510407993146,0.15,0.76,0
1441,Oingo Boingo,Not My Slave,,0.039797771728621444,0.009089290791596786,300.2375986766886,0.04,0.92,0
1442,The Nixons,Sister,acústica,0.031902564707476655,0.007286128721006977,292.4363646938883,0.08,0.84,0
1443,The Beatles,Nowhere Man,,0.044240066419009315,0.010103852825326517,304.9822455367608,0.06,0.88,0
1444,The Who,I Can See for Miles,,0.05259181036572385,0.012011281961467155,313.4129265179942,0.09999999999999998,0.92,0
1445,Genesis,I Know What I Like (In Your Wardrobe),,0.02496781788472418,0.0057023232037556595,285.91771585477653,0.06,0.88,0
1446,The Offspring,Gone Away,,0.05589190003206693,0.012764979299606414,317.067763059459,0.19999999999999998,0.4,0
1447,Alice in Chains,We Die Young,,0.0463956310713986,0.010596155612509024,307.6316284959564,0.19999999999999998,0.4,0
1448,The Sweet,"Funny, Funny",,0.05422508629516272,0.012384300832141995,315.6854730161336,0.10999999999999999,0.84,0
1449,Ozzy Osbourne,You're No Different,,0.11919430837401424,0.027222421820554604,380.69117870180673,0.26,0.2,0
1450,Fleetwood Mac,The Chain,,0.05589190003206693,0.012764979299606414,317.4014252072952,0.19999999999999998,0.4,0
1451,Nazareth,Holy Roller,,0.013837390855182,0.0031602791768685777,275.4536215541721,0.02,1.0,0
1452,John Mellencamp,Small Town,,0.03180716903345167,0.007264341596155213,293.67687624283116,0.13,0.8,0
1453,The Allman Brothers Band,Jessica,,0.035563757653744886,0.00812229732762378,297.4356415232669,0.04,0.92,0
1454,Creedence Clearwater Revival,I Put a Spell on You,,0.020382846477856854,0.004655175673176633,282.50819467318104,0.06,0.88,0
1455,Nirvana,Molly's Lips,,0.08684174355211195,0.01983351895620721,349.08183831573837,0.36,0.0,1
1456,Otis Redding,(Sittin' On) The Dock of the Bay,,0.014118639577202772,0.0032245127082492636,276.6556139943586,0.04,0.92,0
1457,Iron Maiden,Killers,,0.06790894289705045,0.015509514792691971,330.4825362554113,0.04,0.92,0
1458,Lenny Kravitz,Can't Get You Off My Mind,,0.024610912984838296,0.005620810790394197,287.43092340917576,0.04,0.92,0
1459,The Ventures,"Walk, Don't Run",,0.07962041710516006,0.018184262399207812,342.44277276181754,0.06,0.88,0
1460,The Beach Boys,Kokomo,,0.013386827349298988,0.0030573763622844434,276.2616049548746,0.02,1.0,0
1461,Jerry Lee Lewis,Good Golly Miss Molly,,0.018832403014234205,0.004301074654835903,281.765941195404,0.02,1.0,0
1462,Led Zeppelin,Travelling Riverside Blues,,0.06488855491528679,0.014819697662806018,328.3151881767013,0.06,0.88,0
1463,The Youngbloods,Get Together,,0.0,0.0,263.4671998436287,0.06,0.88,0
1464,Whitesnake,"All I Want, All I Need",,0.0,0.0,263.56583156033514,0.04,0.92,0
1465,David Bowie,Underground,,0.04565746948306644,0.010427569155626747,309.223582449983,0.06999999999999999,0.92,0
1466,Europe,Always the Pretenders,,0.029233362202655024,0.006676517763051399,292.91463302846586,0.04,0.92,0
1467,38 Special,Back Where You Belong,,0.05090383172610917,0.011625769706909749,314.60243484156655,0.06,0.88,0
1468,Genesis,Misunderstanding,,0.013461075820224955,0.003074333742403095,277.30176262626264,0.02,1.0,0
1469,Armored Dawn,Ragnarok,,0.05952532355108505,0.01359480573206549,323.5772030350619,0.22999999999999998,0.3,0
1470,Devo,Time Out For Fun,,0.06053665642565504,0.013825780939590922,324.6314696050469,0.06,0.88,0
1471,Twisted Sister,The Price,,0.05473603962805088,0.012500995893745558,319.0122050073189,0.09999999999999998,0.92,0
1472,Rush,Red Barchetta,,0.014391467434088687,0.003286823024118049,278.83044234801037,0.04,0.92,0
1473,Alphaville,Forever Young,,0.004853412946798202,0.0011084560689970466,269.69885729425346,0.02,1.0,0
1474,Faith No More,Midlife Crisis,,0.0217049136364643,0.00495711852898635,286.8368202986317,0.04,0.92,0
1475,Deep Purple,Lazy,,0.027078991196432672,0.006184487589049038,292.2756443494262,0.08,0.84,0
1476,John Mellencamp and Meshell Ndegeocello,Wild Night,,0.02916191857875361,0.006660200973325746,294.5006663224559,0.04999999999999999,0.9,0
1477,Mick Jagger,Hard Woman,,0.01200720389397379,0.0027422884007305567,277.38129592845553,0.02,1.0,0
1478,The Lovin' Spoonful,Do You Believe in Magic,,0.027822706776884636,0.006354342505124843,293.2369074399409,0.08,0.84,0
1479,Ozzy Osbourne,Black Rain,,0.018832403014234205,0.004301074654835903,284.3564443280261,0.02,1.0,0
1480,Pearl Jam,Better Man,acústica,0.014994364402310336,0.003424516810064303,280.9605789998697,0.02,1.0,0
1481,Aerosmith,Same Old Song and Dance,,0.018059954802257718,0.004124657581337942,284.0846305158204,0.04,0.92,0
1482,Dire Straits,Sultans of Swing,ao vivo,0.07170847999071148,0.016377279394017803,337.97951568629605,0.07999999999999999,0.8,0
1483,Foghat,Fool For the City,,0.031664967888779164,0.007231864713689535,297.9441722180262,0.08,0.84,0
1484,Peter Frampton,I Can't Stand It No More,,0.0848692743694561,0.019383032780727977,351.3365459616525,0.06,0.88,0
1485,Gary Numan,Cars,,0.047778038016165716,0.010911879286663241,314.5122408147465,0.14,0.72,0
1486,Janis Joplin,Try (Just A Little Bit Harder),,0.05424322775367528,0.012388444104105277,321.01697559228205,0.08,0.84,0
1487,Supertramp,Fool's Overture,,0.057097332893263304,0.013040284406632815,323.89353376453647,0.06,0.88,0
1488,Simon & Garfunkel,I Am a Rock,,0.0025629871643244174,0.0005853527627256841,269.6063299721813,0.02,1.0,0
1489,Neil Young,Heart of Gold,,0.0,0.0,267.3060852951624,0.04,0.92,0
1490,America,You Can Do Magic,,0.01421893631384018,0.0032474191717307348,281.53724765066335,0.02,1.0,0
1491,Elvis Presley,Always on My Mind,,0.02609078922801482,0.005958795178101351,293.4395038934739,0.12,0.76,0
1492,The Surfaris,Wipe Out,,0.0,0.0,267.37091942587426,0.04,0.92,0
1493,The Beach Boys,I Get Around,,0.08434710249126072,0.019263775550034862,351.84504011968573,0.06,0.88,0
1494,Santana,Black Magic Woman/Gypsy Queen,,0.04650793268710123,0.010621803833430732,314.1298652311084,0.06,0.88,0
1495,Junior Wells,"Good Morning, School Girl",,0.010472259028704956,0.002391727059642628,278.40735729425336,0.02,1.0,0
1496,Bad Company,Rock 'n' Roll Fantasy,,0.002864225804774105,0.0006541517301498667,270.8376312406136,0.02,1.0,0
1497,Stevie Wonder,My Cherie Amour,,0.003540452472347631,0.000808593060798233,272.0265824112358,0.02,1.0,0
1498,Creed,One Last Breath,,0.025734988804616218,0.005877535012730902,294.27032796029374,0.02,1.0,0
1499,The Rolling Stones,Hot Stuff,,0.06150356781056298,0.014046610859594041,330.0555819950374,0.19999999999999998,0.4,0
1500,Lynyrd Skynyrd,Saturday Night Special,,0.01752389205717852,0.0040022278582421056,286.24282969269933,0.04,0.92,0
1501,Pink Floyd,Coming Back to Life,,0.05392570546629574,0.012315926164596367,322.687429148076,0.07999999999999999,0.8,0
1502,AC/DC,Rock 'n' Roll Singer,,0.020448319216375185,0.0046701287907374165,289.3747365502174,0.02,1.0,0
1503,The Killers,The Way It Was,,0.09438872024178314,0.02155714977145939,363.4467667302574,0.36,0.0,1
1504,Van Morrison,Wild Night,,0.04875573581198074,0.011135172681908155,317.8554631748535,0.04,0.92,0
1505,Symphony X,Paradise Lost,,0.06267273071319651,0.014313632382237254,331.925365359859,0.04,0.92,0
1506,Genesis,No Reply at All,,0.017068457223006515,0.0038982124959590215,286.66656081596125,0.04,0.92,0
1507,Stone Sour,Through  the Glass,,0.0948694883442491,0.02166695092104221,364.5093151340729,0.19,0.92,0
1508,The Jimi Hendrix Experience,Bold as Love,,0.058343671801380906,0.013324931920016462,328.0063833300584,0.06,0.88,0
1509,U2,Mysterious Ways,,0.09438872024178314,0.02155714977145939,364.1793283880397,0.36,0.0,1
1510,Stevie Wonder,If You Really Love Me,,0.010472259028704956,0.002391727059642628,280.3248572942534,0.02,1.0,0
1511,Siouxsie and the Banshees,The Passenger,,0.031203364390556054,0.007126440509179341,301.16377693440575,0.08,0.84,0
1512,Bob Dylan,Mr. Tambourine Man,,0.01432283429783798,0.0032711481130306697,284.47739692175395,0.1,0.8,0
1513,Pixies,The Holiday Song,,0.012231956011508527,0.002793618846219574,282.5782507215007,0.02,1.0,0
1514,The Zombies,Time of the Season,,0.032669836532221275,0.007461363575331433,303.0260207495209,0.1,0.8,0
1515,Iron Maiden,2 Minutes to Midnight,,0.05053182792228482,0.011540808901274797,321.0347555728886,0.06,0.88,0
1516,Metallica,For Whom the Bell Tolls,,0.04172157828180425,0.009528663058664759,312.28043549773435,0.19999999999999998,0.4,0
1517,Bruce Dickinson,All the Young Dudes,,0.022865104026935645,0.005222090847148233,293.86974392270093,0.08,0.84,0
1518,Alice Cooper,Clones (We're All),,0.03091300802574369,0.007060126911248116,302.0152411691055,0.04,0.92,0
1519,Metallica,Wherever I May Roam,,0.03850161575715113,0.00879326571219553,309.6286548572493,0.06,0.88,0
1520,Percy Sledge,When a Man Loves a Woman,,0.00824337518964906,0.001882679128717893,279.6423387371817,0.02,1.0,0
1521,Alice Cooper,Generation Landslide,,0.00824337518964906,0.001882679128717893,279.6423387371817,0.02,1.0,0
1522,Iron Maiden,Women in Uniform,,0.013461075820224955,0.003074333742403095,284.987095959596,0.02,1.0,0
1523,Peter Frampton,Show Me the Way,ao vivo,0.05208961486792424,0.011896587074907749,324.311294594768,0.15000000000000002,0.88,0
1524,Johnny Rivers,Poor Side of Town,,0.002864225804774105,0.0006541517301498667,275.1426312406136,0.02,1.0,0
1525,The Smiths,Girlfriend in a Coma,,0.013461075820224955,0.003074333742403095,285.89209595959596,0.02,1.0,0
1526,Led Zeppelin,Heartbreaker,,0.031928610852467704,0.007292077320024984,304.4133286735883,0.08,0.84,0
1527,Pink Floyd,Have a Cigar,,0.011741586188066543,0.0026816247890879097,284.24253784635334,0.04,0.92,0
1528,The Sweet,Action,,0.029728305041790387,0.006789556237184977,302.44954337009165,0.12,0.76,0
1529,The Mamas & the Papas,Dedicated to the One I Love,,0.0072808252660053535,0.001662845309450696,280.0763309839967,0.02,1.0,0
1530,Big Audio Dynamite,E=MC2,,0.0020103310942672873,0.00045913334112731967,275.02121317462405,0.02,1.0,0
1531,Ben E. King,Stand by Me,,0.023036234017845058,0.005261174699911285,296.0720394131142,0.26999999999999996,0.52,0
1532,The Police,So Lonely,,0.027860167215624683,0.006362897979617507,301.2091966902561,0.04,0.92,0
1533,Steppenwolf,Magic Carpet Ride,,0.0,0.0,273.4481387502236,0.06,0.88,0
1534,Extreme,Hole Hearted,,0.03873242140258265,0.008845978704319168,312.1806220565214,0.06,0.88,0
1535,Argent,Time of the Season,ao vivo,0.010472259028704956,0.002391727059642628,284.0598572942534,0.02,1.0,0
1536,Echo & the Bunnymen,Silver,,0.03331834477227692,0.007609474379494202,306.9434446488085,0.06,0.88,0
1537,Steve Winwood,While You See a Chance,,0.017187930424142177,0.003925498613240407,290.8495822069472,0.04,0.92,0
1538,Janis Joplin,"Happy Birthday, John (Happy Trails)",,0.018832403014234205,0.004301074654835903,292.56062202152236,0.02,1.0,0
1539,Steely Dan,Hey Nineteen,,0.0,0.0,273.7725,0.02,1.0,0
1540,Uriah Heep,Tears in My Eyes,,0.05812686429518028,0.01327541591989726,331.9192402348765,0.07999999999999999,0.8,0
1541,The Mindbenders,A Groovy Kind of Love,,0.0072808252660053535,0.001662845309450696,281.0768289998697,0.02,1.0,0
1542,Genesis,Throwing It All Away,,0.04664390037472217,0.010652857075795025,320.51372052366827,0.13999999999999999,0.6,0
1543,Marvin Gaye,I Heard It Through the Grapevine,,0.011029120864510262,0.0025189070231564337,285.3875,0.02,1.0,0
1544,Roy Orbison,Only the Lonely (Know the Way I Feel),,0.003540452472347631,0.000808593060798233,278.0991379667913,0.02,1.0,0
1545,Yes,Walls,,0.039583021912792345,0.009040244741058516,314.2261945900766,0.10999999999999999,0.84,0
1546,Gerry and the Pacemakers,Don't Let the Sun Catch You Crying,,0.0072808252660053535,0.001662845309450696,282.10849765066337,0.02,1.0,0
1547,Iron Maiden,Twilight Zone,,0.0072808252660053535,0.001662845309450696,282.10849765066337,0.02,1.0,0
1548,Quiet Riot,Mama Weer All Crazee Now,,0.06952868476577596,0.01587944266082894,344.35972397164807,0.22999999999999998,0.3,0
1549,Billy Idol,L.A. Woman,,0.05350034927475039,0.012218780371074931,328.35152568240414,0.07999999999999999,0.8,0
1550,Vanilla Fudge,Take Me for a Little While,,0.0007965720407133493,0.0001819266406137081,275.6762131746241,0.02,1.0,0
1551,The Nixons,Sister,,0.014620216127102218,0.003339066235199699,289.53662340662,0.06,0.88,0
1552,Joan Baez,The Night They Drove Old Dixie Down,,0.0072808252660053535,0.001662845309450696,282.20849765066333,0.02,1.0,0
1553,Roy Orbison,I Drove All Night,,0.06222475280302909,0.014211320083913395,337.34375579159524,0.06,0.88,0
1554,The Trashmen,Surfin' Bird,,0.01950757561592822,0.004455275250617058,294.6460833369511,0.1,0.8,0
1555,Bob Dylan,Just Like a Woman,,0.05005589066177638,0.01143211105284209,325.2404868077614,0.06,0.88,0
1556,The Beach Boys,California Girls,,0.057016955551104656,0.013021927272446575,332.2162629635165,0.10999999999999999,0.84,0
1557,AC/DC,Rock and Roll Ain't Noise Pollution,,0.002864225804774105,0.0006541517301498667,278.2185768927875,0.02,1.0,0
1558,Rod Stewart,(I Know) I'm Losing You,,0.00824337518964906,0.001882679128717893,283.6812940003396,0.02,1.0,0
1559,Living Colour,Glamour Boys,,0.03436798656497985,0.007849198843113572,310.15892643883325,0.06,0.88,0
1560,Deep Purple,You Keep on Moving,,0.0,0.0,275.7925,0.02,1.0,0
1561,Dio,All the Fools Sailed Away,,0.03730142068605618,0.00851915684795533,313.185728848659,0.04,0.92,0
1562,The Monkees,Daydream Believer,,0.03779220763743432,0.00863124617165455,313.8278668862089,0.04,0.92,0
1563,Screaming Trees,Dollar Bill,,0.060242186614156305,0.013758527884211096,336.4150353308399,0.19999999999999998,0.4,0
1564,The Monkees,Last Train to Clarksville,,0.008731191112927519,0.001994089908439021,285.06084536856366,0.04,0.92,0
1565,Blackfoot,Fly Away,,0.01687457770558857,0.003853932948743095,293.2073572942534,0.02,1.0,0
1566,King Crimson,Epitaph,,0.012067066227393774,0.0027559601751109913,288.4013552345758,0.04,0.92,0
1567,The Rolling Stones,Get Off of My Cloud,,0.009455833144600476,0.0021595886753197854,285.9404292929293,0.02,1.0,0
1568,Saxon,Crusader,,0.004881840291487409,0.0011149485028969911,281.3735470139192,0.02,1.0,0
1569,The Beatles,I Need You,,0.0102765263006294,0.0023470242633392905,286.7999549721813,0.02,1.0,0
1570,Foo Fighters,The Pretender,,0.0,0.0,276.567595639603,0.04,0.92,0
1571,Rush,Heart Full of Soul,,0.021909852743112652,0.005003923941801895,298.51460918030705,0.02,1.0,0
1572,Mountain,Mississippi Queen,,0.04333166897917117,0.009896386725431963,319.9401017074099,0.06,0.88,0
1573,Dishwalla,Counting Blue Cars,,0.09570248048565941,0.021857195436539748,372.4033730980343,0.22,0.8,0
1574,Smash Mouth,Walkin' on the Sun,,0.06983839320770385,0.015950176020186103,346.7185074336268,0.22999999999999998,0.3,0
1575,David Coverdale,Too Many Tears,,0.05245525619326229,0.011980094773632304,329.71812286070127,0.13999999999999999,0.84,0
1576,The Beatles,Golden Slumbers,,0.010472259028704956,0.002391727059642628,287.785141552345,0.02,1.0,0
1577,George Harrison,Give Me Love (Give Me Peace on Earth),,0.03000885704324101,0.006853630646695581,307.489221571856,0.04,0.92,0
1578,Rush,Red Sector A,,0.013434190072843702,0.0030681933891751807,290.9253775927316,0.04,0.92,0
1579,Buddy Guy,Mustang Sally,,0.04548835148788076,0.01038894481638443,322.98849908035993,0.04,0.92,0
1580,Alphaville,Big in Japan,,0.012782631982443947,0.0029193860390641243,290.34000712515643,0.02,1.0,0
1581,Cream,White Room,,0.0,0.0,277.645558482048,0.04,0.92,0
1582,Green Day,Geek Stink Breath,,0.07504071887697154,0.01713831919370343,352.71297035413426,0.25,0.552,0
1583,Ray Charles,Hit the Road Jack,,0.03084793124777739,0.007045264225901074,308.6550819133772,0.1,0.8,0
1584,Led Zeppelin,Carouselambra,,0.013106781418894872,0.00299341753278506,290.95364007724305,0.02,1.0,0
1585,Bachman–Turner Overdrive,"Down, Down",,0.017195464710167644,0.0039272193456738585,295.1457722537696,0.18,0.64,0
1586,Foghat,Stone Blue,,0.01946893259836094,0.004446449690579957,297.5162646796714,0.04,0.92,0
1587,Jon and Vangelis,I Hear You Now,,0.030545259737806505,0.006976138009809972,308.60529897215974,0.02,1.0,0
1588,Donovan,Atlantis,,0.0007965720407133493,0.0001819266406137081,278.85828846419935,0.02,1.0,0
1589,The Mamas & the Papas,"Monday, Monday",,0.014590668676456192,0.00333231798374222,292.826588261827,0.09,0.88,0
1590,Supertramp,My Kind of Lady,,0.011408723777913654,0.0026056033660770447,289.7591249922115,0.02,1.0,0
1591,Creedence Clearwater Revival,Suzie Q,,0.015243778060608108,0.003481479629066404,293.5960862272637,0.16,0.6799999999999999,0
1592,Eric Clapton,After Midnight,,0.029229080804513703,0.0066755399476860966,307.738657999201,0.08,0.84,0
1593,"Emerson, Lake & Palmer",Jerusalem,,0.005309510891673562,0.0012126228770960143,283.91598127714695,0.02,1.0,0
1594,Santana,Black Magic Woman,,0.07058660863327497,0.01612105864206122,349.3172124721108,0.06,0.88,0
1595,Creedence Clearwater Revival,Long As I Can See the Light,,0.00567298108472541,0.001295634717589339,284.56844811375043,0.1,0.8,0
1596,Elvis Presley,Hound Dog,,0.033099823133272935,0.007559566893851353,312.02593488800505,0.18,0.76,0
1597,Red Hot Chili Peppers,Parallel Universe,,0.011408723777913654,0.0026056033660770447,290.3641249922115,0.02,1.0,0
1598,Slipknot,Vermilion part 2,,0.09509232318679864,0.021717843485988902,374.06769559853944,0.36,0.0,1
1599,Genesis,Dancing with the Moonlit Knight,,0.008731191112927519,0.001994089908439021,287.7321648261861,0.04,0.92,0
1600,The Byrds,Mr. Tambourine Man,,0.023130788622794406,0.005282769735581362,302.22010599023366,0.1,0.8,0
1601,The Beatles,The Fool on the Hill,,0.012957660588261297,0.0029593602845060505,292.2598980613924,0.04,0.92,0
1602,Ozzy Osbourne,Goodbye to Romance,,0.03856316199938391,0.008807322069335278,318.1566999971642,0.04,0.92,0
1603,John Mellencamp,Wild Night,,0.020448319216375185,0.0046701287907374165,300.05164063399855,0.02,1.0,0
1604,David Coverdale,Love Is Blind,,0.03615743138717889,0.008257884647318713,315.7625376362128,0.14,0.72,0
1605,Billy Squier,The Stroke,,0.03740478982029542,0.008542765006883996,317.07982448781127,0.12,0.76,0
1606,Megadeth,Trust,,0.03966647642222886,0.009059304660023602,319.4955767920479,0.04,0.92,0
1607,Ramones,I Wanna Live,,0.03924112023068351,0.00896215886650217,319.0909580553177,0.04,0.92,0
1608,Talk Talk,It's My Life,,0.004957058087708174,0.0011321272642411074,284.828138142742,0.02,1.0,0
1609,My Chemical Romance,Welcome to the Black Parade,,0.10047522893514069,0.02294722878886635,380.4402828360656,0.36,0.0,1
1610,The Cure,The Love Cats,,0.05254307191350542,0.012000150736132068,332.6770493408416,0.07999999999999999,0.8,0
1611,Tom Petty and the Heartbreakers,Anything That's Rock 'n' Roll,,0.010819939239093359,0.0024711326745160615,291.0528599471941,0.02,1.0,0
1612,Rush,Something For Nothing,,0.012635924550166317,0.0028858799794195616,293.0372066406474,0.04,0.92,0
1613,AC/DC,Shot in the Dark,,0.07455260052194514,0.017026839342524722,355.2754392633384,0.19999999999999998,0.4,0
1614,Deep Purple,Wasted Sunsets,,0.018273098330788506,0.004173336776856069,299.0251515151515,0.02,1.0,0
1615,The Police,"De Do Do Do, De Da Da Da",,0.03321412210352178,0.007585671284440252,314.0903483072088,0.08,0.84,0
1616,Toto,Rosanna,,0.045206380639251365,0.010324546360726605,326.1486910476485,0.09999999999999998,0.92,0
1617,John Lennon,Woman,,0.029743125724841054,0.006792941087444841,310.74226608654595,0.12,0.76,0
1618,Whitesnake,Day Tripper,,0.008042189771098746,0.0018367310091924518,289.40567930369895,0.02,1.0,0
1619,The B-52's,(Shake That) Cosmic Thing,,0.0034405577884372004,0.000785778420903619,284.828138142742,0.02,1.0,0
1620,The Box Tops,The Letter,,0.0034405577884372004,0.000785778420903619,284.828138142742,0.02,1.0,0
1621,Peter Murphy,Cuts You Up,,0.08071849047237013,0.018435048001304785,362.13291230064465,0.36,0.0,1
1622,Black Sabbath,Supernaut,,0.0053814518883567196,0.0012290532602629255,286.84754592845553,0.02,1.0,0
1623,Ramones,Spider-Man,,0.0,0.0,281.52224564380185,0.04,0.92,0
1624,Linkin Park,Somewhere I Belong,,0.06061326346722968,0.013843276986412434,342.30422084788006,0.13999999999999999,0.6,0
1625,Deep Purple,Knocking at Your Back Door,,0.0034405577884372004,0.000785778420903619,285.258138142742,0.02,1.0,0
1626,War,Why Can't We Be Friends?,,0.0034405577884372004,0.000785778420903619,285.258138142742,0.02,1.0,0
1627,Mungo Jerry,In the Summertime,,0.015338985536918922,0.003503223772020536,297.2775743629186,0.08,0.84,0
1628,Eagles,Heartache Tonight,,0.0,0.0,282.0975,0.02,1.0,0
1629,The Blues Brothers,Gimme Some Lovin',,0.009737334592228107,0.002223879925925228,291.8635,0.02,1.0,0
1630,The Rolling Stones,Love Is Strong,,0.028197916013690278,0.0064400353897485045,310.4219195615007,0.15000000000000002,0.88,0
1631,Kiss,Do You Love Me,,0.07219157783972083,0.016487612627254653,354.4780969156866,0.22999999999999998,0.3,0
1632,The Cult,Lil' Devil,,0.05542735542932041,0.01265888338527176,337.7445776372749,0.07999999999999999,0.8,0
1633,The Beatles,She Came In Through the Bathroom Window,,0.02256777888108766,0.005154185670730462,304.9282291737838,0.04,0.92,0
1634,The Beatles,I Want You (She's So Heavy),,0.0053814518883567196,0.0012290532602629255,287.8140459284555,0.02,1.0,0
1635,AC/DC,Realize,,0.04492272621139821,0.010259763397583289,327.36928844647997,0.19999999999999998,0.4,0
1636,James,Sit Down,,0.029786468246424187,0.006802839952763143,312.31127386569426,0.1,0.8,0
1637,Bruce Springsteen,Because the Night,ao vivo,0.056153775164839936,0.012824788156471385,338.69792044820076,0.07999999999999999,0.8,0
1638,The Moody Blues,Talking Out of Turn,,0.03962553575959846,0.009049954347890906,322.1799238524589,0.04,0.92,0
1639,The B-52's,Roam,,0.01682980523501765,0.003843707501769524,299.40252808346474,0.06,0.88,0
1640,The Hollies,Bus Stop,,0.017568724257845513,0.004012466946788775,300.2801137559113,0.08,0.84,0
1641,Charlie Daniels Band,The Devil Went Down to Georgia,,0.020843118789540083,0.00476029585208355,303.58289219444373,0.08,0.84,0
1642,Little Richard,Good Golly Miss Molly,,0.06150356781056298,0.014046610859594041,344.78564562629026,0.19999999999999998,0.4,0
1643,Tears for Fears,Advice for the Young at Heart,,0.017565749777598776,0.004011787614385423,300.9385871591246,0.04,0.92,0
1644,"Peter, Paul and Mary",Leaving on a Jet Plane,,0.0053814518883567196,0.0012290532602629255,288.8763792617889,0.02,1.0,0
1645,"Crosby, Stills & Nash",Teach Your Children,,0.002864225804774105,0.0006541517301498667,286.40485729425336,0.02,1.0,0
1646,B. B. King,The Thrill Is Gone,,0.030338154748176017,0.00692883793763562,313.96909161369325,0.06,0.88,0
1647,The Black Crowes,Hard To Handle,,0.002864225804774105,0.0006541517301498667,286.6298572942534,0.02,1.0,0
1648,Aerosmith,Kings and Queens,,0.007950303322626466,0.001815745345581266,291.836453526954,0.02,1.0,0
1649,Status Quo,Roll Over Lay Down,,0.03047782062821753,0.006960735798802773,314.46066629980186,0.04,0.92,0
1650,Scott McKenzie,San Francisco (Be Sure to Wear Flowers in Your Hair),,0.012705106949658245,0.0029016803350507877,296.73073264482696,0.1,0.8,0
1651,Guns N' Roses,Since I Don't Have You,,0.03989541870220405,0.009111592083836557,324.0118415412195,0.04,0.92,0
1652,Aretha Franklin,Respect,,0.0,0.0,284.1253131620668,0.04,0.92,0
1653,Eric Clapton,Lay Down Sally,,0.028898752776257294,0.006600097344368734,313.12084389349116,0.04,0.92,0
1654,Wings,My Love,,0.026166033598528073,0.005975980008666469,310.4968033337648,0.04,0.92,0
1655,The Beatles,In My Life,,0.027238113878934336,0.006220829129541777,311.6233539600263,0.08,0.84,0
1656,Ramones,Do You Remember Rock 'n' Roll Radio?,,0.015277212606172706,0.003489115642187786,299.69580789170504,0.04,0.92,0
1657,Kansas,Play the Game Tonight,,0.023214526951514523,0.0053018944751604905,307.6840049479106,0.1,0.8,0
1658,Pink Floyd,Lucifer Sam,,0.008319095433747599,0.0018999726425888554,292.792095959596,0.02,1.0,0
1659,Santana,Just Feel Better,featuring Steven Tyler,0.04905388108171315,0.011203265163899755,333.6349690449141,0.22999999999999998,0.3,0
1660,Velvet Revolver,Slither,,0.03411356421823155,0.007791092105147318,318.75358981838434,0.11000000000000001,0.7,0
1661,The Archies,"Sugar, Sugar",,0.039462508969184226,0.009012721160188844,324.2335174879088,0.04,0.92,0
1662,The Beatles,Rock and Roll Music,,0.0597132192158291,0.013637718645556846,344.4888794923021,0.07999999999999999,0.8,0
1663,New York Dolls,Personality Crisis,,0.05731560870972601,0.013090135749620842,342.26080591526625,0.22999999999999998,0.3,0
1664,Sam & Dave,Sweet Soul Music,,0.0025629871643244174,0.0005853527627256841,287.5212049721813,0.02,1.0,0
1665,Autograph,Turn Up the Radio,,0.0,0.0,285.07311580108774,0.12,0.76,0
1666,Black Sabbath,Snowblind,,0.0034405577884372004,0.000785778420903619,288.5298925287069,0.02,1.0,0
1667,John Mellencamp,Jack & Diane,,0.04022451750975384,0.009186753949213974,325.4707380301755,0.06,0.88,0
1668,Rush,La Villa Strangiato,,0.033089212265879964,0.007557143510453321,318.3514718785273,0.04,0.92,0
1669,Whitesnake,Judgement Day,,0.033229038597103744,0.007589078016572946,318.5057638316721,0.04,0.92,0
1670,Eric Clapton,Tears in Heaven,acústica,0.034208396684286844,0.00781275060066155,320.00673627308817,0.06,0.88,0
1671,Pat Benatar,Hit Me with Your Best Shot,,0.010658268044928285,0.0024342090872757675,296.4822059727382,0.04,0.92,0
1672,The Jimi Hendrix Experience,The Wind Cries Mary,,0.06521241278818438,0.014893662567222946,351.22182720691507,0.22999999999999998,0.3,0
1673,The Offspring,What Happened to You,,0.09509232318679864,0.021717843485988902,381.20017091842453,0.36,0.0,1
1674,Del Shannon,Runaway,,0.016578064727264603,0.0037862132607704457,302.68899594558434,0.04,0.92,0
1675,Alice Cooper,Be My Lover,,0.05731560870972601,0.013090135749620842,343.5604284114142,0.22999999999999998,0.3,0
1676,Boston,Rock and Roll Band,,0.045883252816807774,0.010479135117416391,332.16712307427787,0.1,0.8,0
1677,Dave Matthews Band,Crash into Me,,0.012435085851079532,0.002840011046086971,298.72347814888644,0.06999999999999999,0.92,0
1678,Soundgarden,Spoonman,,0.08071849047237013,0.018435048001304785,367.1202486561647,0.36,0.0,1
1679,The Rolling Stones,Time Is on My Side,,0.02711316426032326,0.006192292270101519,313.55495553274164,0.06,0.88,0
1680,Ozzy Osbourne,Flying High Again,,0.0053814518883567196,0.0012290532602629255,291.8590459284555,0.02,1.0,0
1681,Blink-182,Edging,,0.09509232318679864,0.021717843485988902,381.5788385008421,0.36,0.0,1
1682,Steve Miller Band,Abracadabra,,0.022425236486342103,0.005121630851209217,308.9742328771694,0.04,0.92,0
1683,The Strokes,Someday,,0.09509232318679864,0.021717843485988902,381.64758499760165,0.36,0.0,1
1684,Foo Fighters,Generator,,0.08985497114741936,0.020521700747433383,376.483484971606,0.36,0.0,1
1685,Carly Simon,You're So Vain,,0.0028627048636066217,0.0006538043670702845,289.57655919537353,0.02,1.0,0
1686,Queensrÿche,Breaking the Silence,,0.009737334592228107,0.002223879925925228,296.5435,0.02,1.0,0
1687,Little Richard,Long Tall Sally,,0.03913499140504414,0.008937920430134808,325.98855158552226,0.06,0.88,0
1688,Eddie Vedder,You've Got to Hide Your Love Away,,0.07367274680941167,0.01682589225679803,360.5411076184633,0.22999999999999998,0.3,0
1689,Johnny Rivers,You've Lost That Lovin' Feelin',,0.014391467434088687,0.003286823024118049,301.28729940761207,0.04,0.92,0
1690,"Blood, Sweat & Tears",You've Made Me So Very Happy,,0.0034405577884372004,0.000785778420903619,290.4048925287069,0.02,1.0,0
1691,The Crickets,That'll Be the Day,,0.0007965720407133493,0.0001819266406137081,288.0502586502202,0.02,1.0,0
1692,The Jimi Hendrix Experience,Castles Made of Sand,,0.005439251474652559,0.0012422539301662372,292.730595831158,0.02,1.0,0
1693,Paul Revere and the Raiders,Let Me,,0.0025629871643244174,0.0005853527627256841,290.3647599658602,0.02,1.0,0
1694,Queen,Flash,,0.010897524313429711,0.0024888520912346515,299.0685,0.02,1.0,0
1695,Wishbone Ash,Vas Dis,,0.028898752776257294,0.006600097344368734,317.1049498285396,0.04,0.92,0
1696,Sex Pistols,Pretty Vacant,,0.05731560870972601,0.013090135749620842,345.59806782002806,0.22999999999999998,0.3,0
1697,Coldplay,The Hardest Part,,0.0027857591827374437,0.0006362309794608875,291.3546179365288,0.02,1.0,0
1698,Danger Danger,Don’t Walk Away,,0.030695695276612974,0.007010495520248657,319.46455265952096,0.04,0.92,0
1699,U2,Gloria,,0.04771076834158965,0.010896515772397988,336.539029255868,0.06,0.88,0
1700,The Beatles,Lady Madonna,,0.00914275982576008,0.0020880868220644142,298.06834787231196,0.04,0.92,0
1701,Robert Plant,If I Were a Carpenter,,0.021315242230343933,0.00486812267395331,310.29833333333335,0.02,1.0,0
1702,Paul McCartney,No More Lonely Nights,,0.03625029501499021,0.008279093485916395,325.24475018467615,0.04,0.92,0
1703,Echo & the Bunnymen,The Game,,0.026822870661063807,0.0061259930070020506,315.8785824943203,0.06,0.88,0
1704,Elvis Presley,Tutti Frutti,,0.0,0.0,289.1564532534772,0.15999999999999998,0.8,0
1705,Pearl Jam,Garden,,0.043338291343869774,0.00989789918695579,332.4962083748567,0.19999999999999998,0.4,0
1706,Elton John,Bennie and the Jets,,0.0020103310942672873,0.00045913334112731967,291.3546179365288,0.02,1.0,0
1707,Electric Light Orchestra,Confusion,,0.0005534330970399167,0.0001263968844032578,289.97522149253365,0.02,1.0,0
1708,Chicago,If You Leave Me Now,,0.0034405577884372004,0.000785778420903619,293.0670397820863,0.02,1.0,0
1709,Cat Stevens,Father and Son,,0.01591828101272994,0.003635527285639517,305.80136482360876,0.04,0.92,0
1710,Audioslave,Cochise,,0.055014684147692956,0.012564634659347354,344.89935837081504,0.16,0.92,0
1711,Billy Joel,Uptown Girl,,0.017048009904563174,0.003893542595731762,306.9964236734458,0.04,0.92,0
1712,The Who,We're Not Gonna Take It,,0.0,0.0,289.97522149253365,0.02,1.0,0
1713,The Drifters,Save the Last Dance for Me,,0.00824337518964906,0.001882679128717893,298.29854857424647,0.02,1.0,0
1714,Led Zeppelin,No Quarter,,0.00824337518964906,0.001882679128717893,298.29854857424647,0.02,1.0,0
1715,America,Sister Golden Hair,,0.04263614439035478,0.009737538001850999,332.93122339545715,0.11999999999999998,0.88,0
1716,The Outsiders,Time Won't Let Me,,0.0025629871643244174,0.0005853527627256841,293.18975996586016,0.02,1.0,0
1717,Ramones,The KKK Took My Baby Away,,0.06521241278818438,0.014893662567222946,356.14376583581475,0.22999999999999998,0.3,0
1718,The Beatles,I Should Have Known Better,,0.010773675360044185,0.0024605666093430512,301.7535533602428,0.08,0.84,0
1719,Talking Heads,And She Was,,0.03747232194361823,0.008558188461012042,328.46642613257217,0.04,0.92,0
1720,Eagles,Best of My Love,,0.006933736876227316,0.001583574858667874,297.96683801746354,0.02,1.0,0
1721,Led Zeppelin,The Rover,,0.03047782062821753,0.006960735798802773,321.63144281495335,0.04,0.92,0
1722,Nazareth,Razamanaz,,0.028823626222500936,0.0065829394216106885,320.4494626636246,0.08,0.84,0
1723,Pete Townshend,Face the Face,,0.03154926734175391,0.007205440221287539,323.2031120697391,0.06,0.88,0
1724,Def Leppard,Foolin',,0.016995694332302375,0.003881594402942234,308.67415069343883,0.10999999999999999,0.84,0
1725,Morrissey,"Irish Blood, English Heart",,0.019281747945275367,0.004403699162856433,311.0046790541635,0.04,0.92,0
1726,Morrissey,Alma Matters,,0.05773398390551997,0.01318568717497433,349.54011511577994,0.13999999999999999,0.6,0
1727,Elvis Presley,Heartbreak Hotel,,0.0,0.0,292.01850387818445,0.04,0.92,0
1728,Bruce Springsteen,Streets of Philadelphia,,0.0267295618001658,0.006104682482987845,319.0808118669458,0.08,0.84,0
1729,Bachman–Turner Overdrive,Let It Ride,,0.005439251474652559,0.0012422539301662372,297.79852506396224,0.02,1.0,0
1730,Ozzy Osbourne,Waiting For Darkness,,0.016617910592472893,0.0037953135354840788,309.1527244998841,0.02,1.0,0
1731,King Crimson,The Court of the Crimson King,,0.0005534330970399167,0.0001263968844032578,293.17352506396224,0.02,1.0,0
1732,Volbeat,Leviathan,,0.08683208136102162,0.01983131223807478,379.4591649999734,0.36,0.0,1
1733,Lloyd Cole and the Commotions,Jennifer She Said,,0.02681999719895566,0.006125336745820955,319.54429596384006,0.04,0.92,0
1734,Red Hot Chili Peppers,Hump de Bump,,0.06027592716068357,0.01376623378395204,353.09497107109144,0.13999999999999999,0.6,0
1735,Talking Heads,Burning Down the House,,0.0456997990623951,0.010437236678176193,338.8412132510434,0.04,0.92,0
1736,Isaac Hayes,Theme from Shaft,,0.0,0.0,293.17352506396224,0.02,1.0,0
1737,Jethro Tull,Bungle in the Jungle,,0.0,0.0,293.36947333501007,0.02,1.0,0
1738,The J. Geils Band,Freeze Frame,,0.03203106346256544,0.007315476156821334,325.5383219573398,0.1,0.8,0
1739,The Rolling Stones,Let's Spend the Night Together,,0.0,0.0,293.62740128378937,0.15999999999999998,0.8,0
1740,Carl Perkins,Blue Suede Shoes,,0.01175672549365071,0.0026850824085691122,305.83833234720174,0.04,0.92,0
1741,Electric Light Orchestra,Hold on Tight,,0.010705411605803605,0.002444976060277901,304.9241109338576,0.08,0.84,0
1742,The Beach Boys,Good Vibrations,,0.012936692699182205,0.0029545714927509395,307.17765052213053,0.08,0.84,0
1743,Bauhaus,Bela Lugosi's Dead,,0.011825354621198969,0.0027007564041212576,306.09918789224946,0.02,1.0,0
1744,Rush,The Big Money,,0.021150274289436048,0.00483044615285491,315.66647295210436,0.14,0.72,0
1745,Aretha Franklin,Chain of Fools,,0.004881840291487409,0.0011149485028969911,299.4807802726458,0.02,1.0,0
1746,Chicago,Saturday in the Park,,0.004881840291487409,0.0011149485028969911,299.4807802726458,0.02,1.0,0
1747,Led Zeppelin,Moby Dick,,0.010894087687182854,0.002488067210726448,305.57919873734784,0.02,1.0,0
1748,Bob Dylan,All Along the Watchtower,,0.015670160034342313,0.003578859697829852,310.65515151515154,0.02,1.0,0
1749,Dream Theater,Take Away My Pain,,0.05392570546629574,0.012315926164596367,349.083726775121,0.07999999999999999,0.8,0
1750,Them,Here Comes the Night,,0.004881840291487409,0.0011149485028969911,300.0942541008691,0.02,1.0,0
1751,Stevie Wonder,Higher Ground,,0.004881840291487409,0.0011149485028969911,300.0942541008691,0.02,1.0,0
1752,The Jimi Hendrix Experience,Stone Free,,0.061141380775563685,0.013963892075625355,356.39926526498755,0.22999999999999998,0.3,0
1753,UFO,Rock Bottom,,0.02794867367789291,0.006383111698565818,323.6247343792358,0.11000000000000001,0.7,0
1754,The Turtles,Happy Together,,0.02805095454759232,0.006406471312100332,323.80249438269925,0.16,0.6799999999999999,0
1755,Rare Earth,I Just Want to Celebrate,,0.004781245731967216,0.0010919740205624926,300.80015737271384,0.04,0.92,0
1756,Sting,Fields of Gold,,0.011049926532728812,0.0025236587657876896,307.3878353281469,0.02,1.0,0
1757,Big Brother and the Holding Company,"Bye, Bye Baby",,0.004881840291487409,0.0011149485028969911,301.23966512164594,0.02,1.0,0
1758,The Monkees,(I'm Not Your) Steppin' Stone,,0.004881840291487409,0.0011149485028969911,301.23966512164594,0.02,1.0,0
1759,Warren Zevon,Werewolves of London,,0.02088717175684144,0.004770356973916328,317.40533712121214,0.04,0.92,0
1760,Skid Row,I Remember You,,0.012378309285619536,0.0028270440207687447,309.1687193119719,0.04,0.92,0
1761,The Who,Anyway Anyhow Anywhere,,0.03254593037040732,0.007433065027782658,329.3374505093845,0.02,1.0,0
1762,Led Zeppelin,How Many More Times,,0.015660633231227915,0.0035766839005412117,312.4881707675357,0.02,1.0,0
1763,Supergrass,Alright,,0.03622001249131902,0.008272177353389485,333.3770443435296,0.06,0.88,0
1764,Rage Against the Machine,Testify,,0.04902538058096908,0.011196756022113239,346.2169278581248,0.19999999999999998,0.4,0
1765,Bruce Springsteen,I'm Goin' Down,,0.03728121289304099,0.008514541652204574,334.748803989341,0.02,1.0,0
1766,Joe Cocker,Don't Let Me Be Misunderstood,,0.011377546890300898,0.0025984829725177873,309.2108680224899,0.06,0.88,0
1767,Steppenwolf,The Pusher,,0.03452039979061243,0.007884008031369292,332.63296110790077,0.06,0.88,0
1768,Alice Cooper,Elected,,0.005439251474652559,0.0012422539301662372,303.70038749782464,0.02,1.0,0
1769,The Troggs,Wild Thing,,0.02627651898461646,0.006001213426487623,324.8129174216146,0.1,0.8,0
1770,Eric Clapton,Gotta Get Over,,0.021315242230343933,0.00486812267395331,319.92333333333335,0.02,1.0,0
1771,Stevie Ray Vaughan & Double Trouble,Voodoo Child,,0.0,0.0,298.6103874978246,0.02,1.0,0
1772,U2,"Stay (Faraway, So Close!)",,0.019220848888919086,0.004389790614510295,317.8690856109952,0.02,1.0,0
1773,David Bowie,Space Oddity,,0.0,0.0,298.6878075313719,0.1,0.8,0
1774,Rage Against the Machine,Freedom,,0.05052138591753648,0.01153842408389728,349.4257332464574,0.16999999999999998,0.5,0
1775,The Who,Getting in Tune,,0.050080465886024245,0.011437723712791514,349.0956263873727,0.06999999999999999,0.92,0
1776,Grand Funk Railroad,Footstompin´music,,0.014754339441914826,0.0033696982469258213,313.8108182241707,0.06,0.88,0
1777,The Temptations,My Girl,,0.0,0.0,299.0764951835921,0.04,0.92,0
1778,Elvis Presley,It’s Now or Never,,0.025923877229949835,0.005920674659762682,325.0945230316118,0.04,0.92,0
1779,U2,Walk On,,0.019220848888919086,0.004389790614510295,318.4001689443286,0.02,1.0,0
1780,The Beatles,Michelle,,0.007233946657520421,0.0016521388481108383,306.41934892705416,0.04,0.92,0
1781,The Dave Clark Five,Do You Love Me,,0.0,0.0,299.27038749782463,0.02,1.0,0
1782,Steve Winwood,Higher Love,,0.0007965720407133493,0.0001819266406137081,300.18711793652886,0.02,1.0,0
1783,Pink Floyd,One of These Days,,0.0007965720407133493,0.0001819266406137081,300.18711793652886,0.02,1.0,0
1784,The Doors,Waiting for the Sun,,0.0,0.0,299.5673587472501,0.06,0.88,0
1785,Queen,Friends Will Be Friends,,0.00487933443525593,0.0011143761980924622,304.6068313015418,0.06,0.88,0
1786,Jethro Tull,Living in the Past,,0.03539742677028521,0.008084309528264126,335.1580199457326,0.06,0.88,0
1787,Supertramp,Take the Long Way Home,,0.00905679277704872,0.00206845307197506,308.95813685419967,0.04,0.92,0
1788,Nazareth,Dream On,,0.03322315243851767,0.007587733694900891,333.24408749430245,0.06,0.88,0
1789,Kiss,Beth,,0.03711676262039951,0.008476983359770807,337.20438339299113,0.1,0.8,0
1790,Herman's Hermits,No Milk Today,,0.04699460017833321,0.010732952326285749,347.3370819819979,0.04,0.92,0
1791,Traffic,Dear Mr. Fantasy,,0.022670326033082156,0.005177606099660097,323.68859139039284,0.02,1.0,0
1792,Chris Rea,The Road to Hell,,0.03254593037040732,0.007433065027782658,333.71588192861884,0.02,1.0,0
1793,Led Zeppelin,The Lemon Song,,0.005554941548664483,0.0012686760306689015,306.79007905313364,0.02,1.0,0
1794,Heart,If Looks Could Kill,,0.006548883807595281,0.001495679448927654,307.8308913580646,0.18,0.64,0
1795,James Gang,Walk Away,,0.019902721112975932,0.004545521316455809,321.66606639100365,0.08,0.84,0
1796,Elton John,Lucy in the Sky with Diamonds,,0.0007965720407133493,0.0001819266406137081,302.5787083255448,0.02,1.0,0
1797,The Cars,It's All I Can Do,,0.01200720389397379,0.0027422884007305567,314.0383682619475,0.02,1.0,0
1798,The Beatles,Because,,0.004881840291487409,0.0011149485028969911,306.93632905313365,0.02,1.0,0
1799,U2,When Love Comes to Town,,0.06273830117958218,0.014328607819565351,364.8076497674515,0.19999999999999998,0.4,0
1800,Hot Chocolate,You Sexy Thing,,0.006865620472162647,0.0015680179624566115,309.0830379681045,0.04,0.92,0
1801,The Animals,Don't Let Me Be Misunderstood,,0.018161649838714735,0.004147883398218416,320.4199590891331,0.04,0.92,0
1802,Grand Funk Railroad,Bad Time,,0.02884431598272464,0.006587664692371172,331.15169187036406,0.06,0.88,0
1803,Aerosmith,Remember (Walking in the Sand),,0.0030649340172690036,0.000699990862050705,305.38285861528465,0.06,0.88,0
1804,John Lennon,Mind Games,,0.0,0.0,302.34161933232804,0.1,0.8,0
1805,"Emerson, Lake & Palmer",C'est la Vie,,0.010048043737090815,0.002294841832750642,312.58203972790926,0.06,0.88,0
1806,Joe Satriani,"Always With Me, Always With You",,0.0,0.0,302.7682112536913,0.08,0.84,0
1807,Chris Isaak,Wicked Game,,0.012782631982443947,0.0029193860390641243,315.6501666439988,0.02,1.0,0
1808,The Beatles,Dear Prudence,,0.0007965720407133493,0.0001819266406137081,303.8571179365288,0.02,1.0,0
1809,The Lovin' Spoonful,Summer in the City,,0.0007965720407133493,0.0001819266406137081,303.8571179365288,0.02,1.0,0
1810,Sex Pistols,My Way,,0.017366599231285,0.003966304233077181,320.77349084811954,0.08,0.84,0
1811,Santana,Hold On,,0.029817872504956273,0.006810012274867985,333.2360757325944,0.1,0.8,0
1812,Men at Work,Overkill,,0.01174438115246532,0.002682263122418375,315.18698591411726,0.06,0.88,0
1813,Yes,I've Seen All Good People,,0.027107359401706128,0.006190966516279545,330.6452263594406,0.06,0.88,0
1814,The Stone Roses,Elephant Stone,,0.04902538058096908,0.011196756022113239,352.9118649765619,0.19999999999999998,0.4,0
1815,Journey,Higher Place,,0.07204934686763664,0.016455128932598078,376.0526594073657,0.22999999999999998,0.3,0
1816,The Beatles,The Long and Winding Road,,0.02964824746035358,0.006771272132167416,334.346664255151,0.06,0.88,0
1817,Mott the Hoople,All the Young Dudes,,0.014666911545188333,0.003349730858247292,319.5148262950127,0.08,0.84,0
1818,The Wallflowers,6th Avenue Heartache,,0.01200720389397379,0.0027422884007305567,316.8813496802593,0.02,1.0,0
1819,Rush,Animate,,0.02976636139569358,0.006798247810910581,334.77514556985517,0.06999999999999999,0.92,0
1820,Men at Work,Be Good Johnny,,0.014284802020183646,0.00326246203800556,319.3879405490004,0.08,0.84,0
1821,Bachman–Turner Overdrive,Takin' Care of Business,,0.029955593077606226,0.006841465853257661,335.1228998903501,0.23,0.6,0
1822,Elvis Presley,Love Me Tender,,0.006572999794154228,0.001501187224992485,311.82916113596167,0.04,0.92,0
1823,Foreigner,Waiting for a Girl Like You,,0.006095599345041344,0.001392155203410602,311.66498749010975,0.02,1.0,0
1824,Incubus,Drive,,0.03808147984744573,0.008697312162802258,343.6537795274342,0.11000000000000001,0.7,0
1825,R.E.M.,Man on the Moon,,0.04925555235100612,0.011249324245383354,354.83713773775804,0.13999999999999999,0.6,0
1826,The Who,Squeeze Box,,0.0347306780591084,0.007932032838952647,340.5914230369601,0.02,1.0,0
1827,Bob Seger & the Silver Bullet Band,Against the Wind,,0.009980163462801362,0.002279338865493144,315.91381072418005,0.04,0.92,0
1828,Foo Fighters,Shame Shame,,0.05211427282719971,0.011902218630455893,358.0485922536632,0.19999999999999998,0.4,0
1829,Greta Van Fleet,The Cold Wind,,0.05211427282719971,0.011902218630455893,358.0683601566254,0.16999999999999998,0.5,0
1830,Bad Religion,21st Century (Digital Boy),,0.0551483657671945,0.012595165793638657,361.1489651735296,0.11000000000000001,0.7,0
1831,Edwyn Collins,A Girl Like You,,0.02562668178111356,0.005852799104446873,331.64438747892336,0.04,0.92,0
1832,Jefferson Airplane,Volunteers,,0.018731219936040207,0.0042779657625299375,324.7831989536495,0.1,0.8,0
1833,The Monkees,(Theme From) The Monkees,,0.004813360551209822,0.0010993086254445464,310.9947671508928,0.04,0.92,0
1834,Soft Cell,Torch,,0.009642901687883199,0.002202312685082228,315.83608659889035,0.06,0.88,0
1835,Paramore,Ain't It Fun,,0.07350358618382585,0.016787258181329624,379.86949781394543,0.36,0.0,1
1836,The Jam,That's Entertainment,,0.02088717175684144,0.004770356973916328,327.29384610814026,0.04,0.92,0
1837,Bee Gees,I Started a Joke,,0.02792868123300091,0.00637854568551118,334.4575434541127,0.04,0.92,0
1838,Elvis Presley,Can't Help Falling in Love,,0.00796907163767388,0.0018200317833822939,314.78757882553657,0.02,1.0,0
1839,Chicago,Questions 67 and 68,,0.00796907163767388,0.0018200317833822939,314.78757882553657,0.02,1.0,0
1840,Stray Cats,Rock This Town,,0.022398081590268844,0.005115429027938595,329.33655479174513,0.06,0.88,0
1841,The Spencer Davis Group,Gimme Some Lovin',,0.0040654586244283945,0.000928497602594665,311.0315210058984,0.04,0.92,0
1842,The Allman Brothers Band,Whipping Post,,0.00886169022481248,0.002023894199595214,315.8390853281469,0.02,1.0,0
1843,R.E.M.,Drive,,0.024758579921775544,0.005654535988359534,332.2913349448975,0.04,0.92,0
1844,Hall & Oates,Maneater,,0.02916752992901824,0.0066614825323697184,336.89186813123916,0.04,0.92,0
1845,David Coverdale,Don't You Cry,,0.020067387736635963,0.004583129020633881,328.16740148257276,0.02,1.0,0
1846,Ozzy Osbourne,Let Me Hear You Scream,,0.03531170601387461,0.008064732028116516,343.55655844491395,0.04,0.92,0
1847,Buffalo Springfield,For What It's Worth,,0.0,0.0,308.26459288787345,0.04,0.92,0
1848,Guns N' Roses,Breakdown,,0.021405596577620162,0.004888758425680283,329.67728540234,0.02,1.0,0
1849,Whitesnake,Crying in the Rain,,0.03586301685350181,0.008190644216670711,344.2302874596834,0.04,0.92,0
1850,Patti Smith,People Have the Power,,0.0463956310713986,0.010596155612509024,354.7853966949364,0.16999999999999998,0.5,0
1851,T. Rex,20th Century Boy,,0.0,0.0,308.46424586431294,0.13,0.8,0
1852,The Wallflowers,"""Heroes""",,0.011825354621198969,0.0027007564041212576,320.50639650013653,0.02,1.0,0
1853,Red Hot Chili Peppers,Suck My Kiss,,0.0463956310713986,0.010596155612509024,355.1060332981706,0.19999999999999998,0.4,0
1854,Uriah Heep,Gypsy,,0.012067981156171864,0.002756169132883159,320.97343624268814,0.08,0.84,0
1855,Jethro Tull,Bourée,,0.0,0.0,309.05030858191094,0.04,0.92,0
1856,Faces,Stay with Me,,0.0031849927315274478,0.0007274107028749949,312.3385723341733,0.04,0.92,0
1857,The Blues Brothers,Everybody Need Somebody to Love,,0.031462614179364246,0.0071856497718035366,340.76831256613457,0.04,0.92,0
1858,Hole,Doll Parts,,0.04231036282062453,0.009663133750225738,351.7160520961246,0.19999999999999998,0.4,0
1859,R.E.M.,It's the End of the World as We Know It (And I Feel Fine),,0.0025074207143745823,0.0005726621119702918,311.94019239466303,0.08,0.84,0
1860,Tommy James & the Shondells,Mony Mony,,0.009421134763880479,0.002151664018770867,318.87794573418427,0.04,0.92,0
1861,Van Halen,Tattoo,,0.024855073721783198,0.005676573910830077,334.7496433954545,0.02,1.0,0
1862,Paul McCartney,Come On To Me,,0.06630826417979946,0.015143940699141628,376.22379856705504,0.13999999999999999,0.6,0
1863,Jesus Jones,"Right Here, Right Now",,0.05244856614012182,0.011978566852953237,362.6228837953739,0.04,0.92,0
1864,The Black Crowes,Thorn in my Pride,,0.040691438892549406,0.009293392689040485,351.01672010327593,0.08,0.84,0
1865,David Bowie,The Stars (Are Out Tonight),,0.019063732317567895,0.004353907243578686,329.5175776445776,0.02,1.0,0
1866,Simon & Garfunkel,The Sounds of Silence,,0.004881840291487409,0.0011149485028969911,315.4799099565322,0.02,1.0,0
1867,Steve Miller Band,Fly Like an Eagle,,0.004881840291487409,0.0011149485028969911,315.4799099565322,0.02,1.0,0
1868,Peter Frampton,Baby (Somethin's Happening),,0.004881840291487409,0.0011149485028969911,315.8390853281469,0.02,1.0,0
1869,Rush,In the Mood,,0.00824337518964906,0.001882679128717893,319.69450476184187,0.02,1.0,0
1870,"Blood, Sweat & Tears",And When I Die,,0.00824337518964906,0.001882679128717893,319.69450476184187,0.02,1.0,0
1871,Johnny Rivers,Do You Want to Dance?,,0.0,0.0,311.50391070746764,0.06,0.88,0
1872,The Beach Boys,Surfin',,0.03411340732342568,0.007791056272424724,345.7638040091348,0.04999999999999999,0.9,0
1873,Grand Funk Railroad,Sally,,0.03995819425819209,0.009125929200167346,351.671667299283,0.06,0.88,0
1874,Sex Pistols,Holidays in the Sun,,0.023607689483509584,0.005391687657704265,335.47863340656875,0.02,1.0,0
1875,Live,Heaven,,0.05773398390551997,0.01318568717497433,369.6768258023107,0.13999999999999999,0.6,0
1876,George Harrison,Dark Horse,,0.017498838427159914,0.003996505936668782,329.5861698177112,0.08,0.84,0
1877,Matchbox Twenty,Bent,,0.0703877190637129,0.01607563486443135,383.00885196736436,0.36,0.0,1
1878,Status Quo,Pictures of Matchstick Men,,0.0031849927315274478,0.0007274107028749949,315.8617369436179,0.04,0.92,0
1879,Alice Cooper,Feed My Frankenstein,,0.033625045873920026,0.007679520901644899,346.49216065986343,0.02,1.0,0
1880,Ozzy Osbourne,Under the Graveyard,,0.04071651465727423,0.009299119665891345,353.64399842992844,0.16999999999999998,0.5,0
1881,Van Halen,Poundcake,,0.04495434856834839,0.010266985530515652,357.97842836954857,0.19999999999999998,0.4,0
1882,Manowar,Battle Hymn,,0.03426170360784317,0.007824925205127167,347.32686996527013,0.16999999999999998,0.5,0
1883,Aerosmith,Fly Away from Here,,0.04927364988429266,0.011253457485399245,362.5464049055625,0.13999999999999999,0.6,0
1884,38 Special,Hold On Loosely,,0.01826357152767411,0.004171160979567428,331.56761873567336,0.02,1.0,0
1885,Buddy Holly,Peggy Sue,,0.0,0.0,313.6645227788604,0.04,0.92,0
1886,The Rolling Stones,Honky Tonk Women,,0.0,0.0,314.08492165368426,0.08,0.84,0
1887,Simon & Garfunkel,Mrs. Robinson,,0.011421628703325741,0.0026085506823367126,325.530861912082,0.04,0.92,0
1888,Sam & Dave,Soul Man,,0.005375856555948436,0.0012277753594879441,319.5890905224236,0.02,1.0,0
1889,The Sweet,Block Buster!,,0.005375856555948436,0.0012277753594879441,319.5890905224236,0.02,1.0,0
1890,Rush,Roll the Bones,,0.061751837113886564,0.014103312322880044,376.2112609147454,0.13999999999999999,0.6,0
1891,Imagine Dragons,It's Time,,0.06458542927413254,0.014750467729089434,379.1299375768026,0.22999999999999998,0.3,0
1892,Jefferson Airplane,White Rabbit,,0.0,0.0,314.66571469844575,0.12,0.76,0
1893,Bee Gees,Massachusetts,,0.0,0.0,314.6786195453324,0.04,0.92,0
1894,Dire Straits,Tunnel of Love,,0.01721440911631715,0.003931546000380587,332.00370322318025,0.04,0.92,0
1895,Peter Gabriel,Shock the Monkey,,0.004881840291487409,0.0011149485028969911,319.71223053429014,0.02,1.0,0
1896,Uriah Heep,Walking in Your Shadow,,0.005375856555948436,0.0012277753594879441,320.37846441579364,0.02,1.0,0
1897,John Lennon,Mother,,0.0390478826002715,0.008918025917887089,354.24508448513103,0.06,0.88,0
1898,The Yardbirds,Train Kept A-Rollin',,0.005375856555948436,0.0012277753594879441,320.7546182619475,0.02,1.0,0
1899,The Platters,The Great Pretender,,0.005375856555948436,0.0012277753594879441,320.7546182619475,0.02,1.0,0
1900,The Rolling Stones,Living in a Ghost Town,,0.0536513610004886,0.012253269475076406,369.05149776674574,0.19999999999999998,0.4,0
1901,Eddie Vedder,Drive,,0.0703877190637129,0.01607563486443135,386.3666867547117,0.36,0.0,1
1902,John Lennon,Jealous Guy,,0.024166739949706452,0.005519367475787816,340.3874875160561,0.12,0.76,0
1903,Ozzy Osbourne,Ordinary Man,,0.05748571460219638,0.013128985711688326,373.8095123850202,0.19999999999999998,0.4,0
1904,Humble Pie,30 Days in the Hole,,0.008015525235484785,0.0018306411778403143,324.3965713264445,0.04,0.92,0
1905,Wilson Pickett,Mustang Sally,,0.00824337518964906,0.001882679128717893,324.68275476184186,0.02,1.0,0
1906,The Boomtown Rats,I Don't Like Mondays,,0.007494373303249553,0.0017116168894708748,323.9575962658821,0.06,0.88,0
1907,April Wine,Sign of the Gypsy Queen,,0.01904579867025572,0.004349811432976881,335.6816603165353,0.02,1.0,0
1908,Santana,Smooth,,0.006871027433511498,0.001569252841744169,323.68157662319885,0.02,1.0,0
1909,Triumvirat,I Believe,,0.0233248574113617,0.005327092509853482,340.2274264106358,0.02,1.0,0
1910,Red Hot Chili Peppers,Soul to Squeeze,,0.024855073721783198,0.005676573910830077,341.85047419468407,0.02,1.0,0
1911,The Cult,Heart of Soul,,0.015660633231227915,0.0035766839005412117,332.6627638995755,0.02,1.0,0
1912,B. B. King,My Lucille,,0.006781739671412478,0.0015488606841283386,323.81133429831283,0.04,0.92,0
1913,Green Day,When I Come Around,,0.012782631982443947,0.0029193860390641243,329.90619568345295,0.02,1.0,0
1914,John Mellencamp,R.O.C.K. in the U.S.A.,,0.02624713842949027,0.005994503291785071,343.4562768881029,0.04,0.92,0
1915,"Blood, Sweat & Tears",Spinning Wheel,,0.028197458385761848,0.006439930873512164,345.5003584478229,0.04,0.92,0
1916,The Clash,This Is Radio Clash,,0.01592669068053743,0.0036374479438282268,333.29065667098354,0.04,0.92,0
1917,Talking Heads,Road to Nowhere,,0.024855073721783198,0.005676573910830077,342.4034975621212,0.02,1.0,0
1918,Genesis,The Musical Box,,0.005375856555948436,0.0012277753594879441,323.2501310824603,0.02,1.0,0
1919,Marillion,Beautiful,,0.0017448987041844021,0.0003985120531963467,319.6486414747857,0.06,0.88,0
1920,System of a Down,Protect the Land,,0.05748571460219638,0.013128985711688326,375.8305231651757,0.19999999999999998,0.4,0
1921,Nickelback,Those Days,,0.0703877190637129,0.01607563486443135,388.7543874466023,0.36,0.0,1
1922,Eagles,Tequila Sunrise,,0.004881840291487409,0.0011149485028969911,323.2956906881111,0.02,1.0,0
1923,Aerosmith,Draw the Line,,0.005375856555948436,0.0012277753594879441,323.81409052242356,0.02,1.0,0
1924,Steppenwolf,Sookie Sookie,,0.005375856555948436,0.0012277753594879441,323.81409052242356,0.02,1.0,0
1925,Van Morrison,Domino,,0.004881840291487409,0.0011149485028969911,323.3376465001365,0.02,1.0,0
1926,Rush,2112,,0.004881840291487409,0.0011149485028969911,323.3376465001365,0.02,1.0,0
1927,Metallica,Fade to Black,,0.04495434856834839,0.010266985530515652,363.6491245067447,0.16999999999999998,0.5,0
1928,The Rascals,Good Lovin',,0.0053814518883567196,0.0012290532602629255,324.1825996802593,0.02,1.0,0
1929,The Marcels,Blue Moon,,0.02945253540775276,0.006726574057872221,348.2755789945931,0.02,1.0,0
1930,Black Sabbath,Electric Funeral,,0.005375856555948436,0.0012277753594879441,324.41786235011966,0.02,1.0,0
1931,Def Leppard,Let It Go,,0.06258266327861388,0.014293062157618724,381.68115705392063,0.22999999999999998,0.3,0
1932,Foreigner,Hot Blooded,,0.029015282151996002,0.0066267111304137115,348.17300072888787,0.04,0.92,0
1933,Green Day,Oh Yeah!,,0.04839839706691727,0.011053561183979736,367.62754359717604,0.19999999999999998,0.4,0
1934,Travis,Sing,,0.0703877190637129,0.01607563486443135,389.64222156968566,0.36,0.0,1
1935,Red Hot Chili Peppers,Tell Me Baby,,0.04864666637024086,0.01111026264726574,367.9810867889818,0.13999999999999999,0.6,0
1936,Stevie Ray Vaughan & Double Trouble,Crossfire,,0.02509108013983709,0.005730474691431627,344.47545756145365,0.08,0.84,0
1937,Wilson Pickett,In the Midnight Hour,,0.004881840291487409,0.0011149485028969911,324.3914504943035,0.02,1.0,0
1938,Creedence Clearwater Revival,Good Golly Miss Molly,,0.0053814518883567196,0.0012290532602629255,325.3341653843379,0.02,1.0,0
1939,The Edgar Winter Group,Frankenstein,,0.005375856555948436,0.0012277753594879441,325.3862512390086,0.02,1.0,0
1940,Billy Idol,White Wedding,,0.021557216607900612,0.004923386458486919,341.6055422689123,0.02,1.0,0
1941,The Wallflowers,One Headlight,,0.0,0.0,320.0665009057971,0.04,0.92,0
1942,Scorpions,Always Somewhere,,0.0006338498189998997,0.00014476301242131483,320.715,0.02,1.0,0
1943,"Crosby, Stills & Nash",Long Time Gone,,0.021684928118149167,0.004952554097871319,341.83385040626536,0.04,0.92,0
1944,Nirvana,About a Girl,acústica,0.005375856555948436,0.0012277753594879441,325.5547817866857,0.02,1.0,0
1945,U2,Ultra Violet (Light My Way),,0.044955869509515876,0.010267332893595235,365.43995144063376,0.19999999999999998,0.4,0
1946,The Carpenters,Please Mr. Postman,,0.036835785329965925,0.008412811819816245,357.32199984097383,0.04,0.92,0
1947,Chicago,25 or 6 to 4,,0.015103722819015392,0.0034494928428110312,335.6014542016328,0.04,0.92,0
1948,The White Buffalo,The House of the Rising Sun,,0.0703877190637129,0.01607563486443135,390.9204261300438,0.36,0.0,1
1949,Rainbow,Catch the Rainbow,,0.005375856555948436,0.0012277753594879441,326.0108345723419,0.02,1.0,0
1950,Public Image Ltd.,Rise,,0.009843297684584895,0.002248080510977456,330.5697147701353,0.08,0.84,0
1951,Lynyrd Skynyrd,Gimme back my bullets,,0.016070557866882107,0.003670305328431878,336.88135498029527,0.04,0.92,0
1952,Stevie Wonder,Shoo-Be-Doo-Be-Doo-Da-Day,,0.005375856555948436,0.0012277753594879441,326.1986738557569,0.02,1.0,0
1953,Bee Gees,Words,,0.005375856555948436,0.0012277753594879441,326.1986738557569,0.02,1.0,0
1954,Janis Joplin,Kozmic Blues,,0.030910612680075236,0.00705957984561149,351.9315866251945,0.04,0.92,0
1955,Bob Seger & the Silver Bullet Band,Night Moves,,0.029451391377631614,0.006726312776348311,350.6147252858854,0.06,0.88,0
1956,Elton John,Goodbye Yellow Brick Road,,0.0,0.0,321.32931028042594,0.04,0.92,0
1957,Yes,Awaken,,0.005375856555948436,0.0012277753594879441,327.20161235011966,0.02,1.0,0
1958,Iron Maiden,Cross-Eyed Mary,,0.010706306043540439,0.0024451803381641225,332.7259319345542,0.02,1.0,0
1959,XTC,The Ballad of Peter Pumpkinhead,,0.007735781547506222,0.0017667513765597504,330.15183712121217,0.04,0.92,0
1960,Pink Floyd,On the Turning Away,,0.017664512686044583,0.004034343771559474,340.1271857788179,0.04,0.92,0
1961,Pearl Jam,Dance of the Clairvoyants,,0.04839839706691727,0.011053561183979736,371.1783329738318,0.19999999999999998,0.4,0
1962,The Beach Boys,"Fun, Fun, Fun",,0.0,0.0,322.8934774638699,0.04,0.92,0
1963,The Animals,See See Rider,,0.0053814518883567196,0.0012290532602629255,328.7407748379954,0.02,1.0,0
1964,Pilot,Magic,,0.005375856555948436,0.0012277753594879441,329.017445683453,0.02,1.0,0
1965,Them,Gloria,,0.010998371869141899,0.0025118843545920144,335.469593473699,0.02,1.0,0
1966,The Beatles,I Feel Fine,,0.0044088466055641025,0.0010069229284185516,328.8925,0.02,1.0,0
1967,David Bowie,As The World Falls Down,,0.038094582663157815,0.00870030467461945,362.67949416397545,0.06,0.88,0
1968,Big Brother and the Holding Company,I Need a Man to Love,,0.0053814518883567196,0.0012290532602629255,330.0007748379955,0.02,1.0,0
1969,John Mellencamp,Pink Houses,,0.023607689483509584,0.005391687657704265,348.27292414492854,0.02,1.0,0
1970,Live,Waterboy,,0.03344132263661893,0.007637560916035898,358.806176968403,0.04,0.92,0
1971,Janis Joplin,Maybe,ao vivo,0.013207988173989304,0.00301653183258556,339.1272158861445,0.02,1.0,0
1972,Oasis,Go Let It Out,,0.04209933305581231,0.009614937310707967,368.21719134136447,0.11000000000000001,0.7,0
1973,Led Zeppelin,Hot Dog,,0.02945253540775276,0.006726574057872221,355.6907955308523,0.02,1.0,0
1974,Stray Cats,Stray Cat Strut,,0.0,0.0,326.8327573999611,0.06,0.88,0
1975,Lenny Kravitz,Low,,0.04112628169385394,0.009392705100213672,368.17853882491397,0.13999999999999999,0.6,0
1976,Neil Sedaka,Oh! Carol,,0.004881840291487409,0.0011149485028969911,332.39388431550657,0.02,1.0,0
1977,Rod Stewart,Maggie May,,0.004881840291487409,0.0011149485028969911,332.39388431550657,0.02,1.0,0
1978,The Beatles,Happiness Is a Warm Gun,,0.004881840291487409,0.0011149485028969911,332.6413955734452,0.02,1.0,0
1979,The Platters,Only You,,0.004881840291487409,0.0011149485028969911,332.6413955734452,0.02,1.0,0
1980,Coldplay,Clocks,,0.020320746457091615,0.004640992840259544,348.2362567644001,0.04,0.92,0
1981,Iron Maiden,The Reincarnation of Benjamin Breeg,,0.0,0.0,328.21638589374146,0.06,0.88,0
1982,The Pretty Reckless,Death by Rock and Roll,,0.04839839706691727,0.011053561183979736,376.8560422651746,0.19999999999999998,0.4,0
1983,The Kingsmen,Louie Louie,,0.0,0.0,328.7103563203363,0.06,0.88,0
1984,Bob Seger,Turn the Page,,0.019489788965178202,0.004451213012108383,348.2091281652316,0.16,0.6799999999999999,0
1985,Bill Withers,Lean on Me,,0.005801212747493794,0.0013249211530093803,334.837348921719,0.02,1.0,0
1986,The Velvet Underground,Heroin,,0.009305930693104727,0.0021253529150538856,338.5914958195972,0.02,1.0,0
1987,The Pretenders,Don't Get Me Wrong,,0.02635702297463916,0.0060195994853903595,355.68510013276614,0.1,0.8,0
1988,Screaming Trees,Nearly Lost You,,0.04839839706691727,0.011053561183979736,377.9057984455279,0.19999999999999998,0.4,0
1989,The Beatles,Norwegian Wood (This Bird Has Flown),,0.005801212747493794,0.0013249211530093803,335.59147017857157,0.02,1.0,0
1990,Bad Religion,Fuck You,,0.021405596577620162,0.004888758425680283,351.2816998867115,0.02,1.0,0
1991,Santana,Just Feel Better,,0.04839839706691727,0.011053561183979736,378.5007271140216,0.19999999999999998,0.4,0
1992,Electric Light Orchestra,Livin' Thing,,0.01859456058017522,0.004246754552180794,348.9024228770784,0.04,0.92,0
1993,Genesis,Paperlate,,0.020448319216375185,0.0046701287907374165,351.2281213254633,0.02,1.0,0
1994,Asia,Voice of America,,0.028524887656501626,0.006514711438507815,359.395239798328,0.02,1.0,0
1995,Bruce Hornsby and the Range,The Way It Is,,0.03206707012152365,0.007323699607016904,363.2475182002543,0.04,0.92,0
1996,Iron Maiden,Phantom of the Opera,,0.021405596577620162,0.004888758425680283,352.6536449154103,0.02,1.0,0
1997,Bruce Springsteen,Letter to You,,0.05586231466042137,0.012758222387488378,387.2151078506584,0.19999999999999998,0.4,0
1998,The Black Crowes,She Talks to Angels,,0.03412179207834314,0.007792971240835035,365.52927135797165,0.02,1.0,0
1999,Bruce Springsteen,Hungry Heart,,0.022221009915862816,0.005074988172339792,353.6671695378045,0.04,0.92,0
2000,T. Rex,Telegram Sam,,0.004881840291487409,0.0011149485028969911,336.42307479169705,0.02,1.0,0
2001,Frank Zappa,Be In My Video,,0.005801212747493794,0.0013249211530093803,337.6716390097404,0.02,1.0,0
2002,Santana,Hope You're Feeling Better,,0.004881840291487409,0.0011149485028969911,336.79007479169707,0.02,1.0,0
2003,The Kinks,I Need You,,0.010706306043540439,0.0024451803381641225,343.0755747916971,0.02,1.0,0
2004,Harry Nilsson,Everybody's Talkin',,0.0053814518883567196,0.0012290532602629255,337.890276495449,0.02,1.0,0
2005,Bob Dylan,Lay Lady Lay,,0.00304121467613244,0.0006945736746150511,335.6646021077725,0.08,0.84,0
2006,Nirvana,All Apologies,,0.014997350115469503,0.003425198707918007,347.87405369645194,0.02,1.0,0
2007,The Beatles,"Dizzy, Miss Lizzy",,0.023607689483509584,0.005391687657704265,356.7096784196525,0.02,1.0,0
2008,Stone Temple Pilots,Creep,,0.014114449319477347,0.0032235557081634844,347.7513389825728,0.02,1.0,0
2009,R.E.M.,Driver 8,,0.015604278190742008,0.003563813146016525,349.3788317425966,0.02,1.0,0
2010,Foo Fighters,The Sky Is a Neighborhood,,0.03786160605145321,0.008647095862179804,371.98260577248504,0.11000000000000001,0.7,0
2011,Bad Religion,Sorrow,,0.028325481376391806,0.0064691696509437315,362.625018969458,0.11000000000000001,0.7,0
2012,Billy Idol,Cradle of Love,,0.02100475118706339,0.004797210578678049,355.40592956734923,0.02,1.0,0
2013,Grand Funk Railroad,Rock 'N Roll Soul,,0.005375856555948436,0.0012277753594879441,339.78897017857156,0.02,1.0,0
2014,Colin Hay,Into my Life,,0.01223654857735953,0.0027946677282219123,347.02676017105875,0.02,1.0,0
2015,Eagles,Desperado,,0.00640091018317236,0.0014618842075498765,341.46748481590606,0.02,1.0,0
2016,The Band,The Weight,,0.010172939939291893,0.0023233664925811632,345.509112172385,0.08,0.84,0
2017,Jethro Tull,Songs from the Wood,,0.011421637912139583,0.0026085527855094085,347.0367940911156,0.02,1.0,0
2018,The Dave Clark Five,Over and Over,,0.011421637912139583,0.0026085527855094085,347.0367940911156,0.02,1.0,0
2019,The Velvet Underground,Sunday Morning,,0.01871191100544688,0.004273555855205622,354.3413174751307,0.02,1.0,0
2020,Jethro Tull,Too Old to Rock 'n' Roll: Too Young to Die,,0.0,0.0,335.71925796668904,0.08,0.84,0
2021,Robert Palmer,Addicted to Love,,0.004881840291487409,0.0011149485028969911,340.6978042492443,0.02,1.0,0
2022,Black Label Society,Blood is Thicker Than Water,,0.010706306043540439,0.0024451803381641225,346.65949869368865,0.02,1.0,0
2023,New York Dolls,Looking for a Kiss,,0.023607689483509584,0.005391687657704265,359.68001242724307,0.02,1.0,0
2024,Bob Seger & the Silver Bullet Band,The Fire Inside,,0.028468668780567506,0.006501871782186695,364.6405194843595,0.02,1.0,0
2025,Arcadia,Election Day,,0.03974821450947672,0.00907797257059937,376.0490091698575,0.04,0.92,0
2026,Jefferson Starship,Nothing’s Gonna Stop Us Now,,0.021405596577620162,0.004888758425680283,358.6176155739532,0.02,1.0,0
2027,Def Leppard,Bringin' On the Heartbreak,,0.025150127911922022,0.005743960430651792,362.3721577178995,0.02,1.0,0
2028,U2,Elevation,,0.043152662909488174,0.009855504079240003,380.3905880904101,0.13999999999999999,0.6,0
2029,Poison,Stand,,0.03031242400739387,0.006922961372815687,368.0395025704662,0.06999999999999999,0.92,0
2030,System of a Down,Lonely Day,,0.02183095276916552,0.004985904219201719,359.56694728246015,0.02,1.0,0
2031,Queen,Innuendo,,0.0,0.0,337.74979008410133,0.04,0.92,0
2032,Peter Frampton,I'm in You,ao vivo,0.01399355260928673,0.0031959444800233007,351.74873481590606,0.02,1.0,0
2033,Aerosmith,What Could Have Been Love,,0.04591570571659502,0.010486546935475159,383.89,0.02,1.0,0
2034,Duran Duran,A View to a Kill,,0.02238932637381204,0.0051134294509556965,360.8702978039121,0.02,1.0,0
2035,The Coasters,Yakety Yak,,0.005801212747493794,0.0013249211530093803,344.55969216030843,0.02,1.0,0
2036,10cc,Rubber Bullets,,0.008237570331031919,0.0018813533748959182,347.02676017105875,0.02,1.0,0
2037,Nazareth,This Flight Tonight,,0.008237570331031919,0.0018813533748959182,347.02676017105875,0.02,1.0,0
2038,Buddy Holly,"Oh, Boy!",,0.014997350115469503,0.003425198707918007,353.91048414179744,0.02,1.0,0
2039,Alice Cooper,Under My Wheels,,0.008237570331031919,0.0018813533748959182,347.3296940911156,0.02,1.0,0
2040,Tears for Fears,Change,,0.016306068871045774,0.003724092962977383,355.8377682599938,0.02,1.0,0
2041,Booker T. & the M.G.'s,Green Onions,,0.011057836972056081,0.0025254654067178683,350.73534522617115,0.02,1.0,0
2042,Survivor,Burning Heart,,0.015664268676449853,0.0035775141887041885,355.3790656252981,0.1,0.8,0
2043,Bachman–Turner Overdrive,Down the Road,,0.024574074062513118,0.005612397262125683,365.30228986740417,0.02,1.0,0
2044,Eagles,Life in the Fast Lane,,0.010998371869141899,0.0025118843545920144,352.0177566543161,0.02,1.0,0
2045,Shakin' Stevens,You Drive Me Crazy,,0.00886169022481248,0.002023894199595214,350.03142624584257,0.02,1.0,0
2046,The Grass Roots,Temptation Eyes,,0.012154489958975771,0.0027759266125249684,353.3750928278504,0.02,1.0,0
2047,John Lennon,Power to the People,,0.004881840291487409,0.0011149485028969911,346.2987492779144,0.02,1.0,0
2048,The Rolling Stones,Street Fighting Man,,0.010998371869141899,0.0025118843545920144,352.514053696452,0.02,1.0,0
2049,Bob Seger & the Silver Bullet Band,Still the Same,,0.005801212747493794,0.0013249211530093803,347.42734381472013,0.02,1.0,0
2050,The Doors,When the Music's Over,,0.005801212747493794,0.0013249211530093803,347.42734381472013,0.02,1.0,0
2051,The Association,Windy,,0.010998371869141899,0.0025118843545920144,352.67323414179737,0.02,1.0,0
2052,Bad Company,Ready for Love,,0.014997350115469503,0.003425198707918007,356.90557097996526,0.02,1.0,0
2053,Billy Idol,Flesh for Fantasy,,0.010998371869141899,0.0025118843545920144,353.4842341417974,0.02,1.0,0
2054,The Smashing Pumpkins,Perfect,,0.017043266784018244,0.0038924593290055134,359.76681112423967,0.02,1.0,0
2055,"Paul McCartney, Dave Grohl, Krist Novoselic, and Pat Smear",Cut Me Some Slack,,0.027334875600623098,0.00624292824182178,370.48591251010004,0.02,1.0,0
2056,UFO,Mother Mary,,0.025150127911922022,0.005743960430651792,368.377959305201,0.02,1.0,0
2057,The Rolling Stones,Doom and Gloom,,0.03352033196059226,0.00765560561275254,377.02,0.02,1.0,0
2058,Pink Floyd,Free Four,,0.02625771512063473,0.005996918869774723,369.87175172697715,0.02,1.0,0
2059,Gary U.S. Bonds,Quarter to Three,,0.012154489958975771,0.0027759266125249684,355.78551369619777,0.02,1.0,0
2060,The Byrds,My Back Pages,,0.011057836972056081,0.0025254654067178683,354.7463333446516,0.02,1.0,0
2061,The Beatles,Eight Days a Week,,0.0,0.0,344.053543985925,0.08,0.84,0
2062,Soul Asylum,Somebody to Shove,,0.025150127911922022,0.005743960430651792,369.213584305201,0.02,1.0,0
2063,The Magic Numbers,This is a Song,,0.028860653417080936,0.006591395948800943,372.9857530179063,0.02,1.0,0
2064,ZZ Top,Got Me Under Pressure,,0.008736121259853818,0.0019952158895458027,352.8979261611837,0.02,1.0,0
2065,Slade,The Bangin' Man,,0.017043266784018244,0.0038924593290055134,361.20831758116896,0.02,1.0,0
2066,Pink Floyd,The Final Cut,,0.010998371869141899,0.0025118843545920144,355.2033417257636,0.02,1.0,0
2067,Rod Stewart,Tonight's the Night,,0.0070554415614519006,0.0016113706177432606,351.58873481590604,0.02,1.0,0
2068,Trini Lopez,If I Had a Hammer,,0.004881840291487409,0.0011149485028969911,350.02147150013656,0.02,1.0,0
2069,Ringo Starr,After All These Years,,0.004881840291487409,0.0011149485028969911,350.03142624584257,0.02,1.0,0
2070,Janis Joplin,A Woman Left Lonely,,0.004881840291487409,0.0011149485028969911,350.03142624584257,0.02,1.0,0
2071,The Beatles,"Here, There and Everywhere",,0.02246461970581106,0.005130625463684096,367.9446851320821,0.04,0.92,0
2072,Santana,Soul Sacrifice,,0.011048857773787392,0.0025234146752172197,356.7268595608593,0.02,1.0,0
2073,Jeff Healey,I Got a Line on You,,0.010998371869141899,0.0025118843545920144,356.90557097996526,0.02,1.0,0
2074,The Yardbirds,Heart Full of Soul,,0.0233248574113617,0.005327092509853482,369.56967254572896,0.02,1.0,0
2075,Pilot,Get Up and Go,,0.023607689483509584,0.005391687657704265,370.2789691580123,0.02,1.0,0
2076,The Romantics,Talking in Your Sleep,,0.021523952037667146,0.004915789265509102,368.3895577812753,0.04,0.92,0
2077,Pilot,Canada,,0.008017022066805863,0.0018309830345461626,355.67776825999385,0.02,1.0,0
2078,"Emerson, Lake & Palmer",Tarkus,,0.008873064287384195,0.0020264918867949166,356.5566341875497,0.02,1.0,0
2079,Pearl Jam,Do the Evolution,,0.027394340703537284,0.006256509293947634,375.7949451742138,0.02,1.0,0
2080,Creedence Clearwater Revival,Someday Never Comes,,0.02683237624778953,0.006128163958744877,376.8448664282987,0.04,0.92,0
2081,Lynyrd Skynyrd,What's Your Name,,0.004881840291487409,0.0011149485028969911,355.2401786043331,0.02,1.0,0
2082,Steve Miller Band,Living in the U.S.A,,0.031071607077013712,0.007096348861212914,381.9845207752886,0.02,1.0,0
2083,George Harrison,All Those Years Ago,,0.025679807480970082,0.005864932319788568,376.7372502717282,0.04,0.92,0
2084,Coverdale and Page,Take Me For A Little While,,0.017536774569521917,0.004005170055649887,368.6603288185246,0.02,1.0,0
2085,David Lee Roth,Just Like Paradise,,0.025440370875170502,0.005810248129148312,377.80814586070767,0.04,0.92,0
2086,Donovan,Sunshine Superman,,0.008736121259853818,0.0019952158895458027,361.3898706056282,0.02,1.0,0
2087,Rush,Stick It Out,,0.031045401105782015,0.007090363759970931,384.36091634288545,0.02,1.0,0
2088,Iron Maiden,Wrathchild,,0.007890739054437022,0.0018021416454029173,361.3841798041883,0.02,1.0,0
2089,Procol Harum,Conquistador,,0.007890739054437022,0.0018021416454029173,361.3841798041883,0.02,1.0,0
2090,Whitesnake,Good to Be Bad,,0.019220848888919086,0.004389790614510295,372.91070506687765,0.02,1.0,0
2091,Linkin Park,Leave Out All the Rest,,0.025792437172210667,0.005890655468874254,379.49410166063996,0.02,1.0,0
2092,Journey,When You Love a Woman,,0.0233248574113617,0.005327092509853482,377.9915683452602,0.02,1.0,0
2093,The Doors,Alabama Song (Whisky Bar),,0.01847449483879337,0.004219333106453383,376.58630652092944,0.04,0.92,0
2094,Blues Traveler,Run-Around,,0.02462411221070343,0.005623825321029988,382.9176456345106,0.04,0.92,0
2095,Muse,Hysteria,,0.009196532590711378,0.002100367818614757,368.125,0.02,1.0,0
2096,Jefferson Starship,We Built This City,,0.01452502057737537,0.0033173248161214304,374.686,0.02,1.0,0
2097,Nazareth,Woke Up This Morning,,0.004881840291487409,0.0011149485028969911,365.1832392974304,0.02,1.0,0
2098,The Beach Boys,"Help Me, Rhonda",,0.004881840291487409,0.0011149485028969911,365.1832392974304,0.02,1.0,0
2099,Bad Company,Live For The Music,,0.015510747726310723,0.0035424520106523143,376.2654507709093,0.02,1.0,0
2100,Jeff Beck,Play With Me,,0.008017022066805863,0.0018309830345461626,368.93287617495463,0.02,1.0,0
2101,Aerosmith,Eat the Rich,,0.024106078954280262,0.005505513297445971,385.1791840912881,0.02,1.0,0
2102,Goo Goo Dolls,Before It's Too Late,,0.015051812769904784,0.0034376372662076535,376.27217627457225,0.02,1.0,0
2103,The Cult,Wild Hearted Son,,0.014933836273075714,0.0034106929766236685,376.262462497449,0.02,1.0,0
2104,Creedence Clearwater Revival,Midnight Special,,0.03325635476571478,0.007595316672382899,396.32167616375983,0.02,1.0,0
2105,Matchbox Twenty,3 a.m.,,0.014276384681434627,0.003260539627874086,378.2282712534409,0.02,1.0,0
2106,Guns N' Roses,So Fine,,0.02542153610075344,0.005805946512896071,391.51398006424165,0.02,1.0,0
2107,Sam the Sham and the Pharaohs,Wooly Bully,,0.006693873049096067,0.0015287930962604754,373.2699617296314,0.02,1.0,0
2108,Dire Straits,Your Latest Trick,,0.012098569152757234,0.002763155031430259,380.2714252945736,0.04,0.92,0
2109,Tom Petty and the Heartbreakers,I Won't Back Down,,0.024106078954280262,0.005505513297445971,392.4174312177249,0.02,1.0,0
2110,Motörhead,Born to Raise Hell,,0.02428296245409659,0.00554591117642847,394.0421728051678,0.02,1.0,0
2111,Joy Division,Atmosphere,,0.017886651994597012,0.004085077485633853,388.64493798005844,0.04,0.92,0
2112,Bryan Ferry,Don't Stop the Dance,,0.01154560397821051,0.002636865014407355,382.34058423943156,0.02,1.0,0
2113,Peter Gabriel,In Your Eyes,,0.01399355260928673,0.0031959444800233007,387.16973037955285,0.02,1.0,0
2114,Sammy Hagar,I Can't Drive 55,,0.006693873049096067,0.0015287930962604754,380.71023183012784,0.02,1.0,0
2115,Van Morrison,Ro Ro Rosey,,0.0065047107589914065,0.0014855909020951889,381.1214265985837,0.02,1.0,0
2116,The Silhouettes,Get a Job,,0.009152120250843651,0.0020902246207858523,384.66306582013317,0.02,1.0,0
2117,U2,Even Better Than the Real Thing,,0.020171188312454996,0.00460683571517919,395.7842594673624,0.02,1.0,0
2118,Joan Baez,Blowin' in the Wind,,0.017335921192136516,0.0039592977699857805,394.40216466568825,0.04,0.92,0
2119,The Jimi Hendrix Experience,Manic Depression,,0.03723807423220375,0.008504689346015587,415.3649175240982,0.02,1.0,0
2120,Sly and the Family Stone,Dance to the Music,,0.009152120250843651,0.0020902246207858523,387.8605658201332,0.02,1.0,0
2121,Rush,Working Man,,0.009152120250843651,0.0020902246207858523,387.8605658201332,0.02,1.0,0
2122,Eagle-Eye Cherry,Save Tonight,,0.014768980697756886,0.0033730421183568683,393.9078027238753,0.02,1.0,0
2123,The Rolling Stones,Ruby Tuesday,,0.017335921192136516,0.0039592977699857805,397.44586981601094,0.04,0.92,0
2124,Jeff Healey,While My Guitar Gently Weeps,,0.014768980697756886,0.0033730421183568683,395.0928027238753,0.02,1.0,0
2125,The Velvet Underground,Run Run Run,,0.02495887429760227,0.005700280605375396,405.45123293129507,0.02,1.0,0
2126,Level 42,Something About You,,0.01399355260928673,0.0031959444800233007,395.0928027238753,0.02,1.0,0
2127,Talking Heads,Wild Wild Life,,0.005651915415669394,0.0012908235941657637,387.02639542427823,0.02,1.0,0
2128,The Yardbirds,"Good Morning, School Girl",,0.005651915415669394,0.0012908235941657637,387.1694257273086,0.02,1.0,0
2129,The Beatles,Across the Universe,,0.0065047107589914065,0.0014855909020951889,388.16162213235276,0.02,1.0,0
2130,The Mission,Stay With Me,,0.0065047107589914065,0.0014855909020951889,388.16162213235276,0.02,1.0,0
2131,Tom Petty and the Heartbreakers,Learning to Fly,,0.02495887429760227,0.005700280605375396,407.09346423599925,0.02,1.0,0
2132,Black Sabbath,God Is Dead?,,0.002818597507700973,0.0006437308235913017,385.505,0.02,1.0,0
2133,The American Breed,"Bend Me, Shape Me",,0.006693873049096067,0.0015287930962604754,389.62180394551245,0.02,1.0,0
2134,Sam Cooke,You Send Me,,0.0065047107589914065,0.0014855909020951889,389.68025849598916,0.02,1.0,0
2135,"Blood, Sweat & Tears",Go Down Gamblin,,0.012714796948460194,0.002903893404101028,396.0251861510262,0.02,1.0,0
2136,The Alan Parsons Project,Don't Answer Me,,0.011054419807779515,0.0025246849710692555,394.9328027238753,0.02,1.0,0
2137,Metallica,Hero of the Day,,0.02542153610075344,0.005805946512896071,410.4061848499812,0.02,1.0,0
2138,Elton John,Your Song,,0.0065047107589914065,0.0014855909020951889,391.6219030169023,0.02,1.0,0
2139,Marianne Faithfull,As Tears Go By,,0.0012673587196121274,0.00028944816353966823,386.5622287576116,0.02,1.0,0
2140,The Zombies,Tell Her No,,0.0012673587196121274,0.00028944816353966823,387.984901353132,0.02,1.0,0
2141,Strawberry Alarm Clock,Incense and Peppermints,,0.0012673587196121274,0.00028944816353966823,387.984901353132,0.02,1.0,0
2142,The Everly Brothers,All I Have to Do Is Dream,,0.0070554415614519006,0.0016113706177432606,394.53494558101806,0.02,1.0,0
2143,Steppenwolf,Rock Me,,0.005651915415669394,0.0012908235941657637,393.15692572730865,0.02,1.0,0
2144,Depeche Mode,Strangelove,,0.015727085740491784,0.003591860784931857,403.2631938413744,0.02,1.0,0
2145,Rod Stewart,Every Picture Tells a Story,,0.01154560397821051,0.002636865014407355,399.10669326198797,0.02,1.0,0
2146,Melanie,Lay Down (Candles in the Rain),,0.0070554415614519006,0.0016113706177432606,394.9328027238753,0.02,1.0,0
2147,AC/DC,"Baby, Please Don't Go",,0.008013546604186796,0.0018301892843182494,397.25902717470757,0.02,1.0,0
2148,Ritchie Valens,Donna,,0.008013546604186796,0.0018301892843182494,397.25902717470757,0.02,1.0,0
2149,Iron Maiden,Can I Play with Madness,ao vivo,0.02542153610075344,0.005805946512896071,414.6858410671255,0.02,1.0,0
2150,The Edgar Winter Group,Easy Street,,0.014951657652021626,0.0034147631465982894,404.36069384137437,0.02,1.0,0
2151,T. Rex,Children of the Revolution,,0.02542153610075344,0.005805946512896071,415.00927380974923,0.02,1.0,0
2152,Bread,The Guitar Man,,0.009152120250843651,0.0020902246207858523,399.11564344943696,0.02,1.0,0
2153,Yes,Starship Trooper,,0.008013546604186796,0.0018301892843182494,398.16950336518386,0.02,1.0,0
2154,Simon & Garfunkel,Bridge over Troubled Water,,0.0070554415614519006,0.0016113706177432606,398.0664228537454,0.02,1.0,0
2155,James Taylor,Handy Man,,0.0065047107589914065,0.0014855909020951889,397.82496551690235,0.02,1.0,0
2156,The Cars,Drive,,0.0065047107589914065,0.0014855909020951889,397.82496551690235,0.02,1.0,0
2157,Judas Priest,A Touch of Evil,,0.02542153610075344,0.005805946512896071,418.94274316991215,0.02,1.0,0
2158,George Harrison,All Things Must Pass,,0.006693873049096067,0.0015287930962604754,400.6985490312187,0.02,1.0,0
2159,Naked Eyes,(There's) Always Something There to Remind Me,,0.01201252485051441,0.0027435036376442443,406.3528366985172,0.02,1.0,0
2160,Big Brother and the Holding Company,Down on Me,,0.02757057492506778,0.006296758886257582,424.2105928751699,0.02,1.0,0
2161,Elton John,Philadelphia Freedom,,0.008013546604186796,0.0018301892843182494,405.327360508041,0.02,1.0,0
2162,David Lee Roth,Goin' Crazy!,,0.022818597804307245,0.005211469433869855,420.1941227249648,0.02,1.0,0
2163,R.E.M.,Stand,,0.009196532590711378,0.002100367818614757,406.885,0.02,1.0,0
2164,Bachman–Turner Overdrive,Down to the Line,,0.01686565938714864,0.003851896121399461,414.84067077360885,0.02,1.0,0
2165,Rush,Caravan,,0.027606283789454514,0.006304914324066059,425.6171042810232,0.02,1.0,0
2166,Herman's Hermits,Wonderful World,,0.008013546604186796,0.0018301892843182494,406.3528366985172,0.02,1.0,0
2167,Rush,The Temples Of Syrinx,,0.008013546604186796,0.0018301892843182494,406.3528366985172,0.02,1.0,0
2168,Pink Floyd,Any Colour You Like,,0.008013546604186796,0.0018301892843182494,407.72275721011493,0.02,1.0,0
2169,Eddie Cochran,Summertime Blues,,0.0065047107589914065,0.0014855909020951889,406.95402572752516,0.02,1.0,0
2170,James Brown,Papa's Got a Brand New Bag,,0.02357159667874017,0.005383444532931588,424.2105928751699,0.02,1.0,0
2171,Four Tops,Reach Out I'll Be There,,0.008013546604186796,0.0018301892843182494,408.8380950277052,0.02,1.0,0
2172,Aerosmith,Last Child,,0.008013546604186796,0.0018301892843182494,408.8380950277052,0.02,1.0,0
2173,John Lennon,(Just Like) Starting Over,,0.02357159667874017,0.005383444532931588,424.96968378426084,0.02,1.0,0
2174,Iron Butterfly,Flowers And Beads,,0.02357159667874017,0.005383444532931588,424.96968378426084,0.02,1.0,0
2175,John Lee Hooker,Boom Boom,,0.009152120250843651,0.0020902246207858523,410.9251945831327,0.02,1.0,0
2176,Steve Miller Band,True Fine Love,,0.010503689005319018,0.002398905255421183,413.0998074874318,0.02,1.0,0
2177,B. B. King,Into The Night,,0.02357159667874017,0.005383444532931588,426.7615885461657,0.02,1.0,0
2178,Jan and Dean,Surf City,,0.01154560397821051,0.002636865014407355,415.372943261988,0.02,1.0,0
2179,Bo Diddley,Hey! Bo Diddley,,0.0065047107589914065,0.0014855909020951889,411.5852999116743,0.02,1.0,0
2180,Carole King,It's Too Late,,0.009152120250843651,0.0020902246207858523,414.81602791646606,0.02,1.0,0
2181,B. J. Thomas,Raindrops Keep Fallin' on My Head,,0.0065047107589914065,0.0014855909020951889,413.02609661320827,0.02,1.0,0
2182,Cat Stevens,Wild World,,0.0065047107589914065,0.0014855909020951889,413.0998074874318,0.02,1.0,0
2183,Canned Heat,On the Road Again,,0.009152120250843651,0.0020902246207858523,416.07087115982404,0.02,1.0,0
2184,Joe Cocker,You Are So Beautiful,,0.009152120250843651,0.0020902246207858523,416.07087115982404,0.02,1.0,0
2185,Deep Purple,Anya,,0.01686565938714864,0.003851896121399461,424.18330505579183,0.02,1.0,0
2186,Dion and the Belmonts,Runaround Sue,,0.0065047107589914065,0.0014855909020951889,413.84609661320826,0.02,1.0,0
2187,Richie Havens,Freedom,ao vivo,0.008013546604186796,0.0018301892843182494,416.0523405434483,0.02,1.0,0
2188,The Blues Brothers,Peter Gunn,,0.0065047107589914065,0.0014855909020951889,419.46201265330853,0.02,1.0,0
2189,Paul McCartney,My Love,,0.009152120250843651,0.0020902246207858523,423.49773628633864,0.02,1.0,0
2190,Big Brother and the Holding Company,Down on Me,ao vivo,0.009152120250843651,0.0020902246207858523,424.27330505579187,0.02,1.0,0
2191,Chicago,Colour My World,,0.009152120250843651,0.0020902246207858523,427.25330505579177,0.02,1.0,0
2192,Eric Clapton,Knockin' on Heaven's Door,,0.009152120250843651,0.0020902246207858523,429.03991219864895,0.02,1.0,0
2193,The Staple Singers,I'll Take You There,,0.009152120250843651,0.0020902246207858523,429.03991219864895,0.02,1.0,0
