ID_Musica,Artista,Musica,Genero,Pais,prob_aparicao_raw,prob_aparicao,posicao_prevista,posicao_min,posicao_max,num_aparicoes_historicas,melhor_posicao_historica,posicao_media_historica,apareceu_ano_anterior,posicao_ano_anterior,frequencia_aparicao,streak_anos,anos_desde_primeira,aparicao_unica,forca_musica,anos_desde_ultima
Iron Maiden|||The Trooper|||NONE,Iron Maiden,The Trooper,Heavy metal,Reino Unido,0.9121352848424087,0.99,83,1,233,10,1,128.9,1,1.0,0.6666666666666666,5,14,0,8,0
Journey|||Don't Stop Believin'|||NONE,Journey,Don't Stop Believin',Hard rock,Estados Unidos,0.7649118002241617,0.99,176,26,326,25,14,125.88,1,74.0,1.0,5,24,0,8,0
Kings of Leon|||Sex on Fire|||NONE,Kings of Leon,Sex on Fire,Rock alternativo,Estados Unidos,0.767969902407735,0.99,311,161,461,11,116,283.54545454545456,1,116.0,0.7333333333333333,5,14,0,7,0
Led Zeppelin|||Stairway to Heaven|||NONE,Led Zeppelin,Stairway to Heaven,Hard rock,Reino Unido,0.9348746915433188,0.99,20,1,65,25,1,2.8,1,2.0,1.0,5,24,0,8,0
Queen|||Another One Bites the Dust|||NONE,Queen,Another One Bites the Dust,Rock,Reino Unido,0.765097836159593,0.99,198,48,348,18,37,180.77777777777777,1,119.0,0.72,3,24,0,8,0
"Ozzy Osbourne|||Mama, I'm Coming Home|||NONE",Ozzy Osbourne,"Mama, I'm Coming Home",Heavy metal,Reino Unido,0.8334015890247709,0.99,178,29,327,20,76,216.35,1,120.0,0.9090909090909091,1,21,0,6,0
The Cure|||Boys Don't Cry|||NONE,The Cure,Boys Don't Cry,Pós-punk,Reino Unido,0.7487298458324209,0.99,153,3,303,24,33,190.625,1,122.0,0.96,5,24,0,8,0
Pearl Jam|||Black|||NONE,Pearl Jam,Black,Grunge,Estados Unidos,0.9137726638758784,0.99,62,1,151,21,4,66.57142857142857,1,123.0,0.9545454545454546,5,21,0,8,0
The Black Crowes|||Remedy|||NONE,The Black Crowes,Remedy,Hard rock,Estados Unidos,0.7604969091597762,0.99,174,24,324,14,36,214.42857142857142,1,127.0,0.7,3,19,0,8,0
The Cure|||Friday I'm in Love|||NONE,The Cure,Friday I'm in Love,Pós-punk,Reino Unido,0.7907333945266444,0.99,213,70,356,18,83,222.38888888888889,1,128.0,0.8181818181818182,1,21,0,6,0
U2|||Beautiful Day|||NONE,U2,Beautiful Day,Rock,Irlanda,0.7167754866035145,0.99,324,174,474,10,130,377.0,1,130.0,0.7692307692307693,3,12,0,7,0
Ozzy Osbourne|||No More Tears|||NONE,Ozzy Osbourne,No More Tears,Heavy metal,Reino Unido,0.8665602044182498,0.99,139,1,279,21,15,131.66666666666666,1,131.0,0.9130434782608695,5,22,0,8,0
U2|||I Still Haven't Found What I'm Looking For|||NONE,U2,I Still Haven't Found What I'm Looking For,Rock,Irlanda,0.7446593383903779,0.99,171,21,321,14,41,238.35714285714286,1,135.0,0.56,3,24,0,8,0
Elvis Presley|||Blue Suede Shoes|||NONE,Elvis Presley,Blue Suede Shoes,Rock and roll,Estados Unidos,0.6653134708197771,0.99,185,35,335,18,14,212.0,1,140.0,0.75,4,23,0,8,0
The Rolling Stones|||Gimme Shelter|||NONE,The Rolling Stones,Gimme Shelter,Rock,Reino Unido,0.7418538110116295,0.99,171,21,321,19,8,145.26315789473685,1,151.0,0.7916666666666666,5,23,0,8,0
Queen|||Radio Ga Ga|||NONE,Queen,Radio Ga Ga,Rock,Reino Unido,0.7118176909839535,0.99,206,56,356,19,66,217.05263157894737,1,152.0,0.7916666666666666,5,23,0,8,0
Jethro Tull|||Aqualung|||NONE,Jethro Tull,Aqualung,Rock progressivo,Reino Unido,0.7085733652479184,0.99,201,51,351,24,8,85.58333333333333,1,154.0,0.96,4,24,0,8,0
Red Hot Chili Peppers|||Californication|||NONE,Red Hot Chili Peppers,Californication,Rock,Estados Unidos,0.9046258473521633,0.99,129,1,279,13,31,171.30769230769232,1,113.0,0.8125,1,15,0,6,0
Rush|||Time Stand Still|||NONE,Rush,Time Stand Still,Rock progressivo,Canadá,0.7136628061767487,0.99,176,26,326,21,48,213.52380952380952,1,108.0,0.875,2,23,0,8,0
Bon Jovi|||It's My Life|||NONE,Bon Jovi,It's My Life,Rock,Estados Unidos,0.9577099092297372,0.99,142,50,234,12,41,111.25,1,107.0,0.8,5,14,0,8,0
Ramones|||Pet Sematary|||NONE,Ramones,Pet Sematary,Punk rock,Estados Unidos,0.775183104401324,0.99,155,38,272,23,9,94.82608695652173,1,87.0,1.0,5,22,0,8,0
Alice Cooper|||No More Mr. Nice Guy|||NONE,Alice Cooper,No More Mr. Nice Guy,Hard rock,Estados Unidos,0.7480161382548451,0.99,289,139,439,25,30,165.08,1,81.0,1.0,5,24,0,8,0
The Offspring|||Come Out and Play|||NONE,The Offspring,Come Out and Play,Punk rock,Estados Unidos,0.7271049544063745,0.99,265,115,415,6,76,252.83333333333334,1,82.0,0.75,2,7,0,8,0
Lynyrd Skynyrd|||Simple Man|||NONE,Lynyrd Skynyrd,Simple Man,Southern rock,Estados Unidos,0.7537470498827862,0.99,270,120,420,20,13,103.9,1,83.0,1.0,5,19,0,8,0
Kiss|||Rock and Roll All Nite|||NONE,Kiss,Rock and Roll All Nite,Hard rock,Estados Unidos,0.7176789175416988,0.99,144,52,235,24,7,70.0,1,84.0,0.96,2,24,0,8,0
Oasis|||Wonderwall|||NONE,Oasis,Wonderwall,Rock alternativo,Reino Unido,0.8074815740984,0.99,191,41,341,19,57,229.68421052631578,1,85.0,0.8636363636363636,3,21,0,8,0
Genesis|||Mama|||NONE,Genesis,Mama,Rock progressivo,Reino Unido,0.8546592107695341,0.99,230,80,380,25,18,162.68,1,86.0,1.0,5,24,0,8,0
The Doors|||Light My Fire|||NONE,The Doors,Light My Fire,Rock psicodélico,Estados Unidos,0.6876636574963847,0.99,111,48,174,23,6,40.78260869565217,1,88.0,0.92,4,24,0,8,0
Faith No More|||Epic|||NONE,Faith No More,Epic,Metal alternativo,Estados Unidos,0.8390101836830159,0.99,201,51,351,17,56,214.64705882352942,1,101.0,0.8095238095238095,1,20,0,6,0
Dio|||Rainbow in the Dark|||NONE,Dio,Rainbow in the Dark,Heavy metal,Estados Unidos,0.8117854689598935,0.99,168,80,257,23,17,104.26086956521739,1,89.0,0.9583333333333334,5,23,0,8,0
The Animals|||The House of the Rising Sun|||NONE,The Animals,The House of the Rising Sun,Rock psicodélico,Reino Unido,0.7266750873431679,0.99,265,115,415,21,17,144.57142857142858,1,91.0,0.84,4,24,0,8,0
Rage Against the Machine|||Killing in the Name|||NONE,Rage Against the Machine,Killing in the Name,Rap metal,Estados Unidos,0.8682418059454099,0.99,231,81,381,10,92,204.9,1,93.0,0.5263157894736842,5,18,0,8,0
Foo Fighters|||Everlong|||NONE,Foo Fighters,Everlong,Rock,Estados Unidos,0.7830990534542549,0.99,211,61,361,10,83,281.2,1,95.0,0.7142857142857143,5,13,0,8,0
Ramones|||Poison Heart|||NONE,Ramones,Poison Heart,Punk rock,Estados Unidos,0.7862730448812922,0.99,165,15,315,21,21,176.57142857142858,1,96.0,0.9130434782608695,5,22,0,8,0
Queen and David Bowie|||Under Pressure|||NONE,Queen and David Bowie,Under Pressure,Rock,Reino Unido,0.7653997764920237,0.99,190,40,340,22,37,139.5,1,99.0,0.9166666666666666,5,23,0,8,0
Aerosmith|||Crazy|||NONE,Aerosmith,Crazy,Hard rock,Estados Unidos,0.8565763503970595,0.99,216,66,366,17,71,222.35294117647058,1,175.0,0.85,5,19,0,8,0
Stone Temple Pilots|||Plush|||NONE,Stone Temple Pilots,Plush,Grunge,Estados Unidos,0.6885654126397693,0.99,192,48,337,20,63,249.95,1,176.0,0.9090909090909091,5,21,0,8,0
The Bolshoi|||Sunday Morning|||NONE,The Bolshoi,Sunday Morning,Pós-punk,Reino Unido,0.6901892140347118,0.99,275,125,425,19,88,290.6842105263158,1,179.0,0.8636363636363636,4,21,0,8,0
U2|||One|||NONE,U2,One,Rock,Irlanda,0.7177664530543582,0.99,197,47,347,19,19,200.89473684210526,1,344.0,0.8636363636363636,5,21,0,8,0
U2|||New Year's Day|||NONE,U2,New Year's Day,Rock,Irlanda,0.6530779264209532,0.99,175,25,325,23,64,230.82608695652175,1,295.0,0.92,5,24,0,8,0
Guns N' Roses|||Paradise City|||NONE,Guns N' Roses,Paradise City,Hard rock,Estados Unidos,0.7582705632362727,0.99,197,54,340,15,77,212.33333333333334,1,299.0,0.7894736842105263,2,18,0,8,0
The Verve|||Bitter Sweet Symphony|||NONE,The Verve,Bitter Sweet Symphony,Rock alternativo,Reino Unido,0.7640906454022476,0.99,281,131,431,20,166,321.25,1,300.0,0.9523809523809523,5,20,0,7,0
Green Day|||Basket Case|||NONE,Green Day,Basket Case,Punk rock,Estados Unidos,0.73489025727645,0.99,310,160,460,11,52,302.0,1,326.0,0.5789473684210527,2,18,0,8,0
Peter Gabriel|||Sledgehammer|||NONE,Peter Gabriel,Sledgehammer,Rock progressivo,Reino Unido,0.6734318718179381,0.99,275,125,425,16,46,287.25,1,334.0,0.64,5,24,0,8,0
Foo Fighters|||Times Like These|||NONE,Foo Fighters,Times Like These,Rock,Estados Unidos,0.6820198573014783,0.99,289,139,439,9,54,263.0,1,339.0,1.0,5,8,0,8,0
Guns N' Roses|||Welcome to the Jungle|||NONE,Guns N' Roses,Welcome to the Jungle,Hard rock,Estados Unidos,0.8359870514290941,0.99,118,39,198,16,24,98.5,0,,0.8421052631578947,0,18,0,6,2
Bruce Springsteen|||Born in the U.S.A.|||NONE,Bruce Springsteen,Born in the U.S.A.,Rock,Estados Unidos,0.6994857681966904,0.99,163,13,313,24,69,221.79166666666666,1,287.0,0.96,5,24,0,8,0
The Kinks|||You Really Got Me|||NONE,The Kinks,You Really Got Me,Rock,Reino Unido,0.6975696098894695,0.99,353,203,500,22,56,316.40909090909093,1,375.0,0.88,5,24,0,8,0
Bon Jovi|||You Give Love a Bad Name|||NONE,Bon Jovi,You Give Love a Bad Name,Rock,Estados Unidos,0.8047640121385535,0.99,234,84,384,12,18,194.41666666666666,1,381.0,0.6666666666666666,5,17,0,8,0
The Beatles|||Yesterday|||NONE,The Beatles,Yesterday,Rock,Reino Unido,0.6635809200514129,0.99,203,53,353,19,25,148.26315789473685,1,390.0,0.76,5,24,0,8,0
The Doors|||Break On Through|||NONE,The Doors,Break On Through,Rock psicodélico,Estados Unidos,0.7248459368063397,0.99,276,126,426,16,77,247.1875,1,466.0,0.6666666666666666,2,23,0,8,0
Foo Fighters|||My Hero|||NONE,Foo Fighters,My Hero,Rock,Estados Unidos,0.6938742973476625,0.99,259,109,409,9,39,213.77777777777777,1,496.0,1.0,5,8,0,8,0
Creedence Clearwater Revival|||Have You Ever Seen the Rain?|||NONE,Creedence Clearwater Revival,Have You Ever Seen the Rain?,Swamp rock,Estados Unidos,0.8059357083724198,0.99,147,6,287,24,4,81.66666666666667,0,,0.96,0,24,0,6,1
"David Bowie|||""Heroes""|||NONE",David Bowie,"""Heroes""",Art rock,Reino Unido,0.761245356555514,0.99,185,35,335,20,13,158.75,1,289.0,0.8695652173913043,5,22,0,8,0
Queensrÿche|||Silent Lucidity|||NONE,Queensrÿche,Silent Lucidity,Heavy metal,Estados Unidos,0.7085196174992738,0.99,187,37,337,20,50,223.3,1,286.0,0.9090909090909091,4,21,0,8,0
Iron Maiden|||Wasting Love|||NONE,Iron Maiden,Wasting Love,Heavy metal,Reino Unido,0.7674043548081871,0.99,175,25,325,17,21,151.52941176470588,1,181.0,0.7727272727272727,2,21,0,8,0
Deep Purple|||Highway Star|||NONE,Deep Purple,Highway Star,Hard rock,Reino Unido,0.6801184697354175,0.99,166,16,316,22,11,138.1818181818182,1,216.0,0.88,4,24,0,8,0
Audioslave|||Like a Stone|||NONE,Audioslave,Like a Stone,Rock alternativo,Estados Unidos,0.7885619653714597,0.99,224,74,374,13,63,262.84615384615387,1,185.0,0.7222222222222222,1,17,0,6,0
Kiss|||Forever|||NONE,Kiss,Forever,Hard rock,Estados Unidos,0.7761537521442302,0.99,231,111,351,17,62,164.2941176470588,1,192.0,0.7727272727272727,3,21,0,8,0
U2|||Pride (In the Name of Love)|||NONE,U2,Pride (In the Name of Love),Rock,Irlanda,0.6537160035850416,0.99,245,95,395,20,51,259.65,1,201.0,0.8,5,24,0,8,0
Judas Priest|||Breaking the Law|||NONE,Judas Priest,Breaking the Law,Heavy metal,Reino Unido,0.864340048380781,0.99,176,71,281,17,35,141.8235294117647,1,202.0,0.8947368421052632,5,18,0,8,0
The Smiths|||Ask|||NONE,The Smiths,Ask,Indie pop,Reino Unido,0.6880714458671671,0.99,210,60,360,20,35,239.5,1,203.0,0.9090909090909091,5,21,0,8,0
Iggy Pop|||Candy|||featuring Kate Pierson,Iggy Pop,Candy,Punk rock,Estados Unidos,0.742931637029107,0.99,222,72,372,19,42,208.31578947368422,1,205.0,0.8636363636363636,5,21,0,8,0
Peter Frampton|||Breaking All the Rules|||NONE,Peter Frampton,Breaking All the Rules,Rock,Reino Unido,0.8507493452822646,0.99,163,22,304,23,14,108.73913043478261,1,220.0,0.9583333333333334,5,23,0,8,0
George Harrison|||My Sweet Lord|||NONE,George Harrison,My Sweet Lord,Rock,Reino Unido,0.6937908720918096,0.99,248,136,361,17,70,191.88235294117646,1,284.0,0.68,4,24,0,8,0
Whitesnake|||Love Ain't No Stranger|||NONE,Whitesnake,Love Ain't No Stranger,Hard rock,Reino Unido,0.6630880120221803,0.99,216,66,366,24,38,175.16666666666666,1,224.0,0.96,5,24,0,8,0
Echo & the Bunnymen|||The Killing Moon|||NONE,Echo & the Bunnymen,The Killing Moon,Pós-punk,Reino Unido,0.6824564889270226,0.99,239,89,389,20,55,264.25,1,231.0,0.8333333333333334,5,23,0,8,0
Bon Jovi|||Livin' on a Prayer|||NONE,Bon Jovi,Livin' on a Prayer,Rock,Estados Unidos,0.902063702280734,0.99,186,39,332,17,39,148.1764705882353,1,249.0,1.0,5,16,0,8,0
The Doors|||Gloria|||NONE,The Doors,Gloria,Rock psicodélico,Estados Unidos,0.8036713453509031,0.99,195,45,345,15,42,188.66666666666666,1,253.0,0.6818181818181818,1,21,0,6,0
Whitesnake|||Is This Love|||NONE,Whitesnake,Is This Love,Hard rock,Reino Unido,0.6652966379423375,0.99,196,69,323,24,55,186.83333333333334,1,261.0,1.0,5,23,0,8,0
Motörhead|||Ace of Spades|||NONE,Motörhead,Ace of Spades,Heavy metal,Reino Unido,0.7439337725805061,0.99,161,11,311,17,19,170.1764705882353,1,273.0,0.7083333333333334,5,23,0,8,0
Bad Religion|||American Jesus|||NONE,Bad Religion,American Jesus,Punk rock,Estados Unidos,0.9047807109839112,0.99,239,89,389,17,63,206.64705882352942,1,78.0,0.8947368421052632,5,18,0,8,0
Boston|||More Than a Feeling|||NONE,Boston,More Than a Feeling,Hard rock,Estados Unidos,0.7001632477973132,0.99,196,46,346,21,58,229.23809523809524,1,266.0,0.84,4,24,0,8,0
The Beatles|||Help!|||NONE,The Beatles,Help!,Rock,Reino Unido,0.8221985051789976,0.99,130,32,228,24,1,33.708333333333336,1,73.0,1.0,5,23,0,8,0
Iron Maiden|||The Number of the Beast|||NONE,Iron Maiden,The Number of the Beast,Heavy metal,Reino Unido,0.9133254576808395,0.99,40,1,163,21,1,40.904761904761905,1,21.0,0.875,5,23,0,8,0
Pink Floyd|||Another Brick in the Wall|||NONE,Pink Floyd,Another Brick in the Wall,Rock progressivo,Reino Unido,0.971418419942765,0.99,42,1,87,25,1,23.52,1,11.0,1.0,5,24,0,8,0
AC/DC|||Back in Black|||NONE,AC/DC,Back in Black,Hard rock,Austrália,0.94888777518499,0.99,91,1,204,24,2,37.125,1,12.0,0.96,5,24,0,8,0
Rush|||Tom Sawyer|||NONE,Rush,Tom Sawyer,Rock progressivo,Canadá,0.9322036196758492,0.99,43,1,139,25,5,40.88,1,13.0,1.0,5,24,0,8,0
Guns N' Roses|||Sweet Child O' Mine|||NONE,Guns N' Roses,Sweet Child O' Mine,Hard rock,Estados Unidos,0.8843017397022799,0.99,81,1,199,21,5,66.95238095238095,1,52.0,0.9545454545454546,5,21,0,8,0
Deep Purple|||Smoke on the Water|||NONE,Deep Purple,Smoke on the Water,Hard rock,Reino Unido,0.9290998743994849,0.99,45,1,90,25,1,11.96,1,14.0,1.0,5,24,0,8,0
Creedence Clearwater Revival|||Who'll Stop the Rain|||NONE,Creedence Clearwater Revival,Who'll Stop the Rain,Swamp rock,Estados Unidos,0.7897976252245604,0.99,245,95,395,17,37,223.0,1,38.0,0.68,4,24,0,8,0
Iron Maiden|||Fear of the Dark|||NONE,Iron Maiden,Fear of the Dark,Heavy metal,Reino Unido,0.9844818296056783,0.99,34,1,102,20,4,28.6,1,15.0,0.9523809523809523,5,20,0,8,0
U2|||Sunday Bloody Sunday|||NONE,U2,Sunday Bloody Sunday,Rock,Irlanda,0.8434703223641752,0.99,68,1,201,25,15,68.28,1,17.0,1.0,5,24,0,8,0
Alice in Chains|||Man in the Box|||NONE,Alice in Chains,Man in the Box,Grunge,Estados Unidos,0.9551354376266394,0.99,137,28,246,20,34,110.7,1,46.0,0.9523809523809523,5,20,0,8,0
AC/DC|||Highway to Hell|||NONE,AC/DC,Highway to Hell,Hard rock,Austrália,0.7172213447788967,0.99,99,1,241,23,12,85.1304347826087,1,19.0,0.9583333333333334,5,23,0,8,0
Pearl Jam|||Jeremy|||NONE,Pearl Jam,Jeremy,Grunge,Estados Unidos,0.8305656921739398,0.99,143,1,293,19,33,139.73684210526315,1,44.0,0.8636363636363636,1,21,0,6,0
Metallica|||The Unforgiven|||NONE,Metallica,The Unforgiven,Thrash metal,Estados Unidos,0.902761806530286,0.99,111,1,252,18,15,120.61111111111111,1,20.0,0.8181818181818182,5,21,0,8,0
Queen|||We Are the Champions|||NONE,Queen,We Are the Champions,Rock,Reino Unido,0.8222154860305665,0.99,38,1,166,20,5,61.9,1,22.0,0.8,5,24,0,8,0
Eric Clapton|||Cocaine|||NONE,Eric Clapton,Cocaine,Rock,Reino Unido,0.6695614681202128,0.99,218,68,368,25,8,105.2,1,56.0,1.0,5,24,0,8,0
Alice Cooper|||Poison|||NONE,Alice Cooper,Poison,Hard rock,Estados Unidos,0.9206520610778739,0.99,159,9,309,16,36,169.1875,1,42.0,0.8,1,19,0,6,0
Metallica|||Nothing Else Matters|||NONE,Metallica,Nothing Else Matters,Thrash metal,Estados Unidos,0.9448179659216325,0.99,96,1,243,18,23,121.55555555555556,1,23.0,0.9,5,19,0,8,0
Led Zeppelin|||Kashmir|||NONE,Led Zeppelin,Kashmir,Hard rock,Reino Unido,0.9506741696278626,0.99,32,1,77,25,5,21.56,1,24.0,1.0,5,24,0,8,0
Eagles|||Hotel California|||NONE,Eagles,Hotel California,Country rock,Estados Unidos,0.9250327980996548,0.99,77,5,148,25,6,29.28,1,25.0,1.0,5,24,0,8,0
Pink Floyd|||Wish You Were Here|||NONE,Pink Floyd,Wish You Were Here,Rock progressivo,Reino Unido,0.8417805151137949,0.99,74,1,169,22,4,64.27272727272727,1,26.0,0.9166666666666666,5,23,0,8,0
Dire Straits|||Sultans of Swing|||NONE,Dire Straits,Sultans of Swing,Rock,Reino Unido,0.9009238502438564,0.99,62,15,108,24,6,39.041666666666664,1,28.0,0.96,5,24,0,8,0
Aerosmith|||Dream On|||NONE,Aerosmith,Dream On,Hard rock,Estados Unidos,0.6928782734515384,0.99,55,1,205,21,6,56.42857142857143,1,30.0,0.84,3,24,0,8,0
Nirvana|||Come as You Are|||NONE,Nirvana,Come as You Are,Grunge,Estados Unidos,0.9291394428297108,0.99,138,1,288,19,33,161.52631578947367,1,40.0,0.9047619047619048,5,20,0,8,0
Queen|||Love of My Life|||NONE,Queen,Love of My Life,Rock,Reino Unido,0.7109790343562626,0.99,226,76,376,21,12,124.52380952380952,1,32.0,0.875,5,23,0,8,0
Led Zeppelin|||Immigrant Song|||NONE,Led Zeppelin,Immigrant Song,Hard rock,Reino Unido,0.7961951035424805,0.99,186,36,336,20,17,147.05,1,33.0,0.8,5,24,0,8,0
The Beatles|||Twist and Shout|||NONE,The Beatles,Twist and Shout,Rock,Reino Unido,0.8237370132846782,0.99,157,9,306,18,1,118.0,1,35.0,0.72,3,24,0,8,0
Yes|||Owner of a Lonely Heart|||NONE,Yes,Owner of a Lonely Heart,Rock progressivo,Reino Unido,0.8696475288969894,0.99,183,33,333,25,36,175.84,1,36.0,1.0,5,24,0,8,0
Black Sabbath|||Paranoid|||NONE,Black Sabbath,Paranoid,Heavy metal,Reino Unido,0.7992814365576406,0.99,72,1,222,24,4,56.708333333333336,1,10.0,0.96,5,24,0,8,0
Nirvana|||Smells Like Teen Spirit|||NONE,Nirvana,Smells Like Teen Spirit,Grunge,Estados Unidos,0.8981460520568273,0.99,121,1,271,20,24,122.85,1,50.0,0.9523809523809523,5,20,0,8,0
Survivor|||Eye of the Tiger|||NONE,Survivor,Eye of the Tiger,Rock,Estados Unidos,0.7903383267586683,0.99,239,89,389,20,13,225.05,1,63.0,0.8,5,24,0,8,0
The Cult|||Love Removal Machine|||NONE,The Cult,Love Removal Machine,Hard rock,Reino Unido,0.8227428285910712,0.99,169,19,319,6,59,197.83333333333334,1,59.0,0.3157894736842105,2,18,0,6,0
Janis Joplin|||Mercedes Benz|||NONE,Janis Joplin,Mercedes Benz,Rock psicodélico,Estados Unidos,0.7446943817583553,0.99,316,167,465,23,20,143.43478260869566,1,72.0,0.92,5,24,0,8,0
Queen|||Bohemian Rhapsody|||NONE,Queen,Bohemian Rhapsody,Rock,Reino Unido,0.9694573076501136,0.99,7,1,52,25,1,2.84,1,3.0,1.0,5,24,0,8,0
Van Halen|||Panama|||NONE,Van Halen,Panama,Hard rock,Estados Unidos,0.864083278200158,0.99,207,57,356,23,29,169.43478260869566,1,71.0,0.92,1,24,0,6,0
Aerosmith|||I Don't Want to Miss a Thing|||NONE,Aerosmith,I Don't Want to Miss a Thing,Hard rock,Estados Unidos,0.7973864301195773,0.99,180,30,330,16,69,248.0,1,69.0,0.8421052631578947,1,18,0,6,0
Metallica|||One|||NONE,Metallica,One,Thrash metal,Estados Unidos,0.980910172027594,0.99,41,1,173,19,1,28.68421052631579,1,4.0,0.9047619047619048,5,20,0,8,0
The Jimi Hendrix Experience|||Foxy Lady|||NONE,The Jimi Hendrix Experience,Foxy Lady,Rock psicodélico,Estados Unidos,0.7621660347744138,0.99,238,88,388,20,7,142.65,1,67.0,0.8,4,24,0,8,0
Metallica|||Enter Sandman|||NONE,Metallica,Enter Sandman,Thrash metal,Estados Unidos,0.9594468174739262,0.99,70,1,179,17,3,71.70588235294117,1,66.0,0.8947368421052632,5,18,0,8,0
AC/DC|||T.N.T.|||NONE,AC/DC,T.N.T.,Hard rock,Austrália,0.9334415141625072,0.99,95,1,245,18,5,81.55555555555556,1,5.0,0.9473684210526315,5,18,0,8,0
Bruce Dickinson|||Tears of the Dragon|||NONE,Bruce Dickinson,Tears of the Dragon,Heavy metal,Reino Unido,0.9066962883101232,0.99,133,1,271,20,15,121.9,1,60.0,0.9090909090909091,5,21,0,8,0
Red Hot Chili Peppers|||Give It Away|||NONE,Red Hot Chili Peppers,Give It Away,Rock,Estados Unidos,0.8748032666007388,0.99,205,55,355,16,33,232.4375,1,37.0,0.8421052631578947,2,18,0,8,0
The Rolling Stones|||(I Can't Get No) Satisfaction|||NONE,The Rolling Stones,(I Can't Get No) Satisfaction,Rock,Reino Unido,0.8368734038477392,0.99,100,17,182,25,4,37.2,1,7.0,1.0,5,24,0,8,0
AC/DC|||Thunderstruck|||NONE,AC/DC,Thunderstruck,Hard rock,Austrália,0.8225424849385092,0.99,163,13,313,17,5,152.94117647058823,1,58.0,0.68,5,24,0,8,0
The Beatles|||Hey Jude|||NONE,The Beatles,Hey Jude,Rock,Reino Unido,0.8056095270464266,0.99,98,1,222,20,1,60.2,1,6.0,0.8,4,24,0,8,0
Dio|||Holy Diver|||NONE,Dio,Holy Diver,Heavy metal,Estados Unidos,0.781990149768027,0.9892175394565542,150,1,300,20,22,147.3,1,110.0,0.8333333333333334,1,23,0,6,0
Black Sabbath|||Iron Man|||NONE,Black Sabbath,Iron Man,Heavy metal,Reino Unido,0.6509159525755817,0.9880904160097329,182,32,332,23,10,114.30434782608695,1,132.0,0.92,5,24,0,8,0
Led Zeppelin|||Rock and Roll|||NONE,Led Zeppelin,Rock and Roll,Hard rock,Reino Unido,0.7090006705362767,0.986574433051229,116,50,182,20,10,54.55,1,18.0,0.8,2,24,0,8,0
R.E.M.|||Shiny Happy People|||NONE,R.E.M.,Shiny Happy People,Rock alternativo,Estados Unidos,0.7086863765393936,0.9861370929545662,290,140,440,13,115,376.7692307692308,1,208.0,0.7647058823529411,2,16,0,7,0
Radiohead|||Creep|||NONE,Radiohead,Creep,Rock alternativo,Reino Unido,0.722512786897263,0.9855074413278668,212,62,362,14,60,237.21428571428572,1,227.0,0.6363636363636364,2,21,0,8,0
The Cult|||Revolution|||NONE,The Cult,Revolution,Hard rock,Reino Unido,0.7786731138545209,0.985021489025969,163,13,313,19,31,207.10526315789474,1,31.0,0.7916666666666666,1,23,0,6,0
Fleetwood Mac|||Dreams|||NONE,Fleetwood Mac,Dreams,Rock,Reino Unido,0.672629973319467,0.9847302809396996,232,82,382,12,55,286.3333333333333,1,264.0,0.5454545454545454,5,21,0,8,0
Deep Purple|||Burn|||NONE,Deep Purple,Burn,Hard rock,Reino Unido,0.776587711643397,0.9823834552288973,208,58,358,22,6,108.9090909090909,0,,0.88,0,24,0,6,1
Iron Maiden|||Can I Play with Madness|||NONE,Iron Maiden,Can I Play with Madness,Heavy metal,Reino Unido,0.7836755524804007,0.9814029226446863,157,7,307,9,9,290.55555555555554,1,9.0,0.6923076923076923,1,12,0,6,0
Led Zeppelin|||All My Love|||NONE,Led Zeppelin,All My Love,Hard rock,Reino Unido,0.7747494098157763,0.980058003416957,147,12,282,20,16,150.05,1,105.0,0.8,1,24,0,6,0
Greta Van Fleet|||Highway Tune|||NONE,Greta Van Fleet,Highway Tune,Hard rock,Estados Unidos,0.6445759053257308,0.9784662242844594,280,130,430,7,19,219.0,1,393.0,1.0,5,6,0,8,0
"Roy Orbison and the Candy Men|||Oh, Pretty Woman|||NONE",Roy Orbison and the Candy Men,"Oh, Pretty Woman",Rock and roll,Estados Unidos,0.644095988028266,0.9777377098269076,246,96,396,19,103,280.5263157894737,1,285.0,0.76,5,24,0,7,0
The Rolling Stones|||Start Me Up|||NONE,The Rolling Stones,Start Me Up,Rock,Reino Unido,0.6434118396207664,0.9766991725443234,178,28,328,22,40,186.27272727272728,1,258.0,0.9166666666666666,5,23,0,8,0
The Beatles|||A Hard Day's Night|||NONE,The Beatles,A Hard Day's Night,Rock,Reino Unido,0.7728481310779408,0.9657510245949951,233,83,383,17,21,225.11764705882354,0,,0.68,0,24,0,6,1
AC/DC|||Hells Bells|||NONE,AC/DC,Hells Bells,Hard rock,Austrália,0.7630758773203339,0.9652909848102224,178,34,323,19,15,94.15789473684211,1,403.0,0.7916666666666666,1,23,0,6,0
AC/DC|||Black Ice|||NONE,AC/DC,Black Ice,Hard rock,Austrália,0.7869149874944835,0.9629872159463744,228,78,378,9,39,212.66666666666666,1,254.0,0.5625,1,15,0,6,0
Red Hot Chili Peppers|||By the Way|||NONE,Red Hot Chili Peppers,By the Way,Rock,Estados Unidos,0.7610573027767846,0.9627374880126326,219,69,369,12,64,249.75,1,64.0,0.8,1,14,0,6,0
Greta Van Fleet|||Talk on the Street|||NONE,Greta Van Fleet,Talk on the Street,Hard rock,Estados Unidos,0.7698876941967308,0.9597933254319244,263,134,392,4,100,213.0,1,263.0,0.6666666666666666,1,5,0,6,0
Scorpions|||Wind of Change|||NONE,Scorpions,Wind of Change,Hard rock,Alemanha,0.7583396132760144,0.9592996107941583,158,38,279,17,95,191.94117647058823,1,178.0,0.7727272727272727,1,21,0,6,0
Rush|||Nobody's Hero|||NONE,Rush,Nobody's Hero,Rock progressivo,Canadá,0.6309187769662425,0.9577347034347561,298,161,434,14,132,292.07142857142856,1,294.0,0.8235294117647058,5,16,0,7,0
Ramones|||Blitzkreig Bop|||NONE,Ramones,Blitzkreig Bop,Punk rock,Estados Unidos,0.6576637148471175,0.9567362891738442,246,96,396,17,28,189.41176470588235,1,322.0,0.8095238095238095,3,20,0,8,0
The Cranberries|||Zombie|||NONE,The Cranberries,Zombie,Rock alternativo,Irlanda,0.7245478677781828,0.9564031854672013,312,162,462,6,63,230.5,1,437.0,0.3157894736842105,4,18,0,6,0
Linkin Park|||Numb|||NONE,Linkin Park,Numb,Rock alternativo,Estados Unidos,0.6288990944975039,0.9546688254472109,346,196,496,8,106,367.125,1,468.0,1.0,5,7,0,7,0
Ozzy Osbourne|||Crazy Train|||NONE,Ozzy Osbourne,Crazy Train,Heavy metal,Reino Unido,0.7529911165017328,0.952533762374692,191,41,341,19,41,170.47368421052633,1,97.0,0.7916666666666666,1,23,0,6,0
Pink Floyd|||Money|||NONE,Pink Floyd,Money,Rock progressivo,Reino Unido,0.6271111447683331,0.9519547177583295,274,124,424,23,16,132.7826086956522,1,16.0,0.92,5,24,0,8,0
The Police|||Every Breath You Take|||NONE,The Police,Every Breath You Take,New wave,Reino Unido,0.7512602515706392,0.9503442182368587,222,72,372,19,61,239.73684210526315,1,125.0,0.76,1,24,0,6,0
R.E.M.|||Losing My Religion|||NONE,R.E.M.,Losing My Religion,Rock alternativo,Estados Unidos,0.7494568332939295,0.9480628941168209,149,7,290,20,67,201.1,1,112.0,0.8,1,24,0,6,0
Pearl Jam|||Even Flow|||NONE,Pearl Jam,Even Flow,Grunge,Estados Unidos,0.749246993454299,0.9477974467196882,206,75,336,16,80,213.5,1,345.0,0.8,1,19,0,6,0
Bill Haley & His Comets|||Rock Around the Clock|||NONE,Bill Haley & His Comets,Rock Around the Clock,Rock and roll,Estados Unidos,0.6439105350738339,0.9451576398027765,257,107,407,14,9,225.5,1,194.0,0.56,4,24,0,8,0
Van Halen|||Dreams|||NONE,Van Halen,Dreams,Hard rock,Estados Unidos,0.7466620847078618,0.9445275371554452,210,60,360,21,31,227.33333333333334,1,242.0,0.875,1,23,0,6,0
Grand Funk Railroad|||We're an American Band|||NONE,Grand Funk Railroad,We're an American Band,Hard rock,Estados Unidos,0.6221204735536353,0.9443788788544184,185,35,335,22,59,243.95454545454547,1,193.0,0.88,5,24,0,8,0
Van Halen|||Right Now|||NONE,Van Halen,Right Now,Hard rock,Estados Unidos,0.7624586788423051,0.9435426150673527,245,95,395,15,22,224.53333333333333,1,57.0,0.625,1,23,0,6,0
Suzi Quatro|||48 Crash|||NONE,Suzi Quatro,48 Crash,Glam rock,Estados Unidos,0.6296077570901708,0.9418932046068955,227,87,367,16,207,384.75,1,481.0,0.6666666666666666,4,23,0,7,0
Iron Maiden|||Wasted Years|||NONE,Iron Maiden,Wasted Years,Heavy metal,Reino Unido,0.7439396136531654,0.9410836112712542,225,75,375,18,35,165.66666666666666,0,,0.8571428571428571,0,20,0,6,1
Metallica|||Mama Said|||NONE,Metallica,Mama Said,Thrash metal,Estados Unidos,0.6288157594912067,0.9407083761988453,309,159,459,6,120,298.0,1,291.0,0.6666666666666666,4,8,0,7,0
Pink Floyd|||Comfortably Numb|||NONE,Pink Floyd,Comfortably Numb,Rock progressivo,Reino Unido,0.7434634853579893,0.9404813089778565,103,1,241,21,6,56.76190476190476,1,34.0,0.84,1,24,0,6,0
Kiss|||Love Gun|||NONE,Kiss,Love Gun,Hard rock,Estados Unidos,0.6803077503674302,0.9397884648200744,212,65,358,17,52,216.41176470588235,1,54.0,0.7083333333333334,2,23,0,8,0
Twisted Sister|||We're Not Gonna Take It|||NONE,Twisted Sister,We're Not Gonna Take It,Glam metal,Estados Unidos,0.7409449542763032,0.9372953671595237,174,24,324,22,32,210.6818181818182,0,,0.9166666666666666,0,23,0,6,1
U2|||Vertigo|||NONE,U2,Vertigo,Rock,Irlanda,0.7563589802144892,0.9370889681183725,270,121,419,12,146,307.0,1,146.0,0.631578947368421,1,18,0,5,0
Elvis Presley|||Suspicious Minds|||NONE,Elvis Presley,Suspicious Minds,Rock and roll,Estados Unidos,0.7445278600737789,0.9369138591168434,178,28,328,18,21,107.66666666666667,0,,0.72,0,24,0,6,1
Mr. Big|||To Be with You|||NONE,Mr. Big,To Be with You,Hard rock,Estados Unidos,0.6729691749650014,0.9364366069637996,281,131,431,12,86,327.75,1,279.0,0.8571428571428571,2,13,0,8,0
System of a Down|||Aerials|||NONE,System of a Down,Aerials,Metal alternativo,Estados Unidos,0.7726703509473224,0.9349311246462603,294,144,444,7,21,218.28571428571428,1,309.0,0.5,2,13,0,6,0
The Doobie Brothers|||Long Train Runnin'|||NONE,The Doobie Brothers,Long Train Runnin',Rock,Estados Unidos,0.7636998407143536,0.9341576451617974,254,104,404,14,45,221.35714285714286,0,,0.56,0,24,0,6,2
Franz Ferdinand|||Take Me Out|||NONE,Franz Ferdinand,Take Me Out,Indie rock,Reino Unido,0.736584317299312,0.9317791613836296,271,121,421,7,188,329.14285714285717,1,188.0,0.5,3,13,0,5,0
Neil Young|||Rockin' in the Free World|||NONE,Neil Young,Rockin' in the Free World,Folk rock,Canadá,0.6404352281806908,0.9316731481958599,267,117,417,20,71,290.05,1,414.0,0.8,3,24,0,8,0
Quiet Riot|||Cum on Feel the Noize|||NONE,Quiet Riot,Cum on Feel the Noize,Heavy metal,Estados Unidos,0.6661573827073372,0.93062186364215,219,109,329,12,107,214.91666666666666,1,195.0,0.5217391304347826,3,22,0,7,0
AC/DC|||You Shook Me All Night Long|||NONE,AC/DC,You Shook Me All Night Long,Hard rock,Austrália,0.7357095659981547,0.925816917852078,151,3,299,18,10,116.05555555555556,0,,0.72,0,24,0,6,1
The Doors|||Roadhouse Blues|||NONE,The Doors,Roadhouse Blues,Rock psicodélico,Estados Unidos,0.7314425518790771,0.9252748281270325,237,87,387,20,36,135.5,0,,0.8,0,24,0,6,1
Rush|||Closer to the Heart|||NONE,Rush,Closer to the Heart,Rock progressivo,Canadá,0.6708393391992267,0.9221089220896893,229,117,340,17,78,203.7058823529412,1,226.0,0.68,2,24,0,8,0
Dire Straits|||Walk of Life|||NONE,Dire Straits,Walk of Life,Rock,Reino Unido,0.6780616043486212,0.9203359636763155,234,84,384,14,49,289.85714285714283,1,267.0,0.6086956521739131,2,22,0,8,0
Coldplay|||Viva la Vida|||NONE,Coldplay,Viva la Vida,Rock alternativo,Reino Unido,0.7257385175170135,0.918059224659022,287,137,437,7,155,313.14285714285717,1,161.0,0.5,3,13,0,5,0
Creedence Clearwater Revival|||Proud Mary|||NONE,Creedence Clearwater Revival,Proud Mary,Swamp rock,Estados Unidos,0.7256580469955664,0.9179574294493915,214,64,364,19,16,191.73684210526315,0,,0.76,0,24,0,6,2
Bob Dylan|||Hurricane|||NONE,Bob Dylan,Hurricane,Folk,Estados Unidos,0.6034276806134308,0.9160032191711879,252,102,402,22,9,148.27272727272728,1,387.0,0.9166666666666666,5,23,0,8,0
Bachman–Turner Overdrive|||Hold Back the Water|||NONE,Bachman–Turner Overdrive,Hold Back the Water,Rock,Canadá,0.7445816782406288,0.9145944947722392,254,104,404,14,164,302.42857142857144,0,,0.5833333333333334,0,23,0,5,2
Creedence Clearwater Revival|||Hey Tonight|||NONE,Creedence Clearwater Revival,Hey Tonight,Swamp rock,Estados Unidos,0.7182048569469746,0.9085291440379228,198,48,348,21,23,241.28571428571428,1,272.0,0.84,1,24,0,6,0
The Who|||My Generation|||NONE,The Who,My Generation,Rock,Reino Unido,0.6220839190128593,0.9049765811839571,274,124,424,22,11,156.13636363636363,1,75.0,0.88,3,24,0,8,0
Bon Jovi|||Wanted Dead or Alive|||NONE,Bon Jovi,Wanted Dead or Alive,Rock,Estados Unidos,0.674447325295649,0.9031299317258938,277,146,409,8,171,295.625,1,332.0,0.5333333333333333,2,14,0,7,0
Van Halen|||Can't Stop Lovin' You|||NONE,Van Halen,Can't Stop Lovin' You,Hard rock,Estados Unidos,0.7153346480300684,0.9013216565178863,177,27,327,16,32,217.125,1,350.0,0.7272727272727273,1,21,0,6,0
Focus|||Hocus Pocus|||NONE,Focus,Hocus Pocus,Rock progressivo,Países Baixos,0.7124879547586871,0.9012972627697391,240,90,390,21,8,101.14285714285714,0,,0.875,0,23,0,6,1
Black Sabbath|||War Pigs|||NONE,Black Sabbath,War Pigs,Heavy metal,Reino Unido,0.7161395541631874,0.901190014958955,244,94,394,18,25,142.72222222222223,0,,0.72,0,24,0,6,2
Robert Plant|||29 Palms|||NONE,Robert Plant,29 Palms,Hard rock,Reino Unido,0.5934821112412765,0.9009058448642577,279,129,429,19,93,312.89473684210526,1,384.0,0.76,5,24,0,8,0
Peter Frampton|||Show Me the Way|||NONE,Peter Frampton,Show Me the Way,Rock,Reino Unido,0.6006304148932666,0.9006573197407514,270,120,420,17,71,298.52941176470586,1,367.0,0.68,4,24,0,8,0
Mr. Big|||Wild World|||NONE,Mr. Big,Wild World,Hard rock,Estados Unidos,0.6811417202548404,0.8991070707363894,275,125,425,7,163,291.42857142857144,1,229.0,0.5,4,13,0,5,0
Rammstein|||Amerika|||NONE,Rammstein,Amerika,Metal industrial,Alemanha,0.7427400884969622,0.8987155070813243,160,18,303,4,41,150.25,1,103.0,0.4444444444444444,2,8,0,6,0
Billy Idol|||Rebel Yell|||NONE,Billy Idol,Rebel Yell,Rock,Reino Unido,0.6258186561752216,0.8972153467365426,285,135,435,14,41,317.7142857142857,1,102.0,0.6666666666666666,3,20,0,8,0
Pearl Jam|||Alive|||NONE,Pearl Jam,Alive,Grunge,Estados Unidos,0.705964659525436,0.8930452942996765,149,1,299,20,37,144.95,1,200.0,0.9090909090909091,1,21,0,6,0
Kiss|||Strutter|||NONE,Kiss,Strutter,Hard rock,Estados Unidos,0.6579176490026296,0.8897368676806152,315,165,465,10,49,319.7,1,228.0,0.5882352941176471,2,16,0,8,0
Black Sabbath|||Heaven and Hell|||NONE,Black Sabbath,Heaven and Hell,Heavy metal,Reino Unido,0.7188933218172611,0.8896304857488607,144,39,250,15,38,116.86666666666666,1,68.0,0.625,1,23,0,6,0
Ramones|||Sheena Is a Punk Rocker|||NONE,Ramones,Sheena Is a Punk Rocker,Punk rock,Estados Unidos,0.7217782061439882,0.886584229880199,214,64,364,14,48,242.5,1,278.0,0.5833333333333334,1,23,0,6,0
Uriah Heep|||Easy Livin'|||NONE,Uriah Heep,Easy Livin',Hard rock,Reino Unido,0.596468109990862,0.8857551433364301,279,141,418,15,163,304.06666666666666,1,423.0,0.625,5,23,0,7,0
Van Halen|||Jump|||NONE,Van Halen,Jump,Hard rock,Estados Unidos,0.6996210686879641,0.8850206518902746,151,1,301,24,6,116.29166666666667,1,51.0,0.96,1,24,0,6,0
Alice Cooper|||School's Out|||NONE,Alice Cooper,School's Out,Hard rock,Estados Unidos,0.7086855540669057,0.883494657403409,276,133,419,16,77,211.4375,0,,0.6666666666666666,0,23,0,6,1
Foo Fighters|||Best of You|||NONE,Foo Fighters,Best of You,Rock,Estados Unidos,0.6978903436950215,0.8828312847742021,296,146,446,7,111,288.2857142857143,1,111.0,0.875,1,7,0,5,0
Ghost|||Square Hammer|||NONE,Ghost,Square Hammer,Heavy metal,Suécia,0.5812924415398764,0.8824019262575322,271,121,421,6,30,313.3333333333333,1,413.0,1.0,5,5,0,8,0
Alice in Chains|||Would?|||NONE,Alice in Chains,Would?,Grunge,Estados Unidos,0.7015479316995625,0.88194597127945,283,133,433,15,49,278.46666666666664,1,189.0,0.7142857142857143,1,20,0,6,0
Black Sabbath|||N.I.B.|||NONE,Black Sabbath,N.I.B.,Heavy metal,Reino Unido,0.696686801887654,0.8813088043878823,185,35,335,20,29,183.1,1,62.0,0.8333333333333334,1,23,0,6,0
The White Stripes|||Seven Nation Army|||NONE,The White Stripes,Seven Nation Army,Rock alternativo,Estados Unidos,0.6077947101986242,0.8786974953157252,283,133,433,5,85,308.8,1,370.0,0.7142857142857143,3,6,0,8,0
Siouxsie and the Banshees|||Cities in Dust|||NONE,Siouxsie and the Banshees,Cities in Dust,Pós-punk,Reino Unido,0.6513084424241892,0.8771708831535516,284,134,434,13,121,322.38461538461536,1,199.0,0.5652173913043478,2,22,0,7,0
Echo & the Bunnymen|||Lips Like Sugar|||NONE,Echo & the Bunnymen,Lips Like Sugar,Pós-punk,Reino Unido,0.5773631371757169,0.8764372422327381,289,139,439,18,107,324.3333333333333,1,364.0,0.782608695652174,5,22,0,7,0
Queen|||Don't Stop Me Now|||NONE,Queen,Don't Stop Me Now,Rock,Reino Unido,0.5853081587349718,0.8756210054675178,231,81,381,16,58,216.3125,1,137.0,0.6666666666666666,4,23,0,8,0
Black Sabbath|||Changes|||NONE,Black Sabbath,Changes,Heavy metal,Reino Unido,0.6900719979704726,0.8729410774326478,186,36,336,19,12,178.1578947368421,1,45.0,0.76,1,24,0,6,0
Yes|||Roundabout|||NONE,Yes,Roundabout,Rock progressivo,Reino Unido,0.6977751762850432,0.8719398602857901,189,39,339,17,27,155.35294117647058,0,,0.68,0,24,0,6,2
Deep Purple|||Hush|||NONE,Deep Purple,Hush,Hard rock,Reino Unido,0.606185411180397,0.8711126832826779,190,40,340,17,39,220.58823529411765,1,331.0,0.68,3,24,0,8,0
Live|||Pain Lies on the Riverside|||NONE,Live,Pain Lies on the Riverside,Rock alternativo,Estados Unidos,0.6929247211213072,0.8689276002861193,263,113,413,14,96,295.14285714285717,1,155.0,0.7,1,19,0,6,0
ZZ Top|||Sharp Dressed Man|||NONE,ZZ Top,Sharp Dressed Man,Blues rock,Estados Unidos,0.7079846992014219,0.8660068840631795,214,81,347,14,130,258.64285714285717,0,,0.56,0,24,0,5,2
Nirvana|||About a Girl|||NONE,Nirvana,About a Girl,Grunge,Estados Unidos,0.8659627203092035,0.8659627203092035,220,70,370,9,61,222.66666666666666,1,61.0,0.47368421052631576,1,18,0,4,0
Wings|||Band on the Run|||NONE,Wings,Band on the Run,Pop rock,Reino Unido,0.6215556620226418,0.8648947037045062,210,60,360,20,17,191.4,1,55.0,0.8,2,24,0,8,0
Rainbow|||Stargazer|||NONE,Rainbow,Stargazer,Hard rock,Reino Unido,0.6937049858523135,0.8648188823625509,207,57,357,10,4,146.8,0,,0.6666666666666666,0,14,0,6,2
"Emerson, Lake & Palmer|||Lucky Man|||NONE","Emerson, Lake & Palmer",Lucky Man,Rock progressivo,Reino Unido,0.703912664439626,0.8646393894866741,218,68,368,14,43,237.64285714285714,0,,0.5833333333333334,0,23,0,6,1
The Killers|||Somebody Told Me|||NONE,The Killers,Somebody Told Me,Rock alternativo,Estados Unidos,0.6207737942105417,0.8638067346439688,322,206,438,6,194,325.5,1,402.0,0.75,2,7,0,7,0
Depeche Mode|||Enjoy the Silence|||NONE,Depeche Mode,Enjoy the Silence,Música eletrônica,Reino Unido,0.6444967618254624,0.8619296167360527,301,151,451,10,67,274.4,1,467.0,0.5263157894736842,2,18,0,8,0
Oasis|||Champagne Supernova|||NONE,Oasis,Champagne Supernova,Rock alternativo,Reino Unido,0.6773408423306023,0.856836165548212,258,124,392,8,167,283.0,1,276.0,0.8888888888888888,1,8,0,5,0
Badfinger|||Day After Day|||NONE,Badfinger,Day After Day,Power pop,Reino Unido,0.5705568120147969,0.8558352180221953,273,123,423,15,166,328.8,1,415.0,0.6818181818181818,4,21,0,7,0
Twisted Sister|||I Wanna Rock|||NONE,Twisted Sister,I Wanna Rock,Glam metal,Estados Unidos,0.6763157269829917,0.8555393946334845,216,66,366,19,59,261.1578947368421,1,115.0,0.8260869565217391,1,22,0,6,0
Skid Row|||18 and Life|||NONE,Skid Row,18 and Life,Heavy metal,Estados Unidos,0.5635428242927276,0.8554580072763605,284,134,434,15,84,322.2,1,358.0,0.7894736842105263,5,18,0,8,0
Rainbow|||Long Live Rock 'n' Roll|||NONE,Rainbow,Long Live Rock 'n' Roll,Hard rock,Reino Unido,0.6757451960262888,0.8548176729732554,195,45,345,19,40,243.78947368421052,0,,0.8260869565217391,0,22,0,6,1
Kiss|||I Was Made for Lovin' You|||NONE,Kiss,I Was Made for Lovin' You,Hard rock,Estados Unidos,0.5870299420653599,0.8539818082195821,221,71,371,18,48,258.77777777777777,1,48.0,0.75,3,23,0,8,0
Joe Cocker|||With a Little Help from My Friends|||NONE,Joe Cocker,With a Little Help from My Friends,Classic rock,Reino Unido,0.5684233756256291,0.8523622202181435,238,88,388,17,31,219.52941176470588,1,452.0,0.68,4,24,0,8,0
The Doors|||People Are Strange|||NONE,The Doors,People Are Strange,Rock psicodélico,Estados Unidos,0.6813741964188188,0.8514451958449561,206,56,356,17,32,221.41176470588235,0,,0.68,0,24,0,6,2
Pink Floyd|||Time|||NONE,Pink Floyd,Time,Rock progressivo,Reino Unido,0.6708401174355785,0.8486127485560068,221,90,353,23,5,87.17391304347827,1,197.0,0.92,1,24,0,6,0
The Clash|||Should I Stay or Should I Go|||NONE,The Clash,Should I Stay or Should I Go,Punk rock,Reino Unido,0.6296475592373245,0.847203383905005,230,80,380,14,54,212.92857142857142,1,330.0,0.56,2,24,0,8,0
Thin Lizzy|||Whiskey in the Jar|||NONE,Thin Lizzy,Whiskey in the Jar,Hard rock,Irlanda,0.6011555473842533,0.8464270107170286,270,120,420,13,163,333.84615384615387,1,243.0,0.5652173913043478,3,22,0,7,0
INXS|||New Sensation|||NONE,INXS,New Sensation,Rock,Austrália,0.6961983633471334,0.8457296639964743,294,144,444,12,142,321.6666666666667,1,214.0,0.5217391304347826,1,22,0,5,0
John Lennon|||Imagine|||NONE,John Lennon,Imagine,Rock,Reino Unido,0.6704834682760535,0.8437363964785858,179,63,295,18,27,103.5,1,77.0,0.72,1,24,0,6,0
Queen|||Somebody to Love|||NONE,Queen,Somebody to Love,Rock,Reino Unido,0.6669806922442909,0.8437305756890281,188,38,338,22,28,160.22727272727272,1,260.0,0.88,1,24,0,6,0
Foo Fighters|||Learn to Fly|||NONE,Foo Fighters,Learn to Fly,Rock,Estados Unidos,0.6763098365795153,0.8431329296024624,236,86,386,12,70,289.75,1,230.0,0.6666666666666666,1,17,0,6,0
Limp Bizkit|||Take a Look Around|||NONE,Limp Bizkit,Take a Look Around,Nu metal,Estados Unidos,0.5794287515115694,0.8429239762614555,280,130,430,6,147,329.8333333333333,1,147.0,0.8571428571428571,3,6,0,7,0
AC/DC|||Moneytalks|||NONE,AC/DC,Moneytalks,Hard rock,Austrália,0.6805239905820218,0.8421484383452521,200,50,350,15,6,208.86666666666667,1,106.0,0.625,1,23,0,6,0
Ramones|||I Wanna Be Sedated|||NONE,Ramones,I Wanna Be Sedated,Punk rock,Estados Unidos,0.6051430967361814,0.8420566191083965,278,128,428,18,93,290.94444444444446,1,349.0,0.75,2,23,0,8,0
The Cult|||Nirvana|||NONE,The Cult,Nirvana,Hard rock,Reino Unido,0.6843721756693262,0.8406371557804891,312,162,462,7,160,319.0,1,160.0,0.5833333333333334,1,11,0,5,0
Oasis|||Stand by Me|||NONE,Oasis,Stand by Me,Rock alternativo,Reino Unido,0.6897278446384577,0.8390336368896063,298,150,445,9,134,287.1111111111111,1,257.0,0.5294117647058824,1,16,0,5,0
Bon Jovi|||Keep the Faith|||NONE,Bon Jovi,Keep the Faith,Rock,Estados Unidos,0.6628131433348391,0.8384586263185715,271,144,399,7,150,308.85714285714283,0,,0.7777777777777778,0,8,0,5,2
Midnight Oil|||Beds Are Burning|||NONE,Midnight Oil,Beds Are Burning,Rock,Austrália,0.6605137677058184,0.8355499161478602,201,51,351,22,61,218.5,0,,0.9565217391304348,0,22,0,6,1
Kansas|||Carry On Wayward Son|||NONE,Kansas,Carry On Wayward Son,Rock progressivo,Estados Unidos,0.6768196974401809,0.8351366527544493,267,117,417,14,55,177.92857142857142,1,98.0,0.6086956521739131,1,22,0,6,0
Kiss|||Lick It Up|||NONE,Kiss,Lick It Up,Hard rock,Estados Unidos,0.6644373106038869,0.834064247546291,212,62,362,12,16,275.1666666666667,0,,0.7058823529411765,0,16,0,6,2
Queen|||We Will Rock You|||NONE,Queen,We Will Rock You,Rock,Reino Unido,0.6576744822203452,0.8319582200087368,267,117,417,21,23,109.52380952380952,1,27.0,0.875,1,23,0,6,0
The B-52's|||Legal Tender|||NONE,The B-52's,Legal Tender,New wave,Estados Unidos,0.6668973131067493,0.8313986503397475,258,108,408,16,47,273.3125,1,167.0,0.6666666666666666,1,23,0,6,0
The Jimi Hendrix Experience|||Crosstown Traffic|||NONE,The Jimi Hendrix Experience,Crosstown Traffic,Rock psicodélico,Estados Unidos,0.6841023251063365,0.8310356071074367,281,131,431,12,59,301.3333333333333,1,451.0,0.5217391304347826,1,22,0,6,0
Eric Clapton|||Bad Love|||NONE,Eric Clapton,Bad Love,Rock,Reino Unido,0.6814384843287863,0.830787085477512,297,147,447,13,97,291.53846153846155,0,,0.5416666666666666,0,23,0,6,1
The Who|||Baba O'Riley|||NONE,The Who,Baba O'Riley,Rock,Reino Unido,0.6556631570356342,0.8294138936500772,135,46,225,24,5,59.916666666666664,1,92.0,0.96,1,24,0,6,0
Kansas|||Dust in the Wind|||NONE,Kansas,Dust in the Wind,Rock progressivo,Estados Unidos,0.6552039903854413,0.8288330478375833,190,40,340,21,50,221.52380952380952,0,,0.84,0,24,0,6,1
Linkin Park|||In the End|||NONE,Linkin Park,In the End,Rock alternativo,Estados Unidos,0.6682720808660517,0.826986700071739,322,172,472,5,124,337.4,1,408.0,0.625,1,7,0,5,0
David Bowie|||Sound and Vision|||NONE,David Bowie,Sound and Vision,Art rock,Reino Unido,0.6778640537322603,0.8246016841872439,215,65,365,9,65,193.11111111111111,0,,0.5294117647058824,0,16,0,6,2
Europe|||The Final Countdown|||NONE,Europe,The Final Countdown,Hard rock,Suécia,0.6516594366789176,0.8243491873988308,188,38,338,21,62,240.0952380952381,1,215.0,0.875,1,23,0,6,0
Roxette|||The Look|||NONE,Roxette,The Look,Pop,Suécia,0.5921874657095002,0.8240288585347697,354,243,466,4,353,432.0,1,499.0,0.8,2,4,0,7,0
The Offspring|||The Kids Aren't Alright|||NONE,The Offspring,The Kids Aren't Alright,Punk rock,Estados Unidos,0.6495892041862606,0.8217303432956198,337,187,487,7,183,385.7142857142857,1,183.0,0.7777777777777778,1,8,0,5,0
The Killers|||Mr. Brightside|||NONE,The Killers,Mr. Brightside,Rock alternativo,Estados Unidos,0.5900653567612028,0.8210759439332137,323,173,473,6,26,277.3333333333333,1,336.0,0.75,2,7,0,8,0
Collective Soul|||Shine|||NONE,Collective Soul,Shine,Rock alternativo,Estados Unidos,0.6719505810589587,0.8197797088919296,243,95,391,12,200,374.9166666666667,0,,0.5454545454545454,0,21,0,5,1
U2|||With or Without You|||NONE,U2,With or Without You,Rock,Irlanda,0.6478021415104723,0.8194697090107474,192,42,342,21,74,233.28571428571428,1,308.0,0.84,1,24,0,6,0
Ghost|||If You Have Ghosts|||NONE,Ghost,If You Have Ghosts,Heavy metal,Suécia,0.6568353120607143,0.8188546890356906,317,167,467,4,163,285.0,0,,0.6666666666666666,0,5,0,5,2
Don McLean|||American Pie|||NONE,Don McLean,American Pie,Folk rock,Estados Unidos,0.6739913007426004,0.818495035621814,185,35,335,13,25,164.15384615384616,0,,0.52,0,24,0,6,1
INXS|||Never Tear Us Apart|||NONE,INXS,Never Tear Us Apart,Rock,Austrália,0.6701902997467029,0.8176321656909776,277,127,427,12,94,322.25,1,150.0,0.5454545454545454,1,21,0,6,0
Van Halen|||Ain't Talkin' 'bout Love|||NONE,Van Halen,Ain't Talkin' 'bout Love,Hard rock,Estados Unidos,0.6705412097784876,0.817501491588273,228,78,378,13,22,224.23076923076923,1,94.0,0.5416666666666666,1,23,0,6,0
Men at Work|||Down Under|||NONE,Men at Work,Down Under,New wave,Austrália,0.5602707565961811,0.8150538831582944,247,97,397,20,101,282.2,1,252.0,0.8,3,24,0,7,0
Billy Idol|||Eyes Without a Face|||NONE,Billy Idol,Eyes Without a Face,Rock,Reino Unido,0.6625043507051922,0.8137761774495444,283,133,433,14,137,292.5,0,,0.5833333333333334,0,23,0,5,2
Aerosmith|||Walk This Way|||NONE,Aerosmith,Walk This Way,Hard rock,Estados Unidos,0.6509426554253613,0.8134179422195317,295,145,445,17,24,212.47058823529412,0,,0.68,0,24,0,6,1
Joey Ramone|||What a Wonderful World|||NONE,Joey Ramone,What a Wonderful World,Punk rock,Estados Unidos,0.5343629419507729,0.8111629458812732,334,250,418,6,252,355.1666666666667,1,366.0,0.8571428571428571,5,6,0,7,0
Bob Dylan|||Knockin' on Heaven's Door|||NONE,Bob Dylan,Knockin' on Heaven's Door,Folk,Estados Unidos,0.6635596846651343,0.809542815291464,293,143,443,12,41,303.1666666666667,0,,0.5454545454545454,0,21,0,6,2
The Blues Brothers|||Sweet Home Chicago|||NONE,The Blues Brothers,Sweet Home Chicago,Blues,Estados Unidos,0.6589399320548516,0.809397883207376,265,115,415,14,102,307.2857142857143,0,,0.5833333333333334,0,23,0,5,2
Derek and the Dominos|||Layla|||NONE,Derek and the Dominos,Layla,Blues rock,Estados Unidos,0.6431014993868992,0.8092789268284739,232,82,382,18,26,165.55555555555554,1,211.0,0.72,1,24,0,6,0
The Guess Who|||American Woman|||NONE,The Guess Who,American Woman,Rock,Canadá,0.6389592103254325,0.8082834010616721,185,36,335,19,89,218.05263157894737,0,,0.76,0,24,0,6,1
4 Non Blondes|||What's Up?|||NONE,4 Non Blondes,What's Up?,Rock alternativo,Estados Unidos,0.6113259939214168,0.8069503119762702,291,141,441,8,98,313.875,1,164.0,0.38095238095238093,5,20,0,6,0
Cream|||Sunshine of Your Love|||NONE,Cream,Sunshine of Your Love,Rock psicodélico,Reino Unido,0.6401668664444781,0.8055859847337312,262,112,412,18,74,256.55555555555554,0,,0.72,0,24,0,6,1
Jefferson Airplane|||Somebody to Love|||NONE,Jefferson Airplane,Somebody to Love,Rock psicodélico,Estados Unidos,0.6581158019204723,0.8050072489091219,241,91,391,14,24,208.28571428571428,0,,0.56,0,24,0,6,1
Rush|||Fly by Night|||NONE,Rush,Fly by Night,Rock progressivo,Canadá,0.6362447795529342,0.8048496461344619,165,15,315,21,14,195.33333333333334,0,,0.84,0,24,0,6,1
Arctic Monkeys|||Fluorescent Adolescent|||NONE,Arctic Monkeys,Fluorescent Adolescent,Indie rock,Reino Unido,0.5780280327390224,0.8043260075563498,299,149,449,7,29,339.14285714285717,1,371.0,0.875,2,7,0,8,0
The Jimi Hendrix Experience|||Fire|||NONE,The Jimi Hendrix Experience,Fire,Rock psicodélico,Estados Unidos,0.6548906660605894,0.8037921227648919,313,163,463,11,25,310.90909090909093,0,,0.5789473684210527,0,18,0,6,2
The Cult|||Edie (Ciao Baby)|||NONE,The Cult,Edie (Ciao Baby),Hard rock,Reino Unido,0.6476686545777585,0.8031091316764205,217,67,367,14,33,227.07142857142858,0,,0.6363636363636364,0,21,0,6,1
Nirvana|||Lithium|||NONE,Nirvana,Lithium,Grunge,Estados Unidos,0.6480326917252384,0.8010918417708185,242,92,392,13,64,271.6923076923077,1,328.0,0.6190476190476191,1,20,0,6,0
David Bowie|||Starman|||NONE,David Bowie,Starman,Art rock,Reino Unido,0.6323815347758877,0.7999626414914979,204,54,354,20,47,205.05,1,47.0,0.8695652173913043,1,22,0,6,0
David Bowie|||Let's Dance|||NONE,David Bowie,Let's Dance,Art rock,Reino Unido,0.6481482982755367,0.7997586393504231,202,52,352,14,112,261.14285714285717,0,,0.6086956521739131,0,22,0,5,2
Aerosmith|||Sweet Emotion|||NONE,Aerosmith,Sweet Emotion,Hard rock,Estados Unidos,0.6444319719882294,0.7996111908429953,175,25,325,16,18,228.4375,0,,0.64,0,24,0,6,2
George Thorogood & The Destroyers|||Bad to the Bone|||NONE,George Thorogood & The Destroyers,Bad to the Bone,Blues rock,Estados Unidos,0.639833614029111,0.7995360840907773,278,128,428,17,82,303.47058823529414,0,,0.68,0,24,0,6,1
Led Zeppelin|||Black Dog|||NONE,Led Zeppelin,Black Dog,Hard rock,Reino Unido,0.6318909723005016,0.7993420799601345,204,54,354,23,18,110.95652173913044,1,117.0,0.92,1,24,0,6,0
Guns N' Roses|||Patience|||NONE,Guns N' Roses,Patience,Hard rock,Estados Unidos,0.6308119232634661,0.7979770829282846,200,57,344,17,107,236.64705882352942,0,,0.8095238095238095,0,20,0,5,1
The Beach Boys|||Surfin' U.S.A.|||NONE,The Beach Boys,Surfin' U.S.A.,Rock,Estados Unidos,0.6294528079029069,0.7962578019971773,299,149,449,21,96,277.1904761904762,0,,0.84,0,24,0,6,1
The Smiths|||The Boy with the Thorn in His Side|||NONE,The Smiths,The Boy with the Thorn in His Side,Indie pop,Reino Unido,0.6575996694796534,0.7956956000703808,263,113,413,8,121,294.875,1,177.0,0.36363636363636365,2,21,0,5,0
Whitesnake|||Here I Go Again|||NONE,Whitesnake,Here I Go Again,Hard rock,Reino Unido,0.6289410457543045,0.7956104228791953,195,112,278,20,47,156.3,0,,0.8333333333333334,0,23,0,6,2
Marillion|||Kayleigh|||NONE,Marillion,Kayleigh,Rock progressivo,Reino Unido,0.571033218892937,0.7945927240895219,290,140,440,19,147,330.7368421052632,1,217.0,0.76,2,24,0,7,0
Hoodoo Gurus|||1000 Miles Away|||NONE,Hoodoo Gurus,1000 Miles Away,Rock alternativo,Austrália,0.6410915580006467,0.7925112783665137,295,145,445,13,80,310.53846153846155,1,80.0,0.6190476190476191,1,20,0,6,0
Scorpions|||Still Loving You|||NONE,Scorpions,Still Loving You,Hard rock,Alemanha,0.6355021929577733,0.7922594005540241,170,36,304,16,43,166.3125,0,,0.6666666666666666,0,23,0,6,2
Black Sabbath|||Sabbath Bloody Sabbath|||NONE,Black Sabbath,Sabbath Bloody Sabbath,Heavy metal,Reino Unido,0.6246993243424912,0.7902446452932514,206,56,356,19,40,147.8421052631579,0,,0.76,0,24,0,6,2
Oingo Boingo|||Stay|||NONE,Oingo Boingo,Stay,New wave,Estados Unidos,0.6368458582894267,0.7896888642788892,276,126,426,14,152,302.42857142857144,0,,0.6363636363636364,0,21,0,5,1
Janis Joplin|||Me and Bobby McGee|||NONE,Janis Joplin,Me and Bobby McGee,Rock psicodélico,Estados Unidos,0.6497788547680678,0.7890914412303418,240,90,390,13,100,282.0769230769231,0,,0.52,0,24,0,6,1
Judas Priest|||Turbo Lover|||NONE,Judas Priest,Turbo Lover,Heavy metal,Reino Unido,0.636481703577364,0.787646108176988,298,148,448,10,48,319.0,1,391.0,0.625,1,15,0,6,0
Van Halen|||Runnin' with the Devil|||NONE,Van Halen,Runnin' with the Devil,Hard rock,Estados Unidos,0.6381574060231668,0.7874307470842381,190,40,340,14,18,250.07142857142858,1,245.0,0.6086956521739131,1,22,0,6,0
The Doors|||Love Me Two Times|||NONE,The Doors,Love Me Two Times,Rock psicodélico,Estados Unidos,0.6222625349621353,0.7871621067271012,208,58,358,21,18,213.76190476190476,0,,0.84,0,24,0,6,2
Eric Clapton|||I Shot the Sheriff|||NONE,Eric Clapton,I Shot the Sheriff,Rock,Reino Unido,0.6331349976326648,0.7855939050626106,178,28,328,16,25,231.0,1,114.0,0.64,1,24,0,6,0
Alice in Chains|||No Excuses|||NONE,Alice in Chains,No Excuses,Grunge,Estados Unidos,0.6461360017540427,0.7852090840363416,321,197,446,11,288,408.3636363636364,0,,0.5238095238095238,0,20,0,5,2
Rush|||The Spirit of Radio|||NONE,Rush,The Spirit of Radio,Rock progressivo,Canadá,0.6206751298992268,0.7851540393225219,193,64,321,24,30,154.0,0,,0.96,0,24,0,6,1
Ozzy Osbourne|||Shot in the Dark|||NONE,Ozzy Osbourne,Shot in the Dark,Heavy metal,Reino Unido,0.6372153033440212,0.7850492537198343,213,63,363,12,53,243.41666666666666,0,,0.6,0,19,0,6,2
Tears for Fears|||Everybody Wants to Rule the World|||NONE,Tears for Fears,Everybody Wants to Rule the World,New wave,Reino Unido,0.6274892652434731,0.7843615815543414,246,96,396,15,54,294.53333333333336,1,239.0,0.6818181818181818,1,21,0,6,0
James Brown|||I Got You (I Feel Good)|||NONE,James Brown,I Got You (I Feel Good),Soul,Estados Unidos,0.6317048544043752,0.7838193833449488,277,127,427,16,50,260.875,1,297.0,0.64,1,24,0,6,0
The Beatles|||Drive My Car|||NONE,The Beatles,Drive My Car,Rock,Reino Unido,0.6428573952822936,0.783297010867041,289,139,439,7,71,230.14285714285714,1,133.0,0.5384615384615384,1,12,0,6,0
Dream Theater|||Another Day|||NONE,Dream Theater,Another Day,Metal progressivo,Estados Unidos,0.6179154508597484,0.7816630453375818,254,104,404,8,140,310.125,1,327.0,0.5,3,15,0,5,0
The Rolling Stones|||Brown Sugar|||NONE,The Rolling Stones,Brown Sugar,Rock,Reino Unido,0.6332644567654342,0.780181810735015,262,112,412,15,30,220.53333333333333,1,218.0,0.6,1,24,0,6,0
AC/DC|||Jailbreak|||NONE,AC/DC,Jailbreak,Hard rock,Austrália,0.6162323391655307,0.7795339090443962,225,88,362,21,24,135.0952380952381,0,,0.84,0,24,0,6,2
Midnight Oil|||King of the Mountain|||NONE,Midnight Oil,King of the Mountain,Rock,Austrália,0.644191497213781,0.7794717116286751,319,169,469,6,232,355.3333333333333,1,244.0,0.46153846153846156,2,12,0,5,0
Aerosmith|||Amazing|||NONE,Aerosmith,Amazing,Hard rock,Estados Unidos,0.6160710142980702,0.7793298330870588,292,142,442,17,88,297.1764705882353,0,,0.7727272727272727,0,21,0,6,1
The Rolling Stones|||Miss You|||NONE,The Rolling Stones,Miss You,Rock,Reino Unido,0.6179849334883609,0.7786610161953349,236,86,386,16,53,261.1875,1,247.0,0.7272727272727273,1,21,0,6,0
The Clash|||London Calling|||NONE,The Clash,London Calling,Punk rock,Reino Unido,0.6146975796662443,0.7775924382777991,227,78,377,22,50,201.77272727272728,1,281.0,0.9166666666666666,1,23,0,6,0
Kings of Leon|||Use Somebody|||NONE,Kings of Leon,Use Somebody,Rock alternativo,Estados Unidos,0.613068289212557,0.7755313858538845,287,167,407,12,157,346.3333333333333,0,,0.8,0,14,0,5,1
Bush|||Machinehead|||NONE,Bush,Machinehead,Rock alternativo,Reino Unido,0.640387955909382,0.7748694266503524,353,203,500,8,180,422.25,1,490.0,0.42105263157894735,2,18,0,5,0
A Flock of Seagulls|||I Ran (So Far Away)|||NONE,A Flock of Seagulls,I Ran (So Far Away),New wave,Reino Unido,0.6403150870270402,0.7747812553027188,263,113,413,9,46,311.6666666666667,1,406.0,0.47368421052631576,2,18,0,6,0
Kiss|||I Love It Loud|||NONE,Kiss,I Love It Loud,Hard rock,Estados Unidos,0.6121783137089413,0.7744055668418106,230,80,380,19,54,169.94736842105263,0,,0.7916666666666666,0,23,0,6,1
Elvis Presley|||A Little Less Conversation|||NONE,Elvis Presley,A Little Less Conversation,Rock and roll,Estados Unidos,0.509844278970905,0.7739436154778337,261,111,411,21,39,262.3333333333333,1,39.0,0.9130434782608695,5,22,0,8,0
Red Hot Chili Peppers|||Under the Bridge|||NONE,Red Hot Chili Peppers,Under the Bridge,Rock,Estados Unidos,0.6342202461235708,0.7737487002707564,214,66,363,12,81,252.91666666666666,1,316.0,0.5454545454545454,1,21,0,6,0
Aerosmith|||Livin' on the Edge|||NONE,Aerosmith,Livin' on the Edge,Hard rock,Estados Unidos,0.6336945349526331,0.7731073326422123,185,35,335,12,39,248.5,0,,0.5454545454545454,0,21,0,6,2
Kiss|||Detroit Rock City|||NONE,Kiss,Detroit Rock City,Hard rock,Estados Unidos,0.6111206484549969,0.7730676202955712,139,1,289,22,8,104.5909090909091,1,8.0,0.88,1,24,0,6,0
Led Zeppelin|||Whole Lotta Love|||NONE,Led Zeppelin,Whole Lotta Love,Hard rock,Reino Unido,0.6106078568514743,0.7724189389171151,231,100,363,22,11,108.5909090909091,1,41.0,0.88,1,24,0,6,0
The Beatles|||Let It Be|||NONE,The Beatles,Let It Be,Rock,Reino Unido,0.5547489662824423,0.7719331865820186,205,55,355,20,10,139.95,1,325.0,0.8,2,24,0,8,0
Thin Lizzy|||The Boys Are Back in Town|||NONE,Thin Lizzy,The Boys Are Back in Town,Hard rock,Irlanda,0.6166616645472461,0.7705804160182389,269,119,419,17,82,304.47058823529414,0,,0.68,0,24,0,6,2
Joy Division|||Love Will Tear Us Apart|||NONE,Joy Division,Love Will Tear Us Apart,Pós-punk,Reino Unido,0.5533176488481728,0.7699415083722326,248,98,398,18,96,258.0,1,321.0,0.75,2,23,0,8,0
Talking Heads|||Psycho Killer|||NONE,Talking Heads,Psycho Killer,New wave,Estados Unidos,0.6079430124096902,0.7690479106982581,189,39,339,21,33,215.76190476190476,1,49.0,0.9130434782608695,1,22,0,6,0
Aerosmith|||Janie's Got a Gun|||NONE,Aerosmith,Janie's Got a Gun,Hard rock,Estados Unidos,0.6182019969858976,0.7687207440781162,191,41,341,15,100,242.86666666666667,0,,0.6521739130434783,0,22,0,6,2
Metallica|||Master of Puppets|||NONE,Metallica,Master of Puppets,Thrash metal,Estados Unidos,0.767985192035943,0.767985192035943,61,1,149,6,1,80.0,1,29.0,0.4,1,14,0,4,0
Lou Reed|||Vicious|||NONE,Lou Reed,Vicious,Art rock,Estados Unidos,0.6340312831539895,0.7671778526163273,310,160,460,10,179,290.4,1,479.0,0.4166666666666667,2,23,0,5,0
Sex Pistols|||God Save the Queen|||NONE,Sex Pistols,God Save the Queen,Punk rock,Reino Unido,0.6108642607014033,0.7671437007308457,285,159,412,17,158,327.88235294117646,0,,0.7083333333333334,0,23,0,5,2
Placebo|||Every You Every Me|||NONE,Placebo,Every You Every Me,Rock alternativo,Reino Unido,0.6339792844793654,0.7671149342200322,332,182,482,4,239,329.5,1,304.0,0.21052631578947367,2,18,0,5,0
Green Day|||American Idiot|||NONE,Green Day,American Idiot,Punk rock,Estados Unidos,0.6333686097903972,0.7663760178463808,284,134,434,5,132,261.6,1,271.0,0.3333333333333333,2,14,0,5,0
Pink Floyd|||Hey You|||NONE,Pink Floyd,Hey You,Rock progressivo,Reino Unido,0.6229474533406146,0.7651871218533884,234,87,380,14,32,204.35714285714286,1,296.0,0.5833333333333334,1,23,0,6,0
Concrete Blonde|||Heal It Up|||NONE,Concrete Blonde,Heal It Up,Rock alternativo,Estados Unidos,0.6044911862149757,0.7646813505619443,344,272,416,5,382,444.8,1,382.0,0.3125,3,15,0,5,0
The Clash|||London's Burning|||NONE,The Clash,London's Burning,Punk rock,Reino Unido,0.626893828800494,0.7638460190922944,370,220,500,7,105,292.2857142857143,1,398.0,0.5384615384615384,1,12,0,5,0
Disturbed|||The Sound of Silence|||NONE,Disturbed,The Sound of Silence,Metal alternativo,Estados Unidos,0.6245181701273825,0.7632999857112455,276,126,426,5,150,316.4,0,,0.5555555555555556,0,8,0,5,1
Toto|||Africa|||NONE,Toto,Africa,Rock,Estados Unidos,0.6300951497947814,0.7624151312516856,253,109,397,9,210,312.3333333333333,1,210.0,0.4090909090909091,2,21,0,5,0
The Wonders|||That Thing You Do|||NONE,The Wonders,That Thing You Do,Rock,Estados Unidos,0.5015194494723861,0.7613065242990821,378,333,423,4,457,471.75,1,469.0,1.0,4,3,0,7,0
Midnight Oil|||Blue Sky Mine|||NONE,Midnight Oil,Blue Sky Mine,Rock,Austrália,0.6037862837696527,0.7607707175497626,225,75,375,16,62,294.75,1,360.0,0.7272727272727273,1,21,0,6,0
Bachman–Turner Overdrive|||Hey You|||NONE,Bachman–Turner Overdrive,Hey You,Rock,Canadá,0.5613396526483588,0.760727497269056,267,117,417,15,150,282.1333333333333,1,410.0,0.6,2,24,0,7,0
Bon Jovi|||Runaway|||NONE,Bon Jovi,Runaway,Rock,Estados Unidos,0.6216204704920081,0.7607080507645949,269,157,380,9,212,317.1111111111111,0,,0.5625,0,15,0,5,2
The Cult|||She Sells Sanctuary|||NONE,The Cult,She Sells Sanctuary,Hard rock,Reino Unido,0.6057379599227756,0.7607059213363524,174,24,324,17,47,243.8235294117647,1,238.0,0.7083333333333334,1,23,0,6,0
System of a Down|||Chop Suey!|||NONE,System of a Down,Chop Suey!,Metal alternativo,Estados Unidos,0.6146275983112336,0.7606016529101517,266,116,416,5,129,335.8,1,129.0,0.625,1,7,0,5,0
Simple Minds|||Don't You (Forget About Me)|||NONE,Simple Minds,Don't You (Forget About Me),New wave,Reino Unido,0.532766862284389,0.7602156911308403,271,121,421,16,71,343.4375,1,303.0,0.64,3,24,0,8,0
Lynyrd Skynyrd|||Preacher Man|||NONE,Lynyrd Skynyrd,Preacher Man,Southern rock,Estados Unidos,0.6247478306774576,0.759987361082931,274,124,424,9,84,267.44444444444446,0,,0.5294117647058824,0,16,0,6,2
Led Zeppelin|||D'yer Mak'er|||NONE,Led Zeppelin,D'yer Mak'er,Hard rock,Reino Unido,0.5994894988192094,0.7583542160062999,228,78,378,21,19,203.23809523809524,1,79.0,0.84,1,24,0,6,0
Soundgarden|||Black Hole Sun|||NONE,Soundgarden,Black Hole Sun,Grunge,Estados Unidos,0.5650154347866235,0.7582507134836489,284,134,434,12,78,285.1666666666667,1,380.0,0.5454545454545454,2,21,0,8,0
The Beatles|||Come Together|||NONE,The Beatles,Come Together,Rock,Reino Unido,0.599320519257018,0.7581404568601278,251,101,401,22,44,185.77272727272728,1,269.0,0.88,1,24,0,6,0
Supertramp|||The Logical Song|||NONE,Supertramp,The Logical Song,Rock progressivo,Reino Unido,0.6190985228764555,0.7572813131824805,175,25,325,14,53,220.35714285714286,1,333.0,0.56,1,24,0,6,0
Badfinger|||No Matter What|||NONE,Badfinger,No Matter What,Power pop,Reino Unido,0.6014543700237579,0.7568701792378969,269,119,419,18,117,298.3333333333333,0,,0.72,0,24,0,5,2
The Rolling Stones|||Paint It Black|||NONE,The Rolling Stones,Paint It Black,Rock,Reino Unido,0.6253849027510998,0.7567157323288309,261,111,411,11,92,237.9090909090909,1,318.0,0.44,2,24,0,6,0
Philip Bailey|||Easy Lover|||NONE,Philip Bailey,Easy Lover,Soul,Estados Unidos,0.6249559741660005,0.7561967287408606,275,137,413,9,173,287.0,1,288.0,0.36,2,24,0,5,0
Crash Test Dummies|||Mmm Mmm Mmm Mmm|||NONE,Crash Test Dummies,Mmm Mmm Mmm Mmm,Rock alternativo,Canadá,0.597421150782021,0.7557377557392565,359,293,424,7,358,433.57142857142856,1,460.0,0.5,3,13,0,5,0
Tina Turner|||The Best|||NONE,Tina Turner,The Best,Pop rock,Estados Unidos,0.6866466628776421,0.7553113291654063,221,95,346,2,157,216.0,1,157.0,1.0,2,1,0,4,0
Arctic Monkeys|||Do I Wanna Know?|||NONE,Arctic Monkeys,Do I Wanna Know?,Indie rock,Reino Unido,0.6235666958107358,0.7545157019309904,261,111,411,4,235,380.75,1,235.0,0.5,2,7,0,5,0
Rod Stewart|||Da Ya Think I'm Sexy?|||NONE,Rod Stewart,Da Ya Think I'm Sexy?,Pop rock,Reino Unido,0.6203205080603742,0.7538371126524168,233,83,383,11,114,274.1818181818182,0,,0.5238095238095238,0,20,0,5,2
Nirvana|||In Bloom|||NONE,Nirvana,In Bloom,Grunge,Estados Unidos,0.6040303485503831,0.753024501192811,242,92,392,14,131,311.64285714285717,1,448.0,0.6666666666666666,1,20,0,5,0
Pixies|||Here Comes Your Man|||NONE,Pixies,Here Comes Your Man,Rock alternativo,Estados Unidos,0.6064325075202719,0.7519763093251371,284,134,434,14,56,318.7857142857143,0,,0.6363636363636364,0,21,0,6,1
The Smiths|||Heaven Knows I'm Miserable Now|||NONE,The Smiths,Heaven Knows I'm Miserable Now,Indie pop,Reino Unido,0.7505755157120129,0.7505755157120129,200,155,245,3,76,93.66666666666667,1,76.0,0.375,1,7,0,4,0
Heart|||Barracuda|||NONE,Heart,Barracuda,Rock,Estados Unidos,0.5183125113011755,0.7493318020525565,253,103,403,15,139,299.3333333333333,1,232.0,0.7142857142857143,3,20,0,7,0
Alanis Morissette|||Guardian|||NONE,Alanis Morissette,Guardian,Rock alternativo,Canadá,0.5923492953787816,0.7493218586541586,308,218,398,3,363,431.6666666666667,1,363.0,0.75,1,3,0,5,0
Motörhead|||Louie Louie|||NONE,Motörhead,Louie Louie,Heavy metal,Reino Unido,0.7469539947730649,0.7469539947730649,179,29,329,8,40,182.5,0,,0.34782608695652173,0,22,0,4,2
Jon Bon Jovi|||Blaze of Glory|||NONE,Jon Bon Jovi,Blaze of Glory,Rock,Estados Unidos,0.5921879969669164,0.7469464601742707,252,102,402,11,149,306.27272727272725,0,,0.7333333333333333,0,14,0,5,1
The Rolling Stones|||Sympathy for the Devil|||NONE,The Rolling Stones,Sympathy for the Devil,Rock,Reino Unido,0.5987129831491911,0.7463955189926583,245,95,395,16,37,218.3125,1,301.0,0.6666666666666666,1,23,0,6,0
Dire Straits|||Money for Nothing|||NONE,Dire Straits,Money for Nothing,Rock,Reino Unido,0.5898562533415538,0.7461681604770656,196,46,346,24,56,211.41666666666666,1,158.0,0.96,1,24,0,6,0
Guns N' Roses|||You Could Be Mine|||NONE,Guns N' Roses,You Could Be Mine,Hard rock,Estados Unidos,0.5957363946994921,0.7449840388452598,301,151,451,13,142,301.6923076923077,0,,0.6842105263157895,0,18,0,5,1
Bob Dylan|||Like a Rolling Stone|||NONE,Bob Dylan,Like a Rolling Stone,Folk,Estados Unidos,0.5350576793250028,0.7445327607807415,211,61,361,20,19,142.4,1,362.0,0.8,2,24,0,8,0
Skid Row|||In a Darkened Room|||NONE,Skid Row,In a Darkened Room,Heavy metal,Estados Unidos,0.6053545072119977,0.7429930056938834,264,114,414,11,107,344.3636363636364,0,,0.5789473684210527,0,18,0,5,1
Lynyrd Skynyrd|||Sweet Home Alabama|||NONE,Lynyrd Skynyrd,Sweet Home Alabama,Southern rock,Estados Unidos,0.5871047046147588,0.7426874513376699,201,51,351,24,69,191.33333333333334,1,236.0,0.96,1,24,0,6,0
New Model Army|||51st State|||NONE,New Model Army,51st State,Pós-punk,Reino Unido,0.5383727331828192,0.7426313481523809,243,93,393,14,155,359.64285714285717,1,431.0,0.7,2,19,0,7,0
Lynyrd Skynyrd|||That Smell|||NONE,Lynyrd Skynyrd,That Smell,Southern rock,Estados Unidos,0.5908333588773254,0.7392802402952534,198,48,348,11,83,257.09090909090907,1,256.0,0.6875,1,15,0,6,0
The Police|||Every Little Thing She Does Is Magic|||NONE,The Police,Every Little Thing She Does Is Magic,New wave,Reino Unido,0.6085786004725837,0.7390578524139059,258,108,408,13,108,290.6923076923077,0,,0.52,0,24,0,5,2
The Clash|||Police on My Back|||NONE,The Clash,Police on My Back,Punk rock,Reino Unido,0.5954312874040327,0.7383347963810006,340,211,469,7,203,389.57142857142856,1,435.0,0.6363636363636364,1,10,0,5,0
Joe Cocker|||You Can Leave Your Hat On|||NONE,Joe Cocker,You Can Leave Your Hat On,Classic rock,Reino Unido,0.7374071350746779,0.7374071350746779,260,110,410,11,161,336.54545454545456,0,,0.4782608695652174,0,22,0,3,2
Bon Jovi|||Always|||NONE,Bon Jovi,Always,Rock,Estados Unidos,0.5998217517186775,0.7352100899637505,310,177,444,8,226,401.25,0,,0.5714285714285714,0,13,0,5,2
Bon Jovi|||Let It Rock|||NONE,Bon Jovi,Let It Rock,Rock,Estados Unidos,0.5798188006340249,0.7334707828020415,211,64,358,3,153,256.3333333333333,1,153.0,0.75,1,3,0,5,0
Black Sabbath|||The Wizard|||NONE,Black Sabbath,The Wizard,Heavy metal,Reino Unido,0.5829993053551764,0.7321499609752091,216,66,366,17,76,250.52941176470588,0,,0.7083333333333334,0,23,0,6,2
Asia|||Only Time Will Tell|||NONE,Asia,Only Time Will Tell,Rock progressivo,Reino Unido,0.5091766383914387,0.7317071964340331,264,114,414,17,124,324.52941176470586,1,389.0,0.68,3,24,0,7,0
Kiss|||Deuce|||NONE,Kiss,Deuce,Hard rock,Estados Unidos,0.5951351812705026,0.7304501277488485,283,133,433,11,33,284.72727272727275,0,,0.5789473684210527,0,18,0,6,2
Big Brother and the Holding Company|||Piece of My Heart|||NONE,Big Brother and the Holding Company,Piece of My Heart,Rock psicodélico,Estados Unidos,0.576939405141404,0.7298283475038759,258,108,408,20,55,213.8,1,173.0,0.8,1,24,0,6,0
Kaiser Chiefs|||Ruby|||NONE,Kaiser Chiefs,Ruby,Indie rock,Reino Unido,0.6025861242091434,0.7291292102930635,305,155,455,7,109,326.14285714285717,1,329.0,0.3888888888888889,2,17,0,5,0
Bad Company|||Bad Company|||NONE,Bad Company,Bad Company,Blues rock,Reino Unido,0.5759991710029372,0.7286389513187155,208,58,358,20,22,208.15,0,,0.8333333333333334,0,23,0,6,1
Iggy Pop|||The Passenger|||NONE,Iggy Pop,The Passenger,Punk rock,Estados Unidos,0.5770821226604885,0.7286289061765474,340,190,490,17,37,317.94117647058823,1,162.0,0.7391304347826086,1,22,0,6,0
The Doobie Brothers|||Listen to the Music|||NONE,The Doobie Brothers,Listen to the Music,Rock,Estados Unidos,0.5003227046127185,0.7278444545353523,243,93,393,19,91,289.8421052631579,1,134.0,0.76,3,24,0,8,0
Duran Duran|||Notorious|||NONE,Duran Duran,Notorious,New wave,Reino Unido,0.5302674413962398,0.7271734179680436,332,182,482,4,162,330.0,1,240.0,0.6666666666666666,2,5,0,7,0
Duran Duran|||Save a Prayer|||NONE,Duran Duran,Save a Prayer,New wave,Reino Unido,0.584640601127486,0.7267082672014651,263,113,413,13,104,324.84615384615387,1,169.0,0.65,1,19,0,5,0
Ozzy Osbourne|||Mr. Crowley|||NONE,Ozzy Osbourne,Mr. Crowley,Heavy metal,Reino Unido,0.5736366734176134,0.725650391873281,195,59,330,19,16,150.8421052631579,0,,0.7916666666666666,0,23,0,6,2
Billy Idol|||Dancing with Myself|||NONE,Billy Idol,Dancing with Myself,Rock,Reino Unido,0.5770408545249289,0.7246671398075566,290,140,440,17,136,319.0,0,,0.7083333333333334,0,23,0,5,2
Elvis Presley|||Jailhouse Rock|||NONE,Elvis Presley,Jailhouse Rock,Rock and roll,Estados Unidos,0.5895218341694434,0.724129319638133,184,34,334,14,10,234.78571428571428,0,,0.5833333333333334,0,23,0,6,1
Peter Schilling|||Major Tom (Coming Home)|||NONE,Peter Schilling,Major Tom (Coming Home),New wave,Alemanha,0.5020506063760295,0.7216977466655423,281,131,431,15,121,332.46666666666664,1,405.0,0.6818181818181818,3,21,0,7,0
The Beatles|||She Loves You|||NONE,The Beatles,She Loves You,Rock,Reino Unido,0.7197012971070842,0.7197012971070842,195,45,345,10,27,201.7,0,,0.4166666666666667,0,23,0,4,2
Queen|||The Show Must Go On|||NONE,Queen,The Show Must Go On,Rock,Reino Unido,0.7185557614050864,0.7185557614050864,268,118,418,8,99,277.0,1,172.0,0.42105263157894735,1,18,0,4,0
Velvet Revolver|||Fall to Pieces|||NONE,Velvet Revolver,Fall to Pieces,Hard rock,Estados Unidos,0.5933349964035418,0.7179353456482858,313,163,463,7,67,338.57142857142856,1,465.0,0.4666666666666667,2,14,0,6,0
The Guess Who|||No Time|||NONE,The Guess Who,No Time,Rock,Canadá,0.5783576511083295,0.7176261734952154,211,61,361,16,66,248.1875,0,,0.64,0,24,0,6,2
New Order|||Regret|||NONE,New Order,Regret,New wave,Reino Unido,0.5927326236592634,0.7172064746277087,314,164,464,8,75,349.875,1,280.0,0.42105263157894735,2,18,0,6,0
Tears for Fears|||Shout|||NONE,Tears for Fears,Shout,New wave,Reino Unido,0.5922792964307656,0.7166579486812266,258,108,408,11,130,336.45454545454544,1,241.0,0.44,2,24,0,5,0
Mötley Crüe|||Home Sweet Home|||NONE,Mötley Crüe,Home Sweet Home,Glam metal,Estados Unidos,0.5848409678037959,0.7160487675371694,263,113,413,13,66,312.38461538461536,1,191.0,0.5652173913043478,1,22,0,6,0
Chuck Berry|||Johnny B. Goode|||NONE,Chuck Berry,Johnny B. Goode,Rock and roll,Estados Unidos,0.5129671933847753,0.7137938495949148,210,60,360,23,41,163.0,1,455.0,0.92,2,24,0,8,0
The Sweet|||The Ballroom Blitz|||NONE,The Sweet,The Ballroom Blitz,Glam rock,Reino Unido,0.5617151447667424,0.7105696581299292,299,149,449,8,209,337.375,1,498.0,0.32,3,24,0,5,0
Steppenwolf|||Born to Be Wild|||NONE,Steppenwolf,Born to Be Wild,Hard rock,Estados Unidos,0.5614182037902926,0.7101940277947202,134,39,229,23,12,69.91304347826087,1,65.0,0.92,1,24,0,6,0
Grand Funk Railroad|||The Loco-Motion|||NONE,Grand Funk Railroad,The Loco-Motion,Hard rock,Estados Unidos,0.5677307564340431,0.7094363532399804,238,126,350,17,222,349.88235294117646,1,472.0,0.68,1,24,0,5,0
Korn|||Word Up!|||NONE,Korn,Word Up!,Nu metal,Estados Unidos,0.5225618207071778,0.7081757794223676,317,167,467,3,241,308.0,1,434.0,0.6,2,4,0,7,0
Dio|||My Eyes|||NONE,Dio,My Eyes,Heavy metal,Estados Unidos,0.7051405874378561,0.7051405874378561,157,101,213,2,41,67.5,0,,0.2,0,9,0,1,2
Ghost|||He Is|||NONE,Ghost,He Is,Heavy metal,Suécia,0.7051247098113343,0.7051247098113343,271,121,421,4,189,273.25,1,209.0,0.4444444444444444,1,8,0,3,0
Tom Petty|||Free Fallin'|||NONE,Tom Petty,Free Fallin',Rock,Estados Unidos,0.5800044445459868,0.7043573974566464,259,109,409,13,103,353.84615384615387,1,397.0,0.52,1,24,0,5,0
The Who|||Pinball Wizard|||NONE,The Who,Pinball Wizard,Rock,Reino Unido,0.5566780982068525,0.7041977942316685,229,79,379,20,73,220.6,1,121.0,0.8333333333333334,1,23,0,6,0
Whitesnake|||Guilty of Love|||NONE,Whitesnake,Guilty of Love,Hard rock,Reino Unido,0.5751263490359959,0.7041546951675498,214,64,364,13,47,244.3846153846154,1,186.0,0.5652173913043478,1,22,0,6,0
Echo & the Bunnymen|||Bring On the Dancing Horses|||NONE,Echo & the Bunnymen,Bring On the Dancing Horses,Pós-punk,Reino Unido,0.7020056262606695,0.7020056262606695,289,142,435,11,214,305.1818181818182,0,,0.4782608695652174,0,22,0,3,1
Def Leppard|||Photograph|||NONE,Def Leppard,Photograph,Hard rock,Reino Unido,0.7018606376646158,0.7018606376646158,227,77,377,7,49,273.0,1,274.0,0.5,1,13,0,4,0
The Offspring|||Original Prankster|||NONE,The Offspring,Original Prankster,Punk rock,Estados Unidos,0.7013188971498288,0.7013188971498288,192,42,342,2,141,253.0,1,141.0,0.6666666666666666,1,2,0,2,0
Nazareth|||Love Hurts|||NONE,Nazareth,Love Hurts,Hard rock,Reino Unido,0.5572125879202806,0.7011963206388812,193,43,343,18,83,243.83333333333334,1,399.0,0.72,1,24,0,6,0
The Strokes|||Reptilia|||NONE,The Strokes,Reptilia,Indie rock,Estados Unidos,0.5794028788798036,0.7010774834445624,329,219,439,3,248,320.3333333333333,1,319.0,0.5,2,5,0,5,0
Imagine Dragons|||Believer|||NONE,Imagine Dragons,Believer,Indie pop,Estados Unidos,0.6362839115084836,0.699912302659332,312,201,422,2,247,299.0,1,351.0,1.0,2,1,0,4,0
Kiss|||Shout It Out Loud|||NONE,Kiss,Shout It Out Loud,Hard rock,Estados Unidos,0.6991446355655283,0.6991446355655283,299,155,443,8,201,346.625,0,,0.3333333333333333,0,23,0,3,1
Dio|||The Last in Line|||NONE,Dio,The Last in Line,Heavy metal,Estados Unidos,0.6986942191567048,0.6986942191567048,242,92,392,8,67,272.0,1,166.0,0.42105263157894735,1,18,0,4,0
Supertramp|||Goodbye Stranger|||NONE,Supertramp,Goodbye Stranger,Rock progressivo,Reino Unido,0.6960009789986963,0.6960009789986963,286,136,436,9,187,364.3333333333333,0,,0.36,0,24,0,3,2
The Outfield|||Your Love|||NONE,The Outfield,Your Love,Pop rock,Reino Unido,0.5501457573741658,0.6959343830783198,288,146,430,18,157,332.6111111111111,1,237.0,0.8181818181818182,1,21,0,5,0
Scorpions|||Big City Nights|||NONE,Scorpions,Big City Nights,Hard rock,Alemanha,0.5725141819905111,0.6954802715136905,279,129,429,12,79,333.9166666666667,0,,0.5217391304347826,0,22,0,6,2
Midnight Oil|||My Country|||NONE,Midnight Oil,My Country,Rock,Austrália,0.6946821407789624,0.6946821407789624,276,138,415,6,178,268.6666666666667,1,219.0,0.3333333333333333,1,17,0,3,0
Def Leppard|||Animal|||NONE,Def Leppard,Animal,Hard rock,Reino Unido,0.6944033772100421,0.6944033772100421,259,109,409,6,117,222.5,0,,0.375,0,15,0,3,2
ZZ Top|||Gimme All Your Lovin'|||NONE,ZZ Top,Gimme All Your Lovin',Blues rock,Estados Unidos,0.5121476289783838,0.694062466791506,200,50,350,15,69,266.53333333333336,1,365.0,0.6,2,24,0,8,0
The Smiths|||Panic|||NONE,The Smiths,Panic,Indie pop,Reino Unido,0.5728723105009554,0.6931754957061562,296,180,411,10,216,365.4,1,277.0,0.45454545454545453,2,21,0,5,0
The Beatles|||Day Tripper|||NONE,The Beatles,Day Tripper,Rock,Reino Unido,0.6929038537556269,0.6929038537556269,231,81,381,11,15,229.72727272727272,0,,0.4583333333333333,0,23,0,4,2
Green Day|||Boulevard of Broken Dreams|||NONE,Green Day,Boulevard of Broken Dreams,Punk rock,Estados Unidos,0.5475274685421753,0.6926222477058517,336,257,415,5,323,394.0,1,353.0,0.3333333333333333,3,14,0,5,0
Sex Pistols|||Anarchy in the U.K.|||NONE,Sex Pistols,Anarchy in the U.K.,Punk rock,Reino Unido,0.5587201452079702,0.6914161796948631,287,137,437,15,106,289.93333333333334,1,436.0,0.625,1,23,0,5,0
Aerosmith|||No More No More|||NONE,Aerosmith,No More No More,Hard rock,Estados Unidos,0.6911997258139967,0.6911997258139967,256,211,301,5,84,119.0,1,136.0,0.4166666666666667,1,11,0,4,0
America|||A Horse with No Name|||NONE,America,A Horse with No Name,Soft rock,Reino Unido,0.5567564600279202,0.6908234156026435,195,45,345,16,36,244.1875,1,450.0,0.64,1,24,0,6,0
The Who|||Behind Blue Eyes|||NONE,The Who,Behind Blue Eyes,Rock,Reino Unido,0.5442229626551743,0.6884420477587956,227,77,377,18,57,250.0,1,100.0,0.8181818181818182,1,21,0,6,0
Soundgarden|||The Day I Tried to Live|||NONE,Soundgarden,The Day I Tried to Live,Grunge,Estados Unidos,0.5556387434608254,0.6845469319437371,324,174,474,3,255,375.0,1,255.0,0.6,1,4,0,5,0
Van Halen|||Dance the Night Away|||NONE,Van Halen,Dance the Night Away,Hard rock,Estados Unidos,0.6840885880082874,0.6840885880082874,253,103,403,12,132,296.6666666666667,0,,0.48,0,24,0,3,2
Hoodoo Gurus|||Another World|||NONE,Hoodoo Gurus,Another World,Rock alternativo,Austrália,0.6829662623872328,0.6829662623872328,280,130,430,7,150,328.14285714285717,1,163.0,0.35,1,19,0,3,0
T. Rex|||Get It On|||NONE,T. Rex,Get It On,Glam rock,Reino Unido,0.5397447659761991,0.6827771289598918,232,82,382,12,112,330.1666666666667,1,429.0,0.5,3,23,0,5,0
Blur|||Song 2|||NONE,Blur,Song 2,Rock alternativo,Reino Unido,0.5565962823682914,0.6822280146742773,261,111,411,4,133,356.75,0,,0.5714285714285714,0,6,0,5,1
Bauhaus|||Ziggy Stardust|||NONE,Bauhaus,Ziggy Stardust,Pós-punk,Reino Unido,0.6819705921814934,0.6819705921814934,235,106,364,11,186,280.1818181818182,0,,0.4782608695652174,0,22,0,3,1
Genesis|||Follow You Follow Me|||NONE,Genesis,Follow You Follow Me,Rock progressivo,Reino Unido,0.6811073019369159,0.6811073019369159,268,118,418,10,174,307.0,0,,0.4,0,24,0,3,2
The Beatles|||All My Loving|||NONE,The Beatles,All My Loving,Rock,Reino Unido,0.5503735791278107,0.6810873041706659,262,112,412,15,35,250.93333333333334,1,53.0,0.625,1,23,0,6,0
Led Zeppelin|||Tangerine|||NONE,Led Zeppelin,Tangerine,Hard rock,Reino Unido,0.6795995271695516,0.6795995271695516,254,104,404,9,56,185.0,0,,0.4090909090909091,0,21,0,4,2
Queen|||Bicycle Race|||NONE,Queen,Bicycle Race,Rock,Reino Unido,0.6794174349521266,0.6794174349521266,266,116,416,10,76,204.7,0,,0.5,0,19,0,4,2
Bruce Springsteen|||Dancing in the Dark|||NONE,Bruce Springsteen,Dancing in the Dark,Rock,Estados Unidos,0.5586730600109313,0.6784525640772752,263,113,413,13,131,315.46153846153845,1,317.0,0.52,1,24,0,5,0
The Mission|||Like a Child Again|||NONE,The Mission,Like a Child Again,Rock gótico,Reino Unido,0.6784093269019893,0.6784093269019893,290,179,402,6,213,302.5,1,213.0,0.2857142857142857,1,20,0,3,0
"The Smashing Pumpkins|||Tonight, Tonight|||NONE",The Smashing Pumpkins,"Tonight, Tonight",Rock alternativo,Estados Unidos,0.6783102299105933,0.6783102299105933,257,134,379,9,186,350.22222222222223,0,,0.4090909090909091,0,21,0,3,1
Yes|||Love Will Find a Way|||NONE,Yes,Love Will Find a Way,Rock progressivo,Reino Unido,0.6780459240143073,0.6780459240143073,276,126,426,9,143,306.6666666666667,0,,0.36,0,24,0,3,1
Frank Zappa|||Bobby Brown|||NONE,Frank Zappa,Bobby Brown,Rock progressivo,Estados Unidos,0.5384644567010245,0.6776036723125692,256,123,390,18,109,246.33333333333334,1,139.0,0.72,1,24,0,5,0
Bad Religion|||Infected|||NONE,Bad Religion,Infected,Punk rock,Estados Unidos,0.6755778123057976,0.6755778123057976,287,137,437,7,145,340.14285714285717,1,145.0,0.5,1,13,0,3,0
Lenny Kravitz|||Fly Away|||NONE,Lenny Kravitz,Fly Away,Rock,Estados Unidos,0.5458630271840179,0.6755054961402222,358,212,500,5,254,362.2,0,,0.625,0,7,0,5,1
The Who|||Won't Get Fooled Again|||NONE,The Who,Won't Get Fooled Again,Rock,Reino Unido,0.5365455916685857,0.6751889725557483,217,67,367,18,7,228.33333333333334,1,337.0,0.72,1,24,0,6,0
The Doors|||Touch Me|||NONE,The Doors,Touch Me,Rock psicodélico,Estados Unidos,0.5435884263871285,0.6744845194611491,225,75,375,16,51,272.625,0,,0.64,0,24,0,6,2
a-ha|||Take On Me|||NONE,a-ha,Take On Me,New wave,Noruega,0.5471396866470664,0.6740760939491859,278,128,428,3,56,268.6666666666667,0,,0.6,0,4,0,6,1
Joan Jett & the Blackhearts|||I Love Rock 'n' Roll|||NONE,Joan Jett & the Blackhearts,I Love Rock 'n' Roll,Rock,Estados Unidos,0.4868236826477416,0.6738808144683099,244,94,394,18,141,262.22222222222223,1,270.0,0.72,2,24,0,7,0
The Doors|||L.A. Woman|||NONE,The Doors,L.A. Woman,Rock psicodélico,Estados Unidos,0.5354570368518788,0.6738191351744044,186,36,336,18,17,160.05555555555554,0,,0.72,0,24,0,6,1
Santana|||Evil Ways|||NONE,Santana,Evil Ways,Rock latino,Estados Unidos,0.5457814936157777,0.6724028001346382,282,132,432,15,79,298.26666666666665,1,225.0,0.6,1,24,0,6,0
Green Day|||Wake Me Up When September Ends|||NONE,Green Day,Wake Me Up When September Ends,Punk rock,Estados Unidos,0.5432259263990642,0.6722420839188419,293,143,443,5,145,352.0,1,427.0,0.625,1,7,0,5,0
Shocking Blue|||Venus|||NONE,Shocking Blue,Venus,Rock,Países Baixos,0.5377240188693163,0.6719399339790978,266,116,416,17,113,334.11764705882354,0,,0.68,0,24,0,5,1
The Smiths|||Bigmouth Strikes Again|||NONE,The Smiths,Bigmouth Strikes Again,Indie pop,Reino Unido,0.553830429384762,0.6701348195555622,330,223,437,7,277,368.42857142857144,1,298.0,0.3181818181818182,2,21,0,5,0
ZZ Top|||Legs|||NONE,ZZ Top,Legs,Blues rock,Estados Unidos,0.6696253713408956,0.6696253713408956,201,114,288,9,100,206.55555555555554,0,,0.36,0,24,0,4,2
The Rolling Stones|||It's Only Rock 'n Roll (But I Like It)|||NONE,The Rolling Stones,It's Only Rock 'n Roll (But I Like It),Rock,Reino Unido,0.5513375358240991,0.669544303504786,243,93,393,13,6,199.07692307692307,0,,0.52,0,24,0,6,1
Social Distortion|||Story of My Life|||NONE,Social Distortion,Story of My Life,Punk,Estados Unidos,0.496134269785855,0.6689307483198429,342,218,465,4,281,399.5,1,470.0,0.5714285714285714,2,6,0,7,0
3 Doors Down|||Here Without You|||NONE,3 Doors Down,Here Without You,Rock alternativo,Estados Unidos,0.6687475829913017,0.6687475829913017,303,153,453,4,128,297.0,1,262.0,0.2857142857142857,1,13,0,3,0
Rainbow|||Man on the Silver Mountain|||NONE,Rainbow,Man on the Silver Mountain,Hard rock,Reino Unido,0.6685203515435734,0.6685203515435734,227,77,377,9,191,314.44444444444446,0,,0.375,0,23,0,3,2
Bon Jovi|||Blood on Blood|||NONE,Bon Jovi,Blood on Blood,Rock,Estados Unidos,0.6663501351658029,0.6663501351658029,196,46,346,5,89,165.6,0,,0.38461538461538464,0,12,0,4,2
The Bangles|||Walk Like an Egyptian|||NONE,The Bangles,Walk Like an Egyptian,Pop rock,Estados Unidos,0.6640509563689894,0.6640509563689894,321,171,471,8,142,361.125,1,142.0,0.36363636363636365,1,21,0,3,0
The Police|||Roxanne|||NONE,The Police,Roxanne,New wave,Reino Unido,0.5248058062268751,0.6638793448769971,208,58,358,18,150,258.44444444444446,1,223.0,0.75,1,23,0,5,0
Faith No More|||Edge Of The World|||NONE,Faith No More,Edge Of The World,Metal alternativo,Estados Unidos,0.6626638944389924,0.6626638944389924,243,93,393,4,98,281.75,0,,0.2,0,19,0,4,1
David Bowie|||Absolute Beginners|||NONE,David Bowie,Absolute Beginners,Art rock,Reino Unido,0.6615267227362078,0.6615267227362078,301,151,451,7,184,362.2857142857143,0,,0.2916666666666667,0,23,0,3,2
Supertramp|||Dreamer|||NONE,Supertramp,Dreamer,Rock progressivo,Reino Unido,0.6615025292705046,0.6615025292705046,291,141,441,10,50,284.3,0,,0.4,0,24,0,4,2
Pearl Jam|||Once|||NONE,Pearl Jam,Once,Grunge,Estados Unidos,0.6609584320411979,0.6609584320411979,222,78,366,3,148,258.6666666666667,1,148.0,0.2727272727272727,1,10,0,3,0
Kiss|||God Gave Rock 'N' Roll to You II|||NONE,Kiss,God Gave Rock 'N' Roll to You II,Hard rock,Estados Unidos,0.6608724582660785,0.6608724582660785,180,30,330,11,30,257.54545454545456,0,,0.5,0,21,0,4,2
Guns N' Roses|||November Rain|||NONE,Guns N' Roses,November Rain,Hard rock,Estados Unidos,0.7461706775912798,0.6607341350070782,122,1,272,17,12,128.0,0,,0.7727272727272727,0,21,0,6,3
Pearl Jam|||Yellow Ledbetter|||NONE,Pearl Jam,Yellow Ledbetter,Grunge,Estados Unidos,0.6604685375939279,0.6604685375939279,258,108,408,3,187,309.0,1,259.0,0.21428571428571427,1,13,0,3,0
Megadeth|||Symphony of Destruction|||NONE,Megadeth,Symphony of Destruction,Thrash metal,Estados Unidos,0.6600146755913302,0.6600146755913302,285,135,435,7,107,232.14285714285714,0,,0.3684210526315789,0,18,0,3,1
Blue Öyster Cult|||Godzilla|||NONE,Blue Öyster Cult,Godzilla,Hard rock,Estados Unidos,0.6599356729745562,0.6599356729745562,329,179,479,10,125,376.0,0,,0.4166666666666667,0,23,0,3,1
The Velvet Underground|||Sweet Jane|||NONE,The Velvet Underground,Sweet Jane,Rock experimental,Estados Unidos,0.5439887829907749,0.6582264274188377,329,179,479,7,56,318.2857142857143,1,385.0,0.2916666666666667,2,23,0,6,0
Tommy Tutone|||867-5309/Jenny|||NONE,Tommy Tutone,867-5309/Jenny,Rock,Estados Unidos,0.5322849018263416,0.6580055262577061,271,121,421,13,94,281.6923076923077,1,396.0,0.6190476190476191,1,20,0,6,0
Faith No More|||Falling to Pieces|||NONE,Faith No More,Falling to Pieces,Metal alternativo,Estados Unidos,0.6578220706933022,0.6578220706933022,261,111,411,9,134,320.44444444444446,0,,0.45,0,19,0,3,2
Tears for Fears|||Head over Heels|||NONE,Tears for Fears,Head over Heels,New wave,Reino Unido,0.657514649818217,0.657514649818217,257,151,363,3,139,220.33333333333334,1,265.0,0.5,1,5,0,3,0
David Bowie|||Ziggy Stardust|||NONE,David Bowie,Ziggy Stardust,Art rock,Reino Unido,0.6556435545603797,0.6556435545603797,266,151,382,12,77,183.41666666666666,1,282.0,0.48,1,24,0,4,0
Deep Purple|||Strange Kind of Woman|||NONE,Deep Purple,Strange Kind of Woman,Hard rock,Reino Unido,0.6542775207194108,0.6542775207194108,312,162,462,6,165,326.8333333333333,0,,0.25,0,23,0,3,2
Led Zeppelin|||Dancing Days|||NONE,Led Zeppelin,Dancing Days,Hard rock,Reino Unido,0.6531529098474916,0.6531529098474916,286,136,436,10,95,282.1,0,,0.4166666666666667,0,23,0,4,2
Asia|||Heat of the Moment|||NONE,Asia,Heat of the Moment,Rock progressivo,Reino Unido,0.5219917682265263,0.6522809135758674,224,74,374,17,74,280.0,1,442.0,0.68,1,24,0,6,0
The Doors|||Riders on the Storm|||NONE,The Doors,Riders on the Storm,Rock psicodélico,Estados Unidos,0.5332278136936696,0.6522442617100968,247,97,397,14,54,202.35714285714286,1,372.0,0.56,1,24,0,6,0
The Rolling Stones|||Jumpin' Jack Flash|||NONE,The Rolling Stones,Jumpin' Jack Flash,Rock,Reino Unido,0.5253845633510116,0.6518971662059353,189,39,339,16,4,215.9375,1,323.0,0.64,1,24,0,6,0
The Smiths|||There Is a Light That Never Goes Out|||NONE,The Smiths,There Is a Light That Never Goes Out,Indie pop,Reino Unido,0.6516748132284478,0.6516748132284478,247,97,397,8,47,249.375,0,,0.36363636363636365,0,21,0,4,1
Billy Idol|||Sweet Sixteen|||NONE,Billy Idol,Sweet Sixteen,Rock,Reino Unido,0.6510584834245908,0.6510584834245908,304,154,454,9,129,364.8888888888889,1,190.0,0.4090909090909091,1,21,0,3,0
Faith No More|||A Small Victory|||NONE,Faith No More,A Small Victory,Metal alternativo,Estados Unidos,0.6504305048793723,0.6504305048793723,271,121,421,2,180,282.0,1,180.0,0.5,1,3,0,0,0
Spy vs Spy|||Clarity Of Mind|||NONE,Spy vs Spy,Clarity Of Mind,Pub rock,Austrália,0.5366483154048307,0.6493444616398452,347,230,463,9,224,375.77777777777777,1,432.0,0.5,2,17,0,5,0
Stevie Ray Vaughan & Double Trouble|||Pride and Joy|||NONE,Stevie Ray Vaughan & Double Trouble,Pride and Joy,Blues rock,Estados Unidos,0.6490885329007355,0.6490885329007355,309,159,459,7,130,269.42857142857144,0,,0.28,0,24,0,3,1
Goo Goo Dolls|||Iris|||NONE,Goo Goo Dolls,Iris,Rock alternativo,Estados Unidos,0.5329210119747314,0.6479197566640155,296,146,446,10,93,283.7,0,,0.5263157894736842,0,18,0,6,1
The Beatles|||Helter Skelter|||NONE,The Beatles,Helter Skelter,Rock,Reino Unido,0.5260283563059254,0.6461381643291118,212,62,362,14,4,265.35714285714283,1,314.0,0.5833333333333334,1,23,0,6,0
The Sisters of Mercy|||Lucretia My Reflection|||NONE,The Sisters of Mercy,Lucretia My Reflection,Rock gótico,Reino Unido,0.6458374876262437,0.6458374876262437,219,69,369,3,99,280.0,0,,0.15789473684210525,0,18,0,4,1
Blue Öyster Cult|||Burnin' for You|||NONE,Blue Öyster Cult,Burnin' for You,Hard rock,Estados Unidos,0.5224190911843628,0.6446197307744441,253,103,403,14,105,320.2857142857143,1,495.0,0.6086956521739131,1,22,0,5,0
The Beatles|||Something|||NONE,The Beatles,Something,Rock,Reino Unido,0.6423252455163555,0.6423252455163555,243,93,393,12,20,190.91666666666666,0,,0.5,0,23,0,4,1
Rush|||Xanadu|||NONE,Rush,Xanadu,Rock progressivo,Canadá,0.6420850332929084,0.6420850332929084,321,171,471,7,160,373.14285714285717,0,,0.2916666666666667,0,23,0,3,2
The Strokes|||Last Nite|||NONE,The Strokes,Last Nite,Indie rock,Estados Unidos,0.5181758977119146,0.6412426734184944,380,286,473,5,350,408.0,1,482.0,0.625,1,7,0,5,0
Rush|||Limelight|||NONE,Rush,Limelight,Rock progressivo,Canadá,0.6410528281659467,0.6410528281659467,177,42,312,12,66,201.25,1,104.0,0.5,1,23,0,4,0
Status Quo|||Down Down|||NONE,Status Quo,Down Down,Rock,Reino Unido,0.6390229184793671,0.6390229184793671,265,133,397,10,183,299.6,0,,0.43478260869565216,0,22,0,3,1
Genesis|||Invisible Touch|||NONE,Genesis,Invisible Touch,Rock progressivo,Reino Unido,0.6384639867794565,0.6384639867794565,215,77,353,7,129,250.85714285714286,1,187.0,0.30434782608695654,1,22,0,3,0
Deep Purple|||Perfect Strangers|||NONE,Deep Purple,Perfect Strangers,Hard rock,Reino Unido,0.7187183898463093,0.6364251342089068,125,1,275,21,13,112.71428571428571,0,,0.84,0,24,0,6,3
The B-52's|||Private Idaho|||NONE,The B-52's,Private Idaho,New wave,Estados Unidos,0.6358056581590021,0.6358056581590021,286,136,436,9,96,359.55555555555554,0,,0.4090909090909091,0,21,0,4,1
The Pretenders|||Middle of the Road|||NONE,The Pretenders,Middle of the Road,Rock,Reino Unido,0.6343637465409457,0.6343637465409457,269,126,412,9,94,283.22222222222223,0,,0.375,0,23,0,4,1
Blind Melon|||No Rain|||NONE,Blind Melon,No Rain,Rock alternativo,Estados Unidos,0.6334607330218556,0.6334607330218556,344,194,494,5,244,355.0,1,494.0,0.35714285714285715,1,13,0,3,0
The Mission|||Severina|||NONE,The Mission,Severina,Rock gótico,Reino Unido,0.6334555844527751,0.6334555844527751,263,113,413,8,110,281.75,0,,0.36363636363636365,0,21,0,3,1
Radiohead|||Fake Plastic Trees|||NONE,Radiohead,Fake Plastic Trees,Rock alternativo,Reino Unido,0.6330493384933118,0.6330493384933118,271,121,421,7,34,289.14285714285717,1,475.0,0.3181818181818182,1,21,0,4,0
Bliss|||I Hear You Call|||NONE,Bliss,I Hear You Call,Pop,Reino Unido,0.6326228350356486,0.6326228350356486,359,209,500,9,132,371.1111111111111,0,,0.4090909090909091,0,21,0,3,1
The Police|||Don't Stand So Close to Me|||NONE,The Police,Don't Stand So Close to Me,New wave,Reino Unido,0.6308448963731662,0.6308448963731662,297,147,447,7,185,303.85714285714283,1,212.0,0.3333333333333333,1,20,0,3,0
The Clash|||Rock the Casbah|||NONE,The Clash,Rock the Casbah,Punk rock,Reino Unido,0.5080629313985455,0.6304044852793154,281,131,431,16,94,313.3125,1,374.0,0.64,1,24,0,6,0
The Rolling Stones|||Emotional Rescue|||NONE,The Rolling Stones,Emotional Rescue,Rock,Reino Unido,0.5172014610828455,0.6291603655996026,231,105,356,9,153,271.77777777777777,1,378.0,0.5294117647058824,1,16,0,5,0
ZZ Top|||La Grange|||NONE,ZZ Top,La Grange,Blues rock,Estados Unidos,0.6287223821654684,0.6287223821654684,264,152,377,7,126,242.14285714285714,0,,0.5,0,13,0,3,2
Genesis|||The Carpet Crawlers|||NONE,Genesis,The Carpet Crawlers,Rock progressivo,Reino Unido,0.6279068721765543,0.6279068721765543,221,71,371,11,124,268.1818181818182,0,,0.4583333333333333,0,23,0,3,2
Bad Religion|||New America|||NONE,Bad Religion,New America,Punk rock,Estados Unidos,0.6277837692560889,0.6277837692560889,242,92,392,2,170,334.5,1,170.0,0.5,1,3,0,0,0
Coldplay|||Yellow|||NONE,Coldplay,Yellow,Rock alternativo,Reino Unido,0.6272031391641212,0.6272031391641212,301,151,451,4,77,260.75,0,,0.25,0,15,0,4,1
Counting Crows|||Mr. Jones|||NONE,Counting Crows,Mr. Jones,Rock alternativo,Estados Unidos,0.5183194461895211,0.6271665298893205,367,235,500,4,305,390.5,1,426.0,0.2222222222222222,2,17,0,5,0
The Alan Parsons Project|||Eye in the Sky|||NONE,The Alan Parsons Project,Eye in the Sky,Rock progressivo,Reino Unido,0.6271141307626392,0.6271141307626392,277,127,427,11,49,320.6363636363636,0,,0.44,0,24,0,4,2
Black Sabbath|||Children of the Grave|||NONE,Black Sabbath,Children of the Grave,Heavy metal,Reino Unido,0.6270143591643547,0.6270143591643547,226,76,376,10,107,226.9,0,,0.4166666666666667,0,23,0,3,2
Midnight Oil|||Truganini|||NONE,Midnight Oil,Truganini,Rock,Austrália,0.6270087749107717,0.6270087749107717,282,132,432,7,101,260.2857142857143,1,293.0,0.35,1,19,0,3,0
Linkin Park|||The Emptiness Machine|||NONE,Linkin Park,The Emptiness Machine,Rock alternativo,Estados Unidos,0.7833305465809106,0.6266644372647285,171,96,246,1,43,43.0,1,43.0,1.0,1,0,1,3,0
Duran Duran|||Ordinary World|||NONE,Duran Duran,Ordinary World,New wave,Reino Unido,0.6255761668540962,0.6255761668540962,264,114,414,8,180,377.625,1,425.0,0.42105263157894735,1,18,0,3,0
The Who|||I Can't Explain|||NONE,The Who,I Can't Explain,Rock,Reino Unido,0.5147081019014349,0.6252584507446127,300,150,450,12,29,263.9166666666667,0,,0.5217391304347826,0,22,0,6,2
Tommy James & the Shondells|||Crimson and Clover|||NONE,Tommy James & the Shondells,Crimson and Clover,Rock psicodélico,Estados Unidos,0.6247691508457731,0.6247691508457731,330,238,422,10,241,382.4,0,,0.4166666666666667,0,23,0,3,2
Pink Floyd|||Take It Back|||NONE,Pink Floyd,Take It Back,Rock progressivo,Reino Unido,0.6228187763442525,0.6228187763442525,284,134,434,10,59,262.9,0,,0.45454545454545453,0,21,0,4,2
The Beatles|||All You Need Is Love|||NONE,The Beatles,All You Need Is Love,Rock,Reino Unido,0.6223195344396605,0.6223195344396605,300,150,450,9,46,180.33333333333334,0,,0.375,0,23,0,4,2
The Church|||Under the Milky Way|||NONE,The Church,Under the Milky Way,Rock alternativo,Austrália,0.6221928391807059,0.6221928391807059,296,146,446,4,134,276.5,0,,0.2,0,19,0,3,1
Temple of the Dog|||Hunger Strike|||NONE,Temple of the Dog,Hunger Strike,Rock alternativo,Estados Unidos,0.6221550055279207,0.6221550055279207,285,136,434,10,141,342.5,0,,0.5,0,19,0,3,1
Ramones|||Surfin' Bird|||NONE,Ramones,Surfin' Bird,Punk rock,Estados Unidos,0.6218353142685245,0.6218353142685245,305,155,455,9,104,308.8888888888889,0,,0.375,0,23,0,3,2
David Bowie|||Rebel Rebel|||NONE,David Bowie,Rebel Rebel,Art rock,Reino Unido,0.5116838677973878,0.621584663750392,242,92,392,12,72,286.4166666666667,1,401.0,0.5217391304347826,1,22,0,6,0
Scorpions|||Rock You Like a Hurricane|||NONE,Scorpions,Rock You Like a Hurricane,Hard rock,Alemanha,0.49102834094288667,0.6211508512927516,203,53,353,19,67,258.89473684210526,1,196.0,0.7916666666666666,1,23,0,6,0
Ramones|||I Believe in Miracles|||NONE,Ramones,I Believe in Miracles,Punk rock,Estados Unidos,0.6207639916491071,0.6207639916491071,293,143,443,8,104,284.75,0,,0.42105263157894735,0,18,0,3,1
The Cure|||The Caterpillar|||NONE,The Cure,The Caterpillar,Pós-punk,Reino Unido,0.6203476284751186,0.6203476284751186,238,103,374,5,84,161.0,0,,0.23809523809523808,0,20,0,4,2
Alice in Chains|||Your Decision|||NONE,Alice in Chains,Your Decision,Grunge,Estados Unidos,0.6198798965357721,0.6198798965357721,321,217,425,2,279,328.0,1,377.0,0.13333333333333333,1,14,0,0,0
Simple Minds|||Alive and Kicking|||NONE,Simple Minds,Alive and Kicking,New wave,Reino Unido,0.6196527060623795,0.6196527060623795,257,107,407,11,65,279.8181818181818,1,250.0,0.4782608695652174,1,22,0,4,0
The The|||This Is the Day|||NONE,The The,This Is the Day,New wave,Reino Unido,0.6196461460642549,0.6196461460642549,320,175,466,7,221,363.7142857142857,0,,0.3333333333333333,0,20,0,3,1
ZZ Top|||Rough Boy|||NONE,ZZ Top,Rough Boy,Blues rock,Estados Unidos,0.6194734083587509,0.6194734083587509,290,140,440,8,119,306.875,1,251.0,0.4,1,19,0,3,0
Alice Cooper|||You and Me|||NONE,Alice Cooper,You and Me,Hard rock,Estados Unidos,0.6184383549519332,0.6184383549519332,272,122,422,6,143,291.1666666666667,0,,0.3,0,19,0,3,2
Bon Jovi|||Born to Be My Baby|||NONE,Bon Jovi,Born to Be My Baby,Rock,Estados Unidos,0.6179955665567193,0.6179955665567193,199,49,349,6,93,269.3333333333333,0,,0.35294117647058826,0,16,0,4,1
Peter Gabriel|||Mercy Street|||NONE,Peter Gabriel,Mercy Street,Rock progressivo,Reino Unido,0.6168897651143967,0.6168897651143967,263,113,413,5,35,255.2,0,,0.23809523809523808,0,20,0,4,2
The Rolling Stones|||Wild Horses|||NONE,The Rolling Stones,Wild Horses,Rock,Reino Unido,0.6161018784276744,0.6161018784276744,234,84,384,8,32,224.125,1,369.0,0.3333333333333333,1,23,0,4,0
The Beatles|||Love Me Do|||NONE,The Beatles,Love Me Do,Rock,Reino Unido,0.6153524413407547,0.6153524413407547,197,65,329,9,9,163.55555555555554,0,,0.375,0,23,0,4,1
Def Leppard|||Let's Get Rocked|||NONE,Def Leppard,Let's Get Rocked,Hard rock,Reino Unido,0.6151385773252165,0.6151385773252165,277,133,421,4,172,308.5,0,,0.23529411764705882,0,16,0,3,2
The Cure|||Pictures of You|||NONE,The Cure,Pictures of You,Pós-punk,Reino Unido,0.6141457536981886,0.6141457536981886,304,154,454,3,165,297.6666666666667,1,165.0,0.375,1,7,0,3,0
David Bowie|||Ashes to Ashes|||NONE,David Bowie,Ashes to Ashes,Art rock,Reino Unido,0.6132936141746912,0.6132936141746912,301,151,451,3,140,278.0,1,464.0,0.375,1,7,0,3,0
Van Halen|||Don't Tell Me (What Love Can Do)|||NONE,Van Halen,Don't Tell Me (What Love Can Do),Hard rock,Estados Unidos,0.6129724855599911,0.6129724855599911,280,130,430,4,109,284.0,1,109.0,0.4444444444444444,1,8,0,3,0
Iron Maiden|||Aces High|||NONE,Iron Maiden,Aces High,Heavy metal,Reino Unido,0.6123169318063896,0.6123169318063896,276,126,426,7,73,185.0,0,,0.2916666666666667,0,23,0,4,1
Aerosmith|||Hole in My Soul|||NONE,Aerosmith,Hole in My Soul,Hard rock,Estados Unidos,0.6122545499415656,0.6122545499415656,298,148,448,11,99,311.72727272727275,0,,0.5,0,21,0,4,2
Ozzy Osbourne|||I Just Want You|||NONE,Ozzy Osbourne,I Just Want You,Heavy metal,Reino Unido,0.6114841607524981,0.6114841607524981,268,118,418,7,37,245.42857142857142,0,,0.4117647058823529,0,16,0,4,2
Blink-182|||Darkside|||NONE,Blink-182,Darkside,Pop punk,Estados Unidos,0.4832088260426989,0.6112591649440141,331,205,457,3,324,417.0,1,324.0,0.75,1,3,0,5,0
Yes|||Wonderous Stories|||NONE,Yes,Wonderous Stories,Rock progressivo,Reino Unido,0.6106580541087028,0.6106580541087028,278,128,428,7,93,272.57142857142856,1,355.0,0.3888888888888889,1,17,0,4,0
Supertramp|||Give a Little Bit|||NONE,Supertramp,Give a Little Bit,Rock progressivo,Reino Unido,0.6105840453164452,0.6105840453164452,298,152,444,6,206,326.3333333333333,0,,0.35294117647058826,0,16,0,3,1
Radiohead|||High and Dry|||NONE,Radiohead,High and Dry,Rock alternativo,Reino Unido,0.6105416870393018,0.6105416870393018,321,276,366,3,429,438.6666666666667,1,456.0,0.13636363636363635,1,21,0,3,0
Oasis|||Supersonic|||NONE,Oasis,Supersonic,Rock alternativo,Reino Unido,0.61043297269005,0.61043297269005,289,139,439,3,84,279.6666666666667,0,,0.17647058823529413,0,16,0,4,2
Madness|||Our House|||NONE,Madness,Our House,Ska,Reino Unido,0.6101915875216029,0.6101915875216029,239,166,312,2,164,198.5,1,233.0,0.4,1,4,0,0,0
Van Halen|||Why Can't This Be Love|||NONE,Van Halen,Why Can't This Be Love,Hard rock,Estados Unidos,0.6098799387829488,0.6098799387829488,277,127,427,11,50,275.54545454545456,0,,0.4583333333333333,0,23,0,4,2
The Rolling Stones|||She's So Cold|||NONE,The Rolling Stones,She's So Cold,Rock,Reino Unido,0.6072695501746882,0.6072695501746882,234,129,339,3,108,186.33333333333334,0,,0.17647058823529413,0,16,0,3,2
The Police|||Synchronicity I|||NONE,The Police,Synchronicity I,New wave,Reino Unido,0.6067693459723918,0.6067693459723918,150,105,195,2,66,76.5,0,,0.1,0,19,0,1,1
Van Halen|||When It's Love|||NONE,Van Halen,When It's Love,Hard rock,Estados Unidos,0.6065978430517791,0.6065978430517791,247,97,397,11,70,315.72727272727275,0,,0.4583333333333333,0,23,0,4,2
Bon Jovi|||In These Arms|||NONE,Bon Jovi,In These Arms,Rock,Estados Unidos,0.6061568552815719,0.6061568552815719,255,140,369,7,266,349.7142857142857,0,,0.4117647058823529,0,16,0,3,2
The Smiths|||How Soon Is Now?|||NONE,The Smiths,How Soon Is Now?,Indie pop,Reino Unido,0.6056853211688439,0.6056853211688439,270,126,414,9,151,325.6666666666667,0,,0.391304347826087,0,22,0,3,1
Red Hot Chili Peppers|||Aeroplane|||NONE,Red Hot Chili Peppers,Aeroplane,Rock,Estados Unidos,0.48942585072577466,0.6056644902731462,348,208,488,5,278,381.8,0,,0.625,0,7,0,5,2
Rory Gallagher|||Shadow Play|||NONE,Rory Gallagher,Shadow Play,Blues rock,Irlanda,0.6055553107529251,0.6055553107529251,282,160,405,8,232,349.125,0,,0.4,0,19,0,3,1
Living Colour|||Type|||NONE,Living Colour,Type,Funk metal,Estados Unidos,0.6050839966723954,0.6050839966723954,292,142,442,4,83,281.75,0,,0.2,0,19,0,4,1
Smash Mouth|||All Star|||NONE,Smash Mouth,All Star,Ska punk,Estados Unidos,0.5499804294416044,0.6049784723857649,342,192,492,2,270,373.0,1,476.0,1.0,2,1,0,4,0
Oasis|||Live Forever|||NONE,Oasis,Live Forever,Rock alternativo,Reino Unido,0.6039835160592942,0.6039835160592942,290,244,336,6,291,343.0,1,346.0,0.3157894736842105,1,18,0,3,0
Midnight Oil|||Back on the Borderline|||NONE,Midnight Oil,Back on the Borderline,Rock,Austrália,0.6037227115335788,0.6037227115335788,317,167,467,2,156,317.5,0,,0.5,0,3,0,0,2
The Police|||Spirits in the Material World|||NONE,The Police,Spirits in the Material World,New wave,Reino Unido,0.6027709560338941,0.6027709560338941,277,127,427,6,57,237.66666666666666,0,,0.2857142857142857,0,20,0,4,2
"Peter Frampton|||Baby, I Love Your Way|||NONE",Peter Frampton,"Baby, I Love Your Way",Rock,Reino Unido,0.6014866450098542,0.6014866450098542,251,101,401,8,119,329.625,0,,0.34782608695652173,0,22,0,3,2
The Clash|||Lost in the Supermarket|||NONE,The Clash,Lost in the Supermarket,Punk rock,Reino Unido,0.6006761854993455,0.6006761854993455,302,152,452,7,151,323.42857142857144,0,,0.3333333333333333,0,20,0,3,2
Dexys Midnight Runners|||Come On Eileen|||NONE,Dexys Midnight Runners,Come On Eileen,New wave,Reino Unido,0.6006578999957423,0.6006578999957423,229,79,379,9,194,328.1111111111111,0,,0.36,0,24,0,3,1
Oasis|||Don't Look Back in Anger|||NONE,Oasis,Don't Look Back in Anger,Rock alternativo,Reino Unido,0.6000634581721892,0.6000634581721892,272,122,422,10,143,302.1,1,305.0,0.45454545454545453,1,21,0,3,0
Eurythmics|||Sweet Dreams (Are Made of This)|||NONE,Eurythmics,Sweet Dreams (Are Made of This),Synth-pop,Reino Unido,0.5993594890377608,0.5993594890377608,299,161,437,11,195,352.6363636363636,0,,0.5,0,21,0,3,1
Queen|||Crazy Little Thing Called Love|||NONE,Queen,Crazy Little Thing Called Love,Rock,Reino Unido,0.48294347330823956,0.5992362616808637,238,88,388,16,94,253.8125,1,184.0,0.64,1,24,0,6,0
Volbeat|||Wait a Minute My Girl|||NONE,Volbeat,Wait a Minute My Girl,Heavy metal,Dinamarca,0.7488728589194557,0.5990982871355646,304,229,379,1,144,144.0,1,144.0,1.0,1,0,1,2,0
Creedence Clearwater Revival|||Fortunate Son|||NONE,Creedence Clearwater Revival,Fortunate Son,Swamp rock,Estados Unidos,0.5976089862545318,0.5976089862545318,204,54,354,8,11,185.25,1,124.0,0.3333333333333333,1,23,0,4,0
The Cure|||Lullaby|||NONE,The Cure,Lullaby,Pós-punk,Reino Unido,0.5957826671548715,0.5957826671548715,296,152,441,10,180,310.8,1,400.0,0.45454545454545453,1,21,0,3,0
Aerosmith|||Love in an Elevator|||NONE,Aerosmith,Love in an Elevator,Hard rock,Estados Unidos,0.5956465748761562,0.5956465748761562,228,78,378,11,74,294.72727272727275,0,,0.4782608695652174,0,22,0,4,2
Saxon|||Ride Like the Wind|||NONE,Saxon,Ride Like the Wind,Heavy metal,Reino Unido,0.5954296961477032,0.5954296961477032,286,136,436,3,146,328.0,0,,0.17647058823529413,0,16,0,3,1
Yes|||Leave It|||NONE,Yes,Leave It,Rock progressivo,Reino Unido,0.5946920674364073,0.5946920674364073,265,121,410,12,73,305.5833333333333,0,,0.48,0,24,0,4,2
The Monkees|||I'm a Believer|||NONE,The Monkees,I'm a Believer,Pop rock,Estados Unidos,0.5945110510012941,0.5945110510012941,303,153,453,12,111,300.6666666666667,0,,0.48,0,24,0,3,1
Mick Jagger|||Just Another Night|||NONE,Mick Jagger,Just Another Night,Rock,Reino Unido,0.5941494465209091,0.5941494465209091,311,161,461,5,96,248.0,1,407.0,0.21739130434782608,1,22,0,4,0
Wings|||Live and Let Die|||NONE,Wings,Live and Let Die,Pop rock,Reino Unido,0.5940908396011441,0.5940908396011441,284,141,427,8,224,348.625,0,,0.32,0,24,0,3,2
The Jesus and Mary Chain|||Head On|||NONE,The Jesus and Mary Chain,Head On,Rock alternativo,Reino Unido,0.5940831174236636,0.5940831174236636,363,300,425,2,418,447.5,1,477.0,0.13333333333333333,1,14,0,0,0
Lenny Kravitz|||American Woman|||NONE,Lenny Kravitz,American Woman,Rock,Estados Unidos,0.5935859460826475,0.5935859460826475,247,127,368,7,196,349.42857142857144,1,315.0,0.3684210526315789,1,18,0,3,0
Volbeat|||Leviathan|||NONE,Volbeat,Leviathan,Heavy metal,Dinamarca,0.7416397812174974,0.5933118249739979,346,271,421,1,174,174.0,1,174.0,1.0,1,0,1,2,0
Aerosmith|||Falling in Love (Is Hard on the Knees)|||NONE,Aerosmith,Falling in Love (Is Hard on the Knees),Hard rock,Estados Unidos,0.5926533619836162,0.5926533619836162,325,175,475,6,147,319.5,0,,0.5,0,11,0,3,2
Foghat|||Slow Ride|||NONE,Foghat,Slow Ride,Hard rock,Reino Unido,0.5921452020968552,0.5921452020968552,273,123,423,11,101,340.27272727272725,0,,0.4583333333333333,0,23,0,3,1
Deep Purple|||Black Night|||NONE,Deep Purple,Black Night,Hard rock,Reino Unido,0.6735268039494244,0.5920861879052065,256,106,406,17,49,198.05882352941177,0,,0.7083333333333334,0,23,0,6,3
Supertramp|||Breakfast in America|||NONE,Supertramp,Breakfast in America,Rock progressivo,Reino Unido,0.592077052793944,0.592077052793944,299,149,449,7,183,322.85714285714283,1,424.0,0.28,1,24,0,3,0
Ramones|||Rock ’n’ Roll High School|||NONE,Ramones,Rock ’n’ Roll High School,Punk rock,Estados Unidos,0.5918378386370582,0.5918378386370582,322,187,456,9,166,319.3333333333333,0,,0.375,0,23,0,3,1
The Kinks|||All Day and All of the Night|||NONE,The Kinks,All Day and All of the Night,Rock,Reino Unido,0.5911675219471736,0.5911675219471736,305,155,455,8,165,317.0,1,492.0,0.47058823529411764,1,16,0,3,0
The Police|||Message in a Bottle|||NONE,The Police,Message in a Bottle,New wave,Reino Unido,0.5906574301414829,0.5906574301414829,221,84,359,10,70,193.9,1,70.0,0.4,1,24,0,4,0
The Black Keys|||Lonely Boy|||NONE,The Black Keys,Lonely Boy,Blues rock,Estados Unidos,0.5905130964349339,0.5905130964349339,261,111,411,4,126,307.5,0,,0.5,0,7,0,3,1
"The Doors|||Hello, I Love You|||NONE",The Doors,"Hello, I Love You",Rock psicodélico,Estados Unidos,0.5899378528616146,0.5899378528616146,260,110,410,8,88,278.25,0,,0.32,0,24,0,4,1
Pink Floyd|||Learning to Fly|||NONE,Pink Floyd,Learning to Fly,Rock progressivo,Reino Unido,0.5895765228500301,0.5895765228500301,191,41,341,12,122,246.0,0,,0.5,0,23,0,3,1
UFO|||Doctor Doctor|||NONE,UFO,Doctor Doctor,Hard rock,Reino Unido,0.5894791582165029,0.5894791582165029,282,132,432,6,79,260.5,0,,0.35294117647058826,0,16,0,4,1
INXS|||Suicide Blonde|||NONE,INXS,Suicide Blonde,Rock,Austrália,0.5879275399472322,0.5879275399472322,311,161,461,6,58,256.1666666666667,0,,0.2857142857142857,0,20,0,4,1
The Cure|||Just Like Heaven|||NONE,The Cure,Just Like Heaven,Pós-punk,Reino Unido,0.5871642862069111,0.5871642862069111,284,134,434,7,62,273.42857142857144,1,379.0,0.3333333333333333,1,20,0,4,0
Queens of the Stone Age|||No One Knows|||NONE,Queens of the Stone Age,No One Knows,Stoner rock,Estados Unidos,0.5862905834211143,0.5862905834211143,293,159,427,5,231,379.0,0,,0.35714285714285715,0,13,0,3,1
The Rolling Stones|||Like a Rolling Stone|||NONE,The Rolling Stones,Like a Rolling Stone,Rock,Reino Unido,0.5856529629880844,0.5856529629880844,137,1,287,10,20,127.0,0,,0.5,0,19,0,4,2
The Jimi Hendrix Experience|||Hey Joe|||NONE,The Jimi Hendrix Experience,Hey Joe,Rock psicodélico,Estados Unidos,0.5849545995914456,0.5849545995914456,238,88,388,9,28,159.88888888888889,1,248.0,0.36,1,24,0,4,0
The Killers|||Runaways|||NONE,The Killers,Runaways,Rock alternativo,Estados Unidos,0.584779854921487,0.584779854921487,284,134,434,5,126,408.6,1,126.0,0.45454545454545453,1,10,0,3,0
Accept|||Balls to the Wall|||NONE,Accept,Balls to the Wall,Heavy metal,Alemanha,0.5847053185004715,0.5847053185004715,281,209,353,2,139,173.0,0,,0.3333333333333333,0,5,0,0,1
Franz Ferdinand|||Walk Away|||NONE,Franz Ferdinand,Walk Away,Indie rock,Reino Unido,0.5846534659861322,0.5846534659861322,278,128,428,4,99,368.0,0,,0.3333333333333333,0,11,0,4,2
U2|||I Will Follow|||NONE,U2,I Will Follow,Rock,Irlanda,0.5841906118767589,0.5841906118767589,295,145,445,10,65,302.9,0,,0.4,0,24,0,4,1
The Waterboys|||The Whole of the Moon|||NONE,The Waterboys,The Whole of the Moon,Folk rock,Reino Unido,0.5840066808887193,0.5840066808887193,214,64,364,4,135,236.5,0,,0.2,0,19,0,3,1
John Lennon|||Stand by Me|||NONE,John Lennon,Stand by Me,Rock,Reino Unido,0.5833004352052168,0.5833004352052168,292,156,428,4,214,261.0,0,,0.16666666666666666,0,23,0,3,1
Bruce Springsteen|||Born to Run|||NONE,Bruce Springsteen,Born to Run,Rock,Estados Unidos,0.5831616883796924,0.5831616883796924,331,260,402,4,351,409.75,0,,0.16,0,24,0,3,1
Van Halen|||Feel Your Love Tonight|||NONE,Van Halen,Feel Your Love Tonight,Hard rock,Estados Unidos,0.582077187083732,0.582077187083732,256,106,406,6,20,224.5,1,143.0,0.35294117647058826,1,16,0,4,0
The Smashing Pumpkins|||1979|||NONE,The Smashing Pumpkins,1979,Rock alternativo,Estados Unidos,0.58117763603139,0.58117763603139,349,285,412,3,356,392.3333333333333,1,356.0,0.14285714285714285,1,20,0,3,0
David Coverdale|||The Last Note of Freedom|||NONE,David Coverdale,The Last Note of Freedom,Rock,Reino Unido,0.5804539528201138,0.5804539528201138,255,105,405,10,102,324.1,0,,0.45454545454545453,0,21,0,3,2
Ten Years After|||I'd Love to Change the World|||NONE,Ten Years After,I'd Love to Change the World,Blues rock,Reino Unido,0.5803183997025423,0.5803183997025423,345,199,491,7,239,378.42857142857144,0,,0.30434782608695654,0,22,0,3,1
Volbeat|||Heaven Nor Hell|||NONE,Volbeat,Heaven Nor Hell,Heavy metal,Dinamarca,0.5798324518668825,0.5798324518668825,314,180,449,2,343,406.5,1,343.0,0.6666666666666666,1,2,0,2,0
Santana|||Winning|||NONE,Santana,Winning,Rock latino,Estados Unidos,0.5796346684476689,0.5796346684476689,259,109,409,9,29,273.3333333333333,0,,0.375,0,23,0,4,1
The Who|||Magic Bus|||NONE,The Who,Magic Bus,Rock,Reino Unido,0.5794546118074705,0.5794546118074705,298,159,438,7,148,315.14285714285717,0,,0.3333333333333333,0,20,0,3,2
Nazareth|||Hair of the Dog|||NONE,Nazareth,Hair of the Dog,Hard rock,Reino Unido,0.5794354087940012,0.5794354087940012,195,45,345,11,44,248.0909090909091,0,,0.4782608695652174,0,22,0,4,1
The Beatles|||Back in the U.S.S.R.|||NONE,The Beatles,Back in the U.S.S.R.,Rock,Reino Unido,0.5791666609682199,0.5791666609682199,317,167,467,9,100,270.55555555555554,1,348.0,0.375,1,23,0,4,0
Gene Loves Jezebel|||Desire|||NONE,Gene Loves Jezebel,Desire,Rock gótico,Reino Unido,0.5785247107857758,0.5785247107857758,311,161,461,6,128,309.1666666666667,0,,0.2727272727272727,0,21,0,3,1
Pink Floyd|||Run Like Hell|||NONE,Pink Floyd,Run Like Hell,Rock progressivo,Reino Unido,0.5771765032456552,0.5771765032456552,236,86,386,4,73,178.25,0,,0.3076923076923077,0,12,0,4,2
James|||Born of Frustration|||NONE,James,Born of Frustration,Rock alternativo,Reino Unido,0.5770760124468233,0.5770760124468233,256,106,406,6,110,331.1666666666667,0,,0.3,0,19,0,3,1
Bon Jovi|||I'll Be There for You|||NONE,Bon Jovi,I'll Be There for You,Rock,Estados Unidos,0.4703559070443626,0.5765219546343759,271,121,421,4,216,356.75,1,306.0,0.5714285714285714,1,6,0,5,0
David Bowie|||China Girl|||NONE,David Bowie,China Girl,Art rock,Reino Unido,0.5752072294103641,0.5752072294103641,234,98,370,10,151,289.0,1,275.0,0.43478260869565216,1,22,0,3,0
Eagles|||Take It Easy|||NONE,Eagles,Take It Easy,Country rock,Estados Unidos,0.5744664523595904,0.5744664523595904,313,163,463,4,187,377.0,0,,0.17391304347826086,0,22,0,3,1
The Mission|||Butterfly on a Wheel|||NONE,The Mission,Butterfly on a Wheel,Rock gótico,Reino Unido,0.5739359343759589,0.5739359343759589,268,181,355,5,271,357.8,1,342.0,0.2631578947368421,1,18,0,3,0
Queen|||I Want to Break Free|||NONE,Queen,I Want to Break Free,Rock,Reino Unido,0.67464763985175,0.5736851539226318,222,72,372,12,35,227.0,0,,0.5217391304347826,0,22,0,6,3
Aerosmith|||What It Takes|||NONE,Aerosmith,What It Takes,Hard rock,Estados Unidos,0.5720823292806467,0.5720823292806467,283,133,433,4,146,319.25,0,,0.25,0,15,0,3,2
Ozzy Osbourne|||Perry Mason|||NONE,Ozzy Osbourne,Perry Mason,Heavy metal,Reino Unido,0.571853982332813,0.571853982332813,262,112,412,9,60,297.3333333333333,0,,0.42857142857142855,0,20,0,4,2
Peter Frampton|||Do You Feel Like We Do|||NONE,Peter Frampton,Do You Feel Like We Do,Rock,Reino Unido,0.5707096892928768,0.5707096892928768,241,91,391,4,125,308.75,0,,0.3333333333333333,0,11,0,3,2
Aerosmith|||Cryin'|||NONE,Aerosmith,Cryin',Hard rock,Estados Unidos,0.6568721343024945,0.569681001528237,287,205,370,12,201,289.1666666666667,0,,0.631578947368421,0,18,0,5,3
Eric Clapton|||Layla|||NONE,Eric Clapton,Layla,Rock,Reino Unido,0.5696111531330383,0.5696111531330383,247,97,397,3,81,214.0,0,,0.23076923076923078,0,12,0,4,1
David Bowie|||Modern Love|||NONE,David Bowie,Modern Love,Art rock,Reino Unido,0.5693293039658036,0.5693293039658036,329,179,479,8,109,366.25,1,341.0,0.34782608695652173,1,22,0,3,0
Steve Miller Band|||The Joker|||NONE,Steve Miller Band,The Joker,Blues rock,Estados Unidos,0.568748172668825,0.568748172668825,313,163,463,3,254,380.3333333333333,0,,0.12,0,24,0,3,1
Dead Kennedys|||California Über Alles|||NONE,Dead Kennedys,California Über Alles,Punk,Estados Unidos,0.5681893025743023,0.5681893025743023,281,131,431,3,166,275.3333333333333,0,,0.125,0,23,0,3,1
Electric Light Orchestra|||Last Train to London|||NONE,Electric Light Orchestra,Last Train to London,Rock progressivo,Reino Unido,0.5681706057353064,0.5681706057353064,326,176,476,6,220,364.8333333333333,0,,0.2727272727272727,0,21,0,3,1
The Cure|||Close to Me|||NONE,The Cure,Close to Me,Pós-punk,Reino Unido,0.46931696760706176,0.5678735308045448,350,305,395,4,456,464.0,1,473.0,0.18181818181818182,2,21,0,5,0
Dire Straits|||Brothers in Arms|||NONE,Dire Straits,Brothers in Arms,Rock,Reino Unido,0.6469227295991848,0.5658762500349991,174,24,324,17,79,229.64705882352942,0,,0.68,0,24,0,6,3
Blondie|||Dreaming|||NONE,Blondie,Dreaming,New wave,Estados Unidos,0.5645824788035265,0.5645824788035265,280,145,416,4,137,263.5,0,,0.19047619047619047,0,20,0,3,2
The Sisters of Mercy|||Walk Away|||NONE,The Sisters of Mercy,Walk Away,Rock gótico,Reino Unido,0.564321070769757,0.564321070769757,315,190,439,6,258,365.5,1,311.0,0.2608695652173913,1,22,0,3,0
Blondie|||Call Me|||NONE,Blondie,Call Me,New wave,Estados Unidos,0.4533050633916377,0.5636749918696017,283,158,409,15,131,338.53333333333336,1,359.0,0.6521739130434783,1,22,0,5,0
AC/DC|||Shoot to Thrill|||NONE,AC/DC,Shoot to Thrill,Hard rock,Austrália,0.5629718646602745,0.5629718646602745,301,151,451,4,119,289.75,0,,0.26666666666666666,0,14,0,3,1
Ugly Kid Joe|||Everything About You|||NONE,Ugly Kid Joe,Everything About You,Hard rock,Estados Unidos,0.5619190981339551,0.5619190981339551,213,63,363,3,138,266.0,0,,0.42857142857142855,0,6,0,3,1
INXS|||Disappear|||NONE,INXS,Disappear,Rock,Austrália,0.56173593609686,0.56173593609686,277,127,427,3,198,350.6666666666667,1,198.0,0.14285714285714285,1,20,0,3,0
Blondie|||Hanging on the Telephone|||NONE,Blondie,Hanging on the Telephone,New wave,Estados Unidos,0.5617014069526148,0.5617014069526148,339,189,489,5,186,305.4,1,283.0,0.23809523809523808,1,20,0,3,0
Green Day|||Holiday|||NONE,Green Day,Holiday,Punk rock,Estados Unidos,0.5616212854294743,0.5616212854294743,312,162,462,3,210,333.6666666666667,1,312.0,0.3333333333333333,1,8,0,3,0
The Offspring|||Pretty Fly (for a White Guy)|||NONE,The Offspring,Pretty Fly (for a White Guy),Punk rock,Estados Unidos,0.5613990437703428,0.5613990437703428,333,207,459,4,246,357.5,1,246.0,0.5,1,7,0,3,0
Steely Dan|||Do It Again|||NONE,Steely Dan,Do It Again,Jazz fusion,Estados Unidos,0.5613113155097478,0.5613113155097478,311,161,461,6,244,394.3333333333333,0,,0.2608695652173913,0,22,0,3,1
Aerosmith|||Dude (Looks Like a Lady)|||NONE,Aerosmith,Dude (Looks Like a Lady),Hard rock,Estados Unidos,0.5611779879602165,0.5611779879602165,295,145,445,6,120,355.6666666666667,0,,0.5,0,11,0,3,2
Creedence Clearwater Revival|||Born on the Bayou|||NONE,Creedence Clearwater Revival,Born on the Bayou,Swamp rock,Estados Unidos,0.5601127155711556,0.5601127155711556,235,97,374,7,102,245.71428571428572,0,,0.28,0,24,0,3,2
Genesis|||Turn It On Again|||NONE,Genesis,Turn It On Again,Rock progressivo,Reino Unido,0.560004752114658,0.560004752114658,309,159,459,3,147,311.3333333333333,0,,0.17647058823529413,0,16,0,3,2
The Rolling Stones|||Beast of Burden|||NONE,The Rolling Stones,Beast of Burden,Rock,Reino Unido,0.5592918246319616,0.5592918246319616,303,153,453,4,42,290.0,1,488.0,0.23529411764705882,1,16,0,4,0
Motörhead|||Hellraiser|||NONE,Motörhead,Hellraiser,Heavy metal,Reino Unido,0.5592324000555275,0.5592324000555275,257,107,407,6,145,265.8333333333333,0,,0.3157894736842105,0,18,0,3,1
Left Side|||Mamma mia|||NONE,Left Side,Mamma mia,Glam rock,Países Baixos,0.5592123262099234,0.5592123262099234,252,102,402,4,111,276.75,1,428.0,0.2,1,19,0,3,0
Metallica|||Fuel|||NONE,Metallica,Fuel,Thrash metal,Estados Unidos,0.5591871554747616,0.5591871554747616,294,144,444,5,73,274.4,0,,0.4166666666666667,0,11,0,4,2
Queen|||You're My Best Friend|||NONE,Queen,You're My Best Friend,Rock,Reino Unido,0.5584172738834192,0.5584172738834192,268,118,418,5,165,273.4,1,168.0,0.22727272727272727,1,21,0,3,0
Ozzy Osbourne|||Bark at the Moon|||NONE,Ozzy Osbourne,Bark at the Moon,Heavy metal,Reino Unido,0.6558904819371615,0.5579441699678788,235,85,385,11,140,285.27272727272725,0,,0.5238095238095238,0,20,0,5,3
U2|||Bad|||NONE,U2,Bad,Rock,Irlanda,0.5577773521312216,0.5577773521312216,241,91,391,9,61,225.0,0,,0.375,0,23,0,4,2
Electric Light Orchestra|||Rock 'n' Roll Is King|||NONE,Electric Light Orchestra,Rock 'n' Roll Is King,Rock progressivo,Reino Unido,0.5574912906480456,0.5574912906480456,294,146,442,11,194,328.8181818181818,1,386.0,0.4583333333333333,1,23,0,3,0
Volbeat|||Becoming|||NONE,Volbeat,Becoming,Heavy metal,Dinamarca,0.6968334870919388,0.5574667896735511,286,211,361,1,500,500.0,1,500.0,1.0,1,0,1,2,0
Katrina and the Waves|||Walking on Sunshine|||NONE,Katrina and the Waves,Walking on Sunshine,New wave,Reino Unido,0.5557797339625717,0.5557797339625717,284,134,434,8,114,352.875,1,420.0,0.4,1,19,0,3,0
Ramones|||Ramona|||NONE,Ramones,Ramona,Punk rock,Estados Unidos,0.5547750522540529,0.5547750522540529,258,108,408,6,63,271.6666666666667,0,,0.3,0,19,0,4,2
Extreme|||More Than Words|||NONE,Extreme,More Than Words,Hard rock,Estados Unidos,0.5546770050160921,0.5546770050160921,284,136,433,9,85,271.8888888888889,1,320.0,0.45,1,19,0,4,0
Elton John|||Crocodile Rock|||NONE,Elton John,Crocodile Rock,Pop,Reino Unido,0.554561536991241,0.554561536991241,286,136,436,5,56,305.8,1,206.0,0.2,1,24,0,4,0
The Police|||Synchronicity II|||NONE,The Police,Synchronicity II,New wave,Reino Unido,0.5518496902325005,0.5518496902325005,370,223,500,4,317,403.25,1,493.0,0.17391304347826086,1,22,0,3,0
"The Hollies|||He Ain't Heavy, He's My Brother|||NONE",The Hollies,"He Ain't Heavy, He's My Brother",Pop rock,Reino Unido,0.5505792287501294,0.5505792287501294,263,119,408,5,203,304.8,0,,0.2,0,24,0,3,2
Kings of Leon|||Notion|||NONE,Kings of Leon,Notion,Rock alternativo,Estados Unidos,0.687730291304447,0.5501842330435576,247,172,322,1,222,222.0,1,222.0,1.0,1,0,1,2,0
Red Hot Chili Peppers|||Snow (Hey Oh)|||NONE,Red Hot Chili Peppers,Snow (Hey Oh),Rock,Estados Unidos,0.5493616143026965,0.5493616143026965,296,146,446,4,118,303.0,1,439.0,0.25,1,15,0,3,0
David Bowie|||Blue Jean|||NONE,David Bowie,Blue Jean,Art rock,Reino Unido,0.5489979592540386,0.5489979592540386,293,145,440,7,215,355.14285714285717,1,447.0,0.4117647058823529,1,16,0,3,0
Alabama Shakes|||Hold On|||NONE,Alabama Shakes,Hold On,Blues rock,Estados Unidos,0.5484200495916224,0.5484200495916224,284,134,434,3,65,323.3333333333333,0,,0.25,0,11,0,4,1
Elvis Presley|||Don't Be Cruel|||NONE,Elvis Presley,Don't Be Cruel,Rock and roll,Estados Unidos,0.547857403510306,0.547857403510306,246,96,396,10,17,231.4,1,458.0,0.4,1,24,0,4,0
David Bowie|||The Jean Genie|||NONE,David Bowie,The Jean Genie,Art rock,Reino Unido,0.633173373326306,0.5475488509949485,262,115,410,8,244,383.625,0,,0.6153846153846154,0,12,0,5,3
Yes|||Changes|||NONE,Yes,Changes,Rock progressivo,Reino Unido,0.5468280705778219,0.5468280705778219,194,44,344,8,66,228.375,0,,0.3333333333333333,0,23,0,4,2
"Crosby, Stills & Nash|||Ohio|||NONE","Crosby, Stills & Nash",Ohio,Folk rock,Estados Unidos,0.5463773122120651,0.5463773122120651,332,182,482,6,123,362.0,0,,0.24,0,24,0,3,1
Pearl Jam|||Daughter|||NONE,Pearl Jam,Daughter,Grunge,Estados Unidos,0.5448816397965384,0.5448816397965384,316,203,429,10,211,399.5,1,411.0,0.45454545454545453,1,21,0,3,0
Pearl Jam|||Last Kiss|||NONE,Pearl Jam,Last Kiss,Grunge,Estados Unidos,0.5445571272004032,0.5445571272004032,298,148,448,5,210,295.8,0,,0.35714285714285715,0,13,0,3,2
Red Hot Chili Peppers|||Breaking the Girl|||NONE,Red Hot Chili Peppers,Breaking the Girl,Rock,Estados Unidos,0.5424887554788309,0.5424887554788309,295,150,440,3,201,298.6666666666667,0,,0.17647058823529413,0,16,0,3,2
Gang Gajang|||Gimme Some Lovin'|||NONE,Gang Gajang,Gimme Some Lovin',Rock,Austrália,0.5422026404277839,0.5422026404277839,311,266,356,2,422,442.0,1,422.0,0.11764705882352941,1,16,0,0,0
The Pretenders|||Back on the Chain Gang|||NONE,The Pretenders,Back on the Chain Gang,Rock,Reino Unido,0.5413204062418253,0.5413204062418253,296,175,418,6,199,315.8333333333333,1,440.0,0.24,1,24,0,3,0
Lynyrd Skynyrd|||Free Bird|||NONE,Lynyrd Skynyrd,Free Bird,Southern rock,Estados Unidos,0.4331519676020242,0.5412666987154895,251,101,401,17,16,200.0,1,392.0,0.68,1,24,0,6,0
Deep Purple|||Woman from Tokyo|||NONE,Deep Purple,Woman from Tokyo,Hard rock,Reino Unido,0.5408049769872318,0.5408049769872318,189,67,311,11,153,259.45454545454544,1,156.0,0.4583333333333333,1,23,0,3,0
Led Zeppelin|||Going to California|||NONE,Led Zeppelin,Going to California,Hard rock,Reino Unido,0.6186349070732964,0.5398620622392966,215,65,365,16,64,228.0,0,,0.6666666666666666,0,23,0,6,3
Tom Petty and the Heartbreakers|||American Girl|||NONE,Tom Petty and the Heartbreakers,American Girl,Rock,Estados Unidos,0.4413906602262351,0.5394774736098429,356,293,419,5,312,375.0,1,368.0,0.5555555555555556,1,8,0,5,0
Peter Gabriel|||Solsbury Hill|||NONE,Peter Gabriel,Solsbury Hill,Rock progressivo,Reino Unido,0.5393688966107802,0.5393688966107802,365,215,500,2,89,283.5,0,,0.1,0,19,0,1,2
Led Zeppelin|||Over the Hills and Far Away|||NONE,Led Zeppelin,Over the Hills and Far Away,Hard rock,Reino Unido,0.5389985043057118,0.5389985043057118,278,128,428,7,41,225.0,0,,0.3181818181818182,0,21,0,4,2
Nirvana|||The Man Who Sold the World|||NONE,Nirvana,The Man Who Sold the World,Grunge,Estados Unidos,0.5387183213089268,0.5387183213089268,344,194,494,9,85,348.44444444444446,1,433.0,0.4090909090909091,1,21,0,4,0
Mötley Crüe|||Girls Girls Girls|||NONE,Mötley Crüe,Girls Girls Girls,Glam metal,Estados Unidos,0.538614212466289,0.538614212466289,271,121,421,6,61,338.8333333333333,0,,0.42857142857142855,0,13,0,4,1
Aerosmith|||Pink|||NONE,Aerosmith,Pink,Hard rock,Estados Unidos,0.5377601440848634,0.5377601440848634,334,184,484,5,236,363.4,0,,0.3333333333333333,0,14,0,3,2
Muse|||Starlight|||NONE,Muse,Starlight,Rock alternativo,Reino Unido,0.4887300495232442,0.5376030544755687,342,192,492,2,178,332.0,1,486.0,1.0,2,1,0,4,0
Van Halen|||Not Enough|||NONE,Van Halen,Not Enough,Hard rock,Estados Unidos,0.5374807388846061,0.5374807388846061,349,279,418,4,335,389.25,0,,0.5,0,7,0,3,1
Spin Doctors|||Two Princes|||NONE,Spin Doctors,Two Princes,Rock alternativo,Estados Unidos,0.5374673106037284,0.5374673106037284,367,235,498,6,250,427.0,1,462.0,0.35294117647058826,1,16,0,3,0
Ramones|||Substitute|||NONE,Ramones,Substitute,Punk rock,Estados Unidos,0.5371880980567175,0.5371880980567175,238,145,330,2,163,206.5,0,,0.18181818181818182,0,10,0,0,2
The Jimi Hendrix Experience|||Voodoo Child (Slight Return)|||NONE,The Jimi Hendrix Experience,Voodoo Child (Slight Return),Rock psicodélico,Estados Unidos,0.5364252033075342,0.5364252033075342,303,153,453,4,173,303.75,0,,0.16666666666666666,0,23,0,3,1
Icehouse|||No Promises|||NONE,Icehouse,No Promises,New wave,Austrália,0.44239489196126563,0.5352978192731315,333,237,429,5,336,395.4,1,417.0,0.22727272727272727,2,21,0,5,0
The Rolling Stones|||Angie|||NONE,The Rolling Stones,Angie,Rock,Reino Unido,0.5345187035091464,0.5345187035091464,258,108,408,12,58,191.83333333333334,1,412.0,0.48,1,24,0,4,0
Boston|||Peace of Mind|||NONE,Boston,Peace of Mind,Hard rock,Estados Unidos,0.5338141436208383,0.5338141436208383,338,209,466,3,324,417.0,0,,0.14285714285714285,0,20,0,3,2
Scorpions|||Send Me an Angel|||NONE,Scorpions,Send Me an Angel,Hard rock,Alemanha,0.5336788245718884,0.5336788245718884,291,141,441,2,26,205.0,0,,0.125,0,15,0,1,1
The Kinks|||Lola|||NONE,The Kinks,Lola,Rock,Reino Unido,0.617864678850282,0.5328464990404833,324,174,474,15,60,388.3333333333333,0,,0.6,0,24,0,6,3
Fastway|||Say What You Will|||NONE,Fastway,Say What You Will,Hard rock,Reino Unido,0.5325096244877912,0.5325096244877912,363,318,408,3,440,453.6666666666667,1,474.0,0.1875,1,15,0,3,0
The Black Keys|||Gold on the Ceiling|||NONE,The Black Keys,Gold on the Ceiling,Blues rock,Estados Unidos,0.5319070859194647,0.5319070859194647,309,159,459,2,159,306.0,0,,0.16666666666666666,0,11,0,0,1
The Clash|||I Fought the Law|||NONE,The Clash,I Fought the Law,Punk rock,Reino Unido,0.5317705012621304,0.5317705012621304,353,203,500,5,182,377.6,1,182.0,0.3333333333333333,1,14,0,3,0
Fine Young Cannibals|||Suspicious Minds|||NONE,Fine Young Cannibals,Suspicious Minds,New wave,Reino Unido,0.5308340706897073,0.5308340706897073,248,203,293,3,204,226.66666666666666,1,204.0,0.13043478260869565,1,22,0,3,0
Jet|||Are You Gonna Be My Girl|||NONE,Jet,Are You Gonna Be My Girl,Rock alternativo,Austrália,0.42888999396209404,0.5307513675280914,334,261,408,5,319,384.4,0,,0.625,0,7,0,5,1
The Mamas & the Papas|||California Dreamin'|||NONE,The Mamas & the Papas,California Dreamin',Folk rock,Estados Unidos,0.4211155191204908,0.5299317692612255,297,147,447,18,55,312.05555555555554,1,138.0,0.72,1,24,0,6,0
The Beatles|||Get Back|||NONE,The Beatles,Get Back,Rock,Reino Unido,0.7565319230288614,0.529572346120203,247,97,397,10,48,180.9,0,,0.4166666666666667,0,23,0,4,3
George Thorogood & The Destroyers|||Who Do You Love?|||NONE,George Thorogood & The Destroyers,Who Do You Love?,Blues rock,Estados Unidos,0.529113937583233,0.529113937583233,307,157,457,5,191,298.0,0,,0.38461538461538464,0,12,0,3,2
Joe Cocker|||Unchain My Heart|||NONE,Joe Cocker,Unchain My Heart,Classic rock,Reino Unido,0.6144048397505322,0.5290025670252082,229,79,379,13,17,288.7692307692308,0,,0.5909090909090909,0,21,0,6,3
Alter Bridge|||Broken Wings|||NONE,Alter Bridge,Broken Wings,Hard rock,Estados Unidos,0.5265502311737325,0.5265502311737325,256,106,406,2,204,343.5,0,,0.25,0,7,0,0,1
Cream|||I Feel Free|||NONE,Cream,I Feel Free,Rock psicodélico,Reino Unido,0.5259992405288434,0.5259992405288434,298,148,448,11,192,403.1818181818182,1,292.0,0.44,1,24,0,3,0
Scorpions|||Wind of Change|||versão 2011,Scorpions,Wind of Change,Hard rock,Alemanha,0.5257954648207538,0.5257954648207538,316,166,465,3,225,326.3333333333333,0,,0.42857142857142855,0,6,0,3,2
The Beatles|||While My Guitar Gently Weeps|||NONE,The Beatles,While My Guitar Gently Weeps,Rock,Reino Unido,0.5246475399206301,0.5246475399206301,229,79,379,9,18,187.88888888888889,1,361.0,0.375,1,23,0,4,0
Dick Dale|||Misirlou|||NONE,Dick Dale,Misirlou,Surf rock,Estados Unidos,0.523261570811611,0.523261570811611,288,156,421,8,272,385.625,0,,0.3333333333333333,0,23,0,3,1
The Police|||Walking on the Moon|||NONE,The Police,Walking on the Moon,New wave,Reino Unido,0.5227941073346233,0.5227941073346233,246,96,396,4,171,273.25,1,171.0,0.4444444444444444,1,8,0,3,0
Ronnie James Dio feat. Yngwie Malmsteen|||Dream On|||NONE,Ronnie James Dio feat. Yngwie Malmsteen,Dream On,Hard rock,Estados Unidos,0.5225883796805961,0.5225883796805961,187,37,337,4,43,150.25,0,,0.3076923076923077,0,12,0,4,2
The Smashing Pumpkins|||Disarm|||NONE,The Smashing Pumpkins,Disarm,Rock alternativo,Estados Unidos,0.5225275171552067,0.5225275171552067,367,322,412,2,433,452.0,1,471.0,0.10526315789473684,1,18,0,0,0
The Rolling Stones|||Don't Stop|||NONE,The Rolling Stones,Don't Stop,Rock,Reino Unido,0.5225197021596475,0.5225197021596475,285,135,435,8,21,282.375,0,,0.47058823529411764,0,16,0,4,2
Toy Dolls|||James Bond Lives Down Our Street|||NONE,Toy Dolls,James Bond Lives Down Our Street,Punk,Reino Unido,0.5218889242610313,0.5218889242610313,319,267,371,2,310,334.5,1,310.0,0.6666666666666666,1,2,0,2,0
Whitesnake|||Still of the Night|||NONE,Whitesnake,Still of the Night,Hard rock,Reino Unido,0.5218860064426751,0.5218860064426751,216,66,366,4,53,224.25,0,,0.21052631578947367,0,18,0,4,1
Guns N' Roses|||Hair of the Dog|||NONE,Guns N' Roses,Hair of the Dog,Hard rock,Estados Unidos,0.648962561659596,0.5191700493276769,237,162,312,1,149,149.0,1,149.0,1.0,1,0,1,2,0
The Who|||Who Are You|||NONE,The Who,Who Are You,Rock,Reino Unido,0.5840459633096274,0.5171727005106751,198,48,347,19,36,172.68421052631578,0,,0.7916666666666666,0,23,0,6,3
Collective Soul|||December|||NONE,Collective Soul,December,Rock alternativo,Estados Unidos,0.5168650420105796,0.5168650420105796,359,299,420,5,387,444.6,0,,0.29411764705882354,0,16,0,3,1
The Beatles|||Penny Lane|||NONE,The Beatles,Penny Lane,Rock,Reino Unido,0.5162207718500579,0.5162207718500579,291,151,431,8,203,297.125,1,338.0,0.32,1,24,0,3,0
Led Zeppelin|||Good Times Bad Times|||NONE,Led Zeppelin,Good Times Bad Times,Hard rock,Reino Unido,0.6930449399454639,0.5156254353194251,197,47,347,14,13,163.92857142857142,0,,0.6363636363636364,0,21,0,6,4
The Beatles|||Revolution|||NONE,The Beatles,Revolution,Rock,Reino Unido,0.8411240007805506,0.5144314388773849,242,92,392,14,37,184.71428571428572,0,,0.56,0,24,0,6,8
Blue Öyster Cult|||Joan Crawford|||NONE,Blue Öyster Cult,Joan Crawford,Hard rock,Estados Unidos,0.5131361751529294,0.5131361751529294,374,224,500,6,174,320.5,0,,0.4,0,14,0,3,2
Bon Jovi|||Bad Medicine|||NONE,Bon Jovi,Bad Medicine,Rock,Estados Unidos,0.5125251548964583,0.5125251548964583,300,150,450,3,215,305.6666666666667,0,,0.1875,0,15,0,3,2
Nirvana|||Molly's Lips|||NONE,Nirvana,Molly's Lips,Grunge,Estados Unidos,0.6400341494920438,0.5120273195936351,284,209,359,1,313,313.0,1,313.0,1.0,1,0,1,2,0
The Black Crowes|||By Your Side|||NONE,The Black Crowes,By Your Side,Hard rock,Estados Unidos,0.5112036144410311,0.5112036144410311,334,184,484,2,263,381.5,0,,0.1111111111111111,0,17,0,0,1
The Jimi Hendrix Experience|||Purple Haze|||NONE,The Jimi Hendrix Experience,Purple Haze,Rock psicodélico,Estados Unidos,0.4028877831722133,0.5096530457128498,187,37,337,19,3,176.8421052631579,1,347.0,0.76,1,24,0,6,0
Sheryl Crow|||All I Wanna Do|||NONE,Sheryl Crow,All I Wanna Do,Rock,Estados Unidos,0.4624202548476314,0.5086622803323946,336,270,402,2,376,407.0,1,438.0,1.0,2,1,0,4,0
Alice in Chains|||Voices|||NONE,Alice in Chains,Voices,Grunge,Estados Unidos,0.5083294234415558,0.5083294234415558,298,148,448,2,49,237.5,0,,0.16666666666666666,0,11,0,1,2
David Lee Roth|||Just a Gigolo|||NONE,David Lee Roth,Just a Gigolo,Rock,Estados Unidos,0.5072604067251129,0.5072604067251129,254,111,397,11,78,300.09090909090907,1,352.0,0.4782608695652174,1,22,0,4,0
Free|||All Right Now|||NONE,Free,All Right Now,Blues rock,Reino Unido,0.5067510213595454,0.5067510213595454,224,78,370,11,158,304.8181818181818,0,,0.4583333333333333,0,23,0,3,1
Paramore|||Ain't It Fun|||NONE,Paramore,Ain't It Fun,Pop punk,Estados Unidos,0.6331642968219829,0.5065314374575863,317,242,392,1,497,497.0,1,497.0,1.0,1,0,1,2,0
The Beatles|||Eleanor Rigby|||NONE,The Beatles,Eleanor Rigby,Rock,Reino Unido,0.5064828835860772,0.5064828835860772,250,100,400,8,76,250.25,1,404.0,0.3333333333333333,1,23,0,4,0
Bob Seger & the Silver Bullet Band|||Hollywood Nights|||NONE,Bob Seger & the Silver Bullet Band,Hollywood Nights,Classic rock,Estados Unidos,0.5058439417237649,0.5058439417237649,327,203,451,2,371,429.5,0,,0.09523809523809523,0,20,0,0,1
The Rolling Stones|||You Can't Always Get What You Want|||NONE,The Rolling Stones,You Can't Always Get What You Want,Rock,Reino Unido,0.505187878053689,0.505187878053689,277,127,427,9,118,329.8888888888889,1,118.0,0.36,1,24,0,3,0
Elton John|||Rocket Man|||NONE,Elton John,Rocket Man,Pop,Reino Unido,0.5048032204344274,0.5048032204344274,234,101,367,4,77,185.5,0,,0.16,0,24,0,4,1
Oasis|||Morning Glory|||NONE,Oasis,Morning Glory,Rock alternativo,Reino Unido,0.5040421056892765,0.5040421056892765,322,179,464,4,275,412.75,0,,0.4,0,9,0,3,2
Aerosmith|||Deuces Are Wild|||NONE,Aerosmith,Deuces Are Wild,Hard rock,Estados Unidos,0.502567903519098,0.502567903519098,329,179,479,2,48,247.0,1,446.0,0.2,1,9,0,1,0
Mötley Crüe|||Dr. Feelgood|||NONE,Mötley Crüe,Dr. Feelgood,Glam metal,Estados Unidos,0.5024901923544743,0.5024901923544743,261,111,411,5,90,372.4,1,90.0,0.2631578947368421,1,18,0,4,0
The Who|||Substitute|||NONE,The Who,Substitute,Rock,Reino Unido,0.5021418273999951,0.5021418273999951,287,137,437,9,77,288.0,0,,0.391304347826087,0,22,0,4,2
Ghost|||Dance Macabre|||NONE,Ghost,Dance Macabre,Heavy metal,Suécia,0.40962698809997866,0.5020856511282596,304,154,454,4,227,379.75,0,,0.5714285714285714,0,6,0,5,1
The Beach Boys|||Barbara Ann|||NONE,The Beach Boys,Barbara Ann,Rock,Estados Unidos,0.502025588278492,0.502025588278492,247,97,397,10,90,265.1,1,454.0,0.4166666666666667,1,23,0,4,0
The Cult|||Painted on My Heart|||NONE,The Cult,Painted on My Heart,Hard rock,Reino Unido,0.5838713212455713,0.5016376551585634,274,124,424,11,155,326.8181818181818,0,,0.5789473684210527,0,18,0,5,3
Keane|||Everybody's Changing|||NONE,Keane,Everybody's Changing,Rock alternativo,Reino Unido,0.5007258150635956,0.5007258150635956,350,305,395,2,483,487.0,1,491.0,0.5,1,3,0,0,0
Jerry Lee Lewis|||Great Balls of Fire|||NONE,Jerry Lee Lewis,Great Balls of Fire,Rockabilly,Estados Unidos,0.5001335607918308,0.5001335607918308,311,161,461,12,67,260.8333333333333,0,,0.48,0,24,0,4,1
Thin Lizzy|||Wild One|||NONE,Thin Lizzy,Wild One,Hard rock,Irlanda,0.4992240510143485,0.4992240510143485,352,202,500,4,171,286.5,0,,0.3076923076923077,0,12,0,3,2
Poison|||Something To Believe In|||NONE,Poison,Something To Believe In,Glam metal,Estados Unidos,0.49858675621367204,0.49858675621367204,290,245,335,2,251,256.5,0,,0.14285714285714285,0,13,0,0,1
Creedence Clearwater Revival|||Bad Moon Rising|||NONE,Creedence Clearwater Revival,Bad Moon Rising,Swamp rock,Estados Unidos,0.49846329700876635,0.49846329700876635,306,156,456,5,150,320.0,0,,0.29411764705882354,0,16,0,3,2
Weezer|||Buddy Holly|||NONE,Weezer,Buddy Holly,Rock alternativo,Estados Unidos,0.49714823977514483,0.49714823977514483,300,150,450,2,232,345.5,0,,0.4,0,4,0,0,1
Joe Satriani|||Summer Song|||NONE,Joe Satriani,Summer Song,Rock,Estados Unidos,0.4958637082202235,0.4958637082202235,274,124,424,7,152,273.14285714285717,0,,0.30434782608695654,0,22,0,3,1
Florence + the Machine|||Ship to Wreck|||NONE,Florence + the Machine,Ship to Wreck,Indie rock,Reino Unido,0.6190315467313633,0.49522523738509067,280,205,355,1,234,234.0,1,234.0,1.0,1,0,1,2,0
Eric Clapton|||Tears in Heaven|||NONE,Eric Clapton,Tears in Heaven,Rock,Reino Unido,0.4951306033239466,0.4951306033239466,234,84,384,5,104,220.2,0,,0.23809523809523808,0,20,0,3,1
Måneskin|||Beggin'|||NONE,Måneskin,Beggin',Rock,Itália,0.49453449650204623,0.49453449650204623,151,1,301,2,16,132.5,0,,0.6666666666666666,0,2,0,3,1
Free|||Wishing Well|||NONE,Free,Wishing Well,Blues rock,Reino Unido,0.49448725802600324,0.49448725802600324,297,147,447,8,27,296.5,0,,0.34782608695652173,0,22,0,4,2
Metallica|||The Unforgiven II|||NONE,Metallica,The Unforgiven II,Thrash metal,Estados Unidos,0.7055622771647446,0.4938935940153212,279,129,429,6,29,227.16666666666666,0,,0.3333333333333333,0,17,0,4,3
Oasis|||Little by Little|||NONE,Oasis,Little by Little,Rock alternativo,Reino Unido,0.49305611400670024,0.49305611400670024,339,217,461,2,363,420.5,1,478.0,0.6666666666666666,1,2,0,2,0
Silverchair|||Freak|||NONE,Silverchair,Freak,Rock alternativo,Austrália,0.4928108767413115,0.4928108767413115,325,175,475,3,211,377.6666666666667,0,,0.42857142857142855,0,6,0,3,1
Bob Dylan|||Blowin' in the Wind|||NONE,Bob Dylan,Blowin' in the Wind,Folk,Estados Unidos,0.49082727068444526,0.49082727068444526,225,75,375,8,144,266.0,0,,0.32,0,24,0,3,1
Linkin Park|||What I've Done|||NONE,Linkin Park,What I've Done,Rock alternativo,Estados Unidos,0.6132370033851603,0.49058960270812824,312,237,387,1,340,340.0,1,340.0,1.0,1,0,1,2,0
Blue Öyster Cult|||(Don't Fear) The Reaper|||NONE,Blue Öyster Cult,(Don't Fear) The Reaper,Hard rock,Estados Unidos,0.49047157868536667,0.49047157868536667,270,120,420,10,54,362.4,0,,0.4,0,24,0,4,2
Stone Temple Pilots|||Interstate Love Song|||NONE,Stone Temple Pilots,Interstate Love Song,Grunge,Estados Unidos,0.4901469538004197,0.4901469538004197,315,257,374,2,376,403.5,1,376.0,0.4,1,4,0,0,0
Bruce Springsteen|||Because the Night|||NONE,Bruce Springsteen,Because the Night,Rock,Estados Unidos,0.48706994494924255,0.48706994494924255,337,187,487,3,279,392.6666666666667,0,,0.25,0,11,0,3,1
Red Hot Chili Peppers|||Around the World|||NONE,Red Hot Chili Peppers,Around the World,Rock,Estados Unidos,0.4864690421241711,0.4864690421241711,272,122,422,2,210,328.0,0,,0.2857142857142857,0,6,0,0,2
Whitesnake|||Now You're Gone|||NONE,Whitesnake,Now You're Gone,Hard rock,Reino Unido,0.48608621301178895,0.48608621301178895,273,133,413,3,281,364.3333333333333,0,,0.2,0,14,0,3,2
Live|||Operation Spirit|||NONE,Live,Operation Spirit,Rock alternativo,Estados Unidos,0.48572186320795213,0.48572186320795213,320,253,387,6,371,448.6666666666667,0,,0.3,0,19,0,3,2
Red Hot Chili Peppers|||Dani California|||NONE,Red Hot Chili Peppers,Dani California,Rock,Estados Unidos,0.5620781309824927,0.48569795829453843,286,163,409,11,189,310.45454545454544,0,,0.6111111111111112,0,17,0,5,3
The Beatles|||Yellow Submarine|||NONE,The Beatles,Yellow Submarine,Rock,Reino Unido,0.48482774707412646,0.48482774707412646,290,163,418,9,221,313.44444444444446,1,221.0,0.375,1,23,0,3,0
Patti Smith Group|||Because the Night|||NONE,Patti Smith Group,Because the Night,Art rock,Estados Unidos,0.4848191372122395,0.4848191372122395,332,182,482,6,280,388.5,1,307.0,0.2608695652173913,1,22,0,3,0
Blondie|||Heart of Glass|||NONE,Blondie,Heart of Glass,New wave,Estados Unidos,0.4836945237625706,0.4836945237625706,327,217,438,3,310,377.6666666666667,0,,0.12,0,24,0,3,1
Little Richard|||Tutti Frutti|||NONE,Little Richard,Tutti Frutti,Rock and roll,Estados Unidos,0.4832418057620758,0.4832418057620758,310,160,460,3,169,331.3333333333333,0,,0.12,0,24,0,3,1
Slade|||How Does It Feel|||NONE,Slade,How Does It Feel,Glam rock,Reino Unido,0.47871504622414024,0.47871504622414024,297,161,434,2,257,321.5,0,,0.18181818181818182,0,10,0,0,2
Peter Frampton|||I'm in You|||NONE,Peter Frampton,I'm in You,Rock,Reino Unido,0.4783880212058136,0.4783880212058136,270,125,416,4,212,320.5,0,,0.16,0,24,0,3,2
Europe|||Carrie|||NONE,Europe,Carrie,Hard rock,Suécia,0.47825478434008767,0.47825478434008767,290,140,440,3,233,332.0,0,,0.21428571428571427,0,13,0,3,2
Slade|||My Oh My|||NONE,Slade,My Oh My,Glam rock,Reino Unido,0.4772273760105441,0.4772273760105441,269,224,314,3,327,350.0,0,,0.12,0,24,0,3,2
The Clash|||Spanish Bombs|||NONE,The Clash,Spanish Bombs,Punk rock,Reino Unido,0.4739303794554763,0.4739303794554763,326,223,429,6,295,366.5,0,,0.4,0,14,0,3,2
The Cure|||Inbetween Days|||NONE,The Cure,Inbetween Days,Pós-punk,Reino Unido,0.6403367558449736,0.4733369299206046,273,123,423,15,69,336.8,0,,0.6,0,24,0,6,4
Sex Pistols|||Anarchy in the U.K.|||ao vivo,Sex Pistols,Anarchy in the U.K.,Punk rock,Reino Unido,0.7878237680915041,0.47269426085490246,119,44,194,1,46,46.0,0,,0.5,0,1,1,1,1
Aerosmith|||Mia|||NONE,Aerosmith,Mia,Hard rock,Estados Unidos,0.47108032530350236,0.47108032530350236,248,98,398,4,60,182.75,0,,0.18181818181818182,0,21,0,4,2
Yes|||Sweet Dreams|||NONE,Yes,Sweet Dreams,Rock progressivo,Reino Unido,0.46994426189567384,0.46994426189567384,300,255,345,2,339,348.5,0,,0.5,0,3,0,0,2
The Cure|||Why Can't I Be You?|||NONE,The Cure,Why Can't I Be You?,Pós-punk,Reino Unido,0.4690395340189139,0.4690395340189139,370,308,432,4,347,390.75,1,418.0,0.5,1,7,0,3,0
The Clash|||Police and Thieves|||NONE,The Clash,Police and Thieves,Punk rock,Reino Unido,0.46878550925952517,0.46878550925952517,373,261,485,6,286,347.1666666666667,0,,0.2608695652173913,0,22,0,3,2
Pink Floyd|||High Hopes|||NONE,Pink Floyd,High Hopes,Rock progressivo,Reino Unido,0.6402350033805527,0.4686520224745646,187,37,337,12,65,256.0833333333333,0,,0.5454545454545454,0,21,0,6,4
Kings of Leon|||Molly's Chambers|||NONE,Kings of Leon,Molly's Chambers,Rock alternativo,Estados Unidos,0.46709876202543066,0.46709876202543066,209,59,359,2,51,272.5,0,,0.4,0,4,0,1,1
Dishwalla|||Charlie Brown’s Parents|||NONE,Dishwalla,Charlie Brown’s Parents,Rock alternativo,Estados Unidos,0.46697660198123825,0.46697660198123825,316,271,361,2,416,425.5,0,,0.13333333333333333,0,14,0,0,1
Soul Asylum|||Runaway Train|||NONE,Soul Asylum,Runaway Train,Rock alternativo,Estados Unidos,0.46491418523950434,0.46491418523950434,272,227,317,2,286,305.0,0,,0.09523809523809523,0,20,0,0,1
Faith No More|||Easy|||NONE,Faith No More,Easy,Metal alternativo,Estados Unidos,0.636727629041789,0.4642654026613274,294,144,444,11,48,312.90909090909093,0,,0.5238095238095238,0,20,0,6,4
Charlie Brown Jr.|||Lugar ao sol|||NONE,Charlie Brown Jr.,Lugar ao sol,Rock alternativo,Brasil,0.7724795295340552,0.46348771772043307,55,1,130,1,31,31.0,0,,0.5,0,1,1,1,1
The Cult|||Big Neon Glitter|||NONE,The Cult,Big Neon Glitter,Hard rock,Reino Unido,0.463455668725765,0.463455668725765,387,299,476,4,321,408.5,0,,0.25,0,15,0,3,2
Bruce Dickinson|||Chemical Wedding|||NONE,Bruce Dickinson,Chemical Wedding,Heavy metal,Reino Unido,0.4633670014640717,0.4633670014640717,368,218,500,2,267,382.0,0,,0.125,0,15,0,0,2
Def Leppard|||Pour Some Sugar on Me|||NONE,Def Leppard,Pour Some Sugar on Me,Hard rock,Reino Unido,0.46327898174737486,0.46327898174737486,322,199,444,4,297,416.75,0,,0.26666666666666666,0,14,0,3,1
The Allman Brothers Band|||Midnight Rider|||NONE,The Allman Brothers Band,Midnight Rider,Southern rock,Estados Unidos,0.4628274595431146,0.4628274595431146,303,241,365,5,363,411.8,0,,0.21739130434782608,0,22,0,3,1
Garbage|||Only Happy When It Rains|||NONE,Garbage,Only Happy When It Rains,Rock alternativo,Estados Unidos,0.4626343078416673,0.4626343078416673,348,205,491,2,352,419.5,0,,0.10526315789473684,0,18,0,0,1
Green Day|||Jesus of Suburbia|||NONE,Green Day,Jesus of Suburbia,Punk rock,Estados Unidos,0.4620962440035799,0.4620962440035799,277,232,322,2,401,406.5,0,,0.5,0,3,0,0,2
Van Halen|||I'll Wait|||NONE,Van Halen,I'll Wait,Hard rock,Estados Unidos,0.4616158659860872,0.4616158659860872,275,230,320,4,265,287.25,0,,0.23529411764705882,0,16,0,3,2
Skid Row|||Wasted Time|||NONE,Skid Row,Wasted Time,Heavy metal,Estados Unidos,0.4612662030493093,0.4612662030493093,250,136,364,4,310,407.0,0,,0.21052631578947367,0,18,0,3,1
Scorpions|||Still Loving You|||versão 2011,Scorpions,Still Loving You,Hard rock,Alemanha,0.6584340058235799,0.4609038040765059,227,131,322,2,238,283.0,0,,0.2857142857142857,0,6,0,0,3
Jimi Hendrix|||Hey Joe|||NONE,Jimi Hendrix,Hey Joe,Rock psicodélico,Estados Unidos,0.7554935948522661,0.46053630386202726,170,25,314,13,12,90.6923076923077,0,,0.5416666666666666,0,23,0,6,10
Iron Maiden|||Reach Out|||NONE,Iron Maiden,Reach Out,Heavy metal,Reino Unido,0.6569615374847104,0.45987307623929724,303,153,453,6,33,261.6666666666667,0,,0.46153846153846156,0,12,0,4,3
Three Dog Night|||Joy to the World|||NONE,Three Dog Night,Joy to the World,Rock,Estados Unidos,0.4597522034216965,0.4597522034216965,321,220,422,8,239,351.0,1,335.0,0.32,1,24,0,3,0
Oingo Boingo|||Dead Man's Party|||NONE,Oingo Boingo,Dead Man's Party,New wave,Estados Unidos,0.6562067354828711,0.45934471483800976,339,189,489,5,164,364.8,0,,0.23809523809523808,0,20,0,3,3
Stray Cats|||I Fought the Law|||NONE,Stray Cats,I Fought the Law,Rockabilly,Estados Unidos,0.4580606503810651,0.4580606503810651,320,257,382,2,344,373.5,0,,0.5,0,3,0,0,2
Three Dog Night|||Mama Told Me Not to Come|||NONE,Three Dog Night,Mama Told Me Not to Come,Rock,Estados Unidos,0.4568113955842902,0.4568113955842902,308,221,395,7,313,414.0,0,,0.2916666666666667,0,23,0,3,2
Nickelback|||How You Remind Me|||NONE,Nickelback,How You Remind Me,Hard rock,Canadá,0.45669572580130746,0.45669572580130746,355,210,499,2,273,341.0,0,,0.4,0,4,0,0,1
Social Distortion|||Bad Luck|||NONE,Social Distortion,Bad Luck,Punk,Estados Unidos,0.4566787227439027,0.4566787227439027,332,213,451,4,275,385.5,1,388.0,0.4444444444444444,1,8,0,3,0
Echo & the Bunnymen|||Bedbugs and Ballyhoo|||NONE,Echo & the Bunnymen,Bedbugs and Ballyhoo,Pós-punk,Reino Unido,0.4542058434282007,0.4542058434282007,364,319,409,2,478,483.0,0,,0.11764705882352941,0,16,0,0,2
U2|||Desire|||NONE,U2,Desire,Rock,Irlanda,0.4536573673487681,0.4536573673487681,322,172,472,2,285,356.0,0,,0.4,0,4,0,0,1
Bachman–Turner Overdrive|||You Ain't Seen Nothing Yet|||NONE,Bachman–Turner Overdrive,You Ain't Seen Nothing Yet,Rock,Canadá,0.6478025412734126,0.45346177889138883,342,194,489,9,215,400.3333333333333,0,,0.36,0,24,0,3,3
The Beatles|||Don't Let Me Down|||NONE,The Beatles,Don't Let Me Down,Rock,Reino Unido,0.6466965210977729,0.45268756476844096,246,96,396,8,91,196.125,0,,0.3333333333333333,0,23,0,4,3
Santana|||Guajira|||NONE,Santana,Guajira,Rock latino,Estados Unidos,0.6439172280552886,0.450742059638702,270,120,420,5,153,294.8,0,,0.25,0,19,0,3,3
Ramones|||Do You Wanna Dance?|||NONE,Ramones,Do You Wanna Dance?,Punk rock,Estados Unidos,0.4502176667194107,0.4502176667194107,319,169,469,5,119,342.2,1,457.0,0.2,1,24,0,3,0
The Killers|||The Way It Was|||NONE,The Killers,The Way It Was,Rock alternativo,Estados Unidos,0.5625951782377426,0.45007614259019413,338,263,413,1,354,354.0,1,354.0,1.0,1,0,1,2,0
Lenny Kravitz|||Again|||NONE,Lenny Kravitz,Again,Rock,Estados Unidos,0.6133426155220575,0.4497845847161755,302,152,452,5,167,351.6,0,,0.5555555555555556,0,8,0,5,4
Foreigner|||Cold as Ice|||NONE,Foreigner,Cold as Ice,Rock,Estados Unidos,0.44860171644574653,0.44860171644574653,305,155,455,2,266,346.0,0,,0.5,0,3,0,0,1
Toto|||Hold the Line|||NONE,Toto,Hold the Line,Rock,Estados Unidos,0.5606487681821063,0.44851901454568505,284,209,359,1,373,373.0,1,373.0,1.0,1,0,1,2,0
Gary Moore|||Still Got the Blues|||ao vivo,Gary Moore,Still Got the Blues,Blues rock,Reino Unido,0.4475141026221958,0.4475141026221958,281,131,431,2,326,408.0,0,,0.13333333333333333,0,14,0,0,1
Aerosmith|||Rag Doll|||NONE,Aerosmith,Rag Doll,Hard rock,Estados Unidos,0.44707811754042426,0.44707811754042426,330,243,417,3,388,455.0,0,,0.13043478260869565,0,22,0,3,2
Los Lobos|||La Bamba|||NONE,Los Lobos,La Bamba,Rock,Estados Unidos,0.4456647142383609,0.4456647142383609,276,219,333,2,383,410.0,1,383.0,0.5,1,3,0,0,0
Creedence Clearwater Revival|||Molina|||NONE,Creedence Clearwater Revival,Molina,Swamp rock,Estados Unidos,0.4448152101398976,0.4448152101398976,330,180,480,7,157,364.2857142857143,1,207.0,0.2916666666666667,1,23,0,3,0
Pearl Jam|||Soldier of Love (Lay Down Your Arms)|||NONE,Pearl Jam,Soldier of Love (Lay Down Your Arms),Grunge,Estados Unidos,0.6061656198294684,0.44452145454161024,336,186,486,5,180,352.4,0,,0.5555555555555556,0,8,0,5,4
Aerosmith|||The Other Side|||NONE,Aerosmith,The Other Side,Hard rock,Estados Unidos,0.44441845799383495,0.44441845799383495,342,276,408,3,318,350.0,0,,0.25,0,11,0,3,2
Toy Dolls|||Nellie the Elephant|||NONE,Toy Dolls,Nellie the Elephant,Punk,Reino Unido,0.4433926814645022,0.4433926814645022,316,265,367,2,287,311.0,0,,0.08695652173913043,0,22,0,0,1
Judas Priest|||Living After Midnight|||NONE,Judas Priest,Living After Midnight,Heavy metal,Reino Unido,0.6327846565883345,0.4429492596118341,266,116,416,8,90,280.25,0,,0.4,0,19,0,4,3
Mr. Big|||Take Cover|||NONE,Mr. Big,Take Cover,Hard rock,Estados Unidos,0.4428267181548779,0.4428267181548779,347,302,392,3,440,473.0,0,,0.375,0,7,0,3,1
Alice in Chains|||I Stay Away|||NONE,Alice in Chains,I Stay Away,Grunge,Estados Unidos,0.4407957836021755,0.4407957836021755,355,241,468,4,300,389.5,0,,0.23529411764705882,0,16,0,3,1
Os Paralamas do Sucesso|||Cinema Mudo|||NONE,Os Paralamas do Sucesso,Cinema Mudo,Rock,Brasil,0.7344018146589025,0.44064108879534153,84,9,159,1,36,36.0,0,,0.5,0,1,1,1,1
The Offspring|||Self Esteem|||NONE,The Offspring,Self Esteem,Punk rock,Estados Unidos,0.5507224000079833,0.4405779200063867,297,222,372,1,290,290.0,1,290.0,1.0,1,0,1,2,0
David Bowie and Mick Jagger|||Dancing in the Street|||NONE,David Bowie and Mick Jagger,Dancing in the Street,Pop rock,Reino Unido,0.44009522925116246,0.44009522925116246,324,174,474,3,227,329.0,0,,0.375,0,7,0,3,2
Billy Idol|||Mony Mony|||NONE,Billy Idol,Mony Mony,Rock,Reino Unido,0.6275412787447736,0.4392788951213415,314,164,464,9,108,338.77777777777777,0,,0.42857142857142855,0,20,0,3,3
L7|||Pretend We're Dead|||NONE,L7,Pretend We're Dead,Grunge,Estados Unidos,0.43731960485373056,0.43731960485373056,364,311,416,4,350,396.25,0,,0.26666666666666666,0,14,0,3,1
Capital Inicial|||Natasha|||NONE,Capital Inicial,Natasha,Rock alternativo,Brasil,0.7277104972670391,0.43662629836022343,85,10,160,1,25,25.0,0,,0.5,0,1,1,1,1
Metallica|||Whiskey in the Jar|||NONE,Metallica,Whiskey in the Jar,Thrash metal,Estados Unidos,0.6225185871886494,0.43576301103205456,223,77,369,3,172,264.6666666666667,0,,0.42857142857142855,0,6,0,3,3
Raimundos|||Eu Quero Ver o Oco|||NONE,Raimundos,Eu Quero Ver o Oco,Hardcore punk,Brasil,0.7261616207403323,0.43569697244419936,73,1,148,1,45,45.0,0,,0.5,0,1,1,1,1
Deep Blue Something|||Breakfast at Tiffany's|||NONE,Deep Blue Something,Breakfast at Tiffany's,Rock alternativo,Estados Unidos,0.43441030983395207,0.43441030983395207,287,185,389,2,269,317.0,0,,0.1111111111111111,0,17,0,0,1
Metallica|||Sad but True|||NONE,Metallica,Sad but True,Thrash metal,Estados Unidos,0.7239009668786457,0.4343405801271874,180,30,330,6,41,180.83333333333334,0,,0.3157894736842105,0,18,0,4,4
UFO|||Love Lost Love|||NONE,UFO,Love Lost Love,Hard rock,Reino Unido,0.4341947576384137,0.4341947576384137,301,233,370,7,331,395.0,1,459.0,0.35,1,19,0,3,0
Fleetwood Mac|||Hold Me|||NONE,Fleetwood Mac,Hold Me,Rock,Reino Unido,0.43377228074416196,0.43377228074416196,352,307,397,2,430,436.5,1,430.0,0.5,1,3,0,0,0
The Struts|||Primadonna Like Me|||NONE,The Struts,Primadonna Like Me,Glam rock,Reino Unido,0.43372443936565475,0.43372443936565475,318,273,363,2,458,459.5,1,461.0,0.6666666666666666,1,2,0,2,0
Iggy Pop|||Louie Louie|||NONE,Iggy Pop,Louie Louie,Punk rock,Estados Unidos,0.7226893597199084,0.4336136158319451,207,95,318,2,22,74.5,0,,0.125,0,15,0,1,4
Joan Jett|||Bad Reputation|||NONE,Joan Jett,Bad Reputation,Rock,Estados Unidos,0.431987463912264,0.431987463912264,373,223,500,2,248,365.0,0,,0.4,0,4,0,0,1
Big Country|||Look Away|||NONE,Big Country,Look Away,New wave,Reino Unido,0.4299355109067887,0.4299355109067887,332,198,465,2,351,414.0,0,,0.1111111111111111,0,17,0,0,1
3 Doors Down|||Kryptonite|||NONE,3 Doors Down,Kryptonite,Rock alternativo,Estados Unidos,0.42920067181722793,0.42920067181722793,356,206,500,2,264,375.5,0,,0.3333333333333333,0,5,0,0,1
Kiss|||Black Diamond|||NONE,Kiss,Black Diamond,Hard rock,Estados Unidos,0.6130848644884371,0.429159405141906,277,127,427,4,113,313.75,0,,0.17391304347826086,0,22,0,3,3
Gorilla|||Clint Eastwood|||NONE,Gorilla,Clint Eastwood,Rock alternativo,Reino Unido,0.5359176617232523,0.42873412937860184,268,193,343,1,268,268.0,1,268.0,1.0,1,0,1,2,0
Whitesnake|||Looking For Love|||NONE,Whitesnake,Looking For Love,Hard rock,Reino Unido,0.6111931687364053,0.4278352181154837,323,211,434,6,233,291.3333333333333,0,,0.4,0,14,0,3,3
The Beatles|||Can't Buy Me Love|||NONE,The Beatles,Can't Buy Me Love,Rock,Reino Unido,0.4269328819664633,0.4269328819664633,274,124,424,11,103,284.3636363636364,0,,0.4583333333333333,0,23,0,3,2
Hootie & the Blowfish|||Only Wanna Be with You|||NONE,Hootie & the Blowfish,Only Wanna Be with You,Rock alternativo,Estados Unidos,0.4265739690872602,0.4265739690872602,342,245,438,2,372,417.5,0,,0.4,0,4,0,0,1
Travis|||Side|||NONE,Travis,Side,Britpop,Reino Unido,0.4259052973990422,0.4259052973990422,328,192,464,2,321,385.0,0,,0.4,0,4,0,0,1
Ghost|||Mary on a Cross|||NONE,Ghost,Mary on a Cross,Heavy metal,Suécia,0.5315169704525168,0.42521357636201346,332,257,407,1,302,302.0,1,302.0,1.0,1,0,1,2,0
The Clash|||Train in Vain|||NONE,The Clash,Train in Vain,Punk rock,Reino Unido,0.4247039023333693,0.4247039023333693,352,275,428,7,342,400.7142857142857,1,419.0,0.4375,1,15,0,3,0
Steve Miller Band|||Jet Airliner|||NONE,Steve Miller Band,Jet Airliner,Blues rock,Estados Unidos,0.4244530873927265,0.4244530873927265,335,271,398,2,367,397.0,0,,0.16666666666666666,0,11,0,0,2
The Darkness|||I Believe in a Thing Called Love|||NONE,The Darkness,I Believe in a Thing Called Love,Hard rock,Reino Unido,0.4241759772673673,0.4241759772673673,346,240,452,2,349,399.0,0,,0.6666666666666666,0,2,0,2,1
Genesis|||I Can't Dance|||NONE,Genesis,I Can't Dance,Rock progressivo,Reino Unido,0.6046023927357935,0.42322167491505547,253,103,403,11,108,333.27272727272725,0,,0.4782608695652174,0,22,0,3,3
The Cult|||Sweet Soul Sister|||NONE,The Cult,Sweet Soul Sister,Hard rock,Reino Unido,0.6012329145751234,0.42086304020258636,290,140,440,6,106,277.6666666666667,0,,0.2857142857142857,0,20,0,3,3
The Sisters of Mercy|||More|||NONE,The Sisters of Mercy,More,Rock gótico,Reino Unido,0.699153723955792,0.4194922343734752,268,166,369,6,177,282.6666666666667,0,,0.375,0,15,0,3,4
Journey|||Separate Ways (Worlds Apart)|||NONE,Journey,Separate Ways (Worlds Apart),Hard rock,Estados Unidos,0.697378554672842,0.4184271328037052,250,130,370,10,170,308.1,0,,0.4,0,24,0,3,4
Rush|||Resist|||NONE,Rush,Resist,Rock progressivo,Canadá,0.5964008773294898,0.4174806141306428,259,158,361,2,208,256.0,0,,0.14285714285714285,0,13,0,0,3
Rush|||Bravado|||NONE,Rush,Bravado,Rock progressivo,Canadá,0.4168667726695561,0.4168667726695561,265,208,322,4,274,315.75,0,,0.2857142857142857,0,13,0,3,1
U2|||Mysterious Ways|||NONE,U2,Mysterious Ways,Rock,Irlanda,0.5206471821034621,0.41651774568276967,329,254,404,1,357,357.0,1,357.0,1.0,1,0,1,2,0
Muse|||Panic Station|||NONE,Muse,Panic Station,Rock alternativo,Reino Unido,0.41637758019827004,0.41637758019827004,301,249,352,2,442,466.5,0,,0.25,0,7,0,0,1
Brian Setzer|||Summertime Blues|||NONE,Brian Setzer,Summertime Blues,Rockabilly,Estados Unidos,0.4163467400406718,0.4163467400406718,403,262,500,4,328,413.75,0,,0.2,0,19,0,3,2
Deep Purple|||Child in Time|||NONE,Deep Purple,Child in Time,Hard rock,Reino Unido,0.5938943086473547,0.4157260160531483,204,58,350,8,48,160.125,0,,0.3333333333333333,0,23,0,4,3
Yes|||Soon|||versão single,Yes,Soon,Rock progressivo,Reino Unido,0.41472743727970995,0.41472743727970995,309,180,439,3,314,391.6666666666667,0,,0.3,0,9,0,3,2
John Mellencamp|||I Need a Lover‎|||NONE,John Mellencamp,I Need a Lover‎,Rock,Estados Unidos,0.592110491407056,0.41447734398493913,281,131,431,6,128,288.3333333333333,0,,0.2857142857142857,0,20,0,3,3
Rancid|||Time Bomb|||NONE,Rancid,Time Bomb,Punk,Estados Unidos,0.4143572986024195,0.4143572986024195,314,256,373,4,405,459.25,0,,0.2857142857142857,0,13,0,3,1
The Jimi Hendrix Experience|||All Along the Watchtower|||NONE,The Jimi Hendrix Experience,All Along the Watchtower,Rock psicodélico,Estados Unidos,0.6889207516976882,0.4133524510186129,267,117,417,11,54,175.8181818181818,0,,0.44,0,24,0,4,4
Led Zeppelin|||Fool in the Rain|||NONE,Led Zeppelin,Fool in the Rain,Hard rock,Reino Unido,0.5899595148041391,0.41297166036289734,274,124,424,7,100,321.57142857142856,0,,0.4117647058823529,0,16,0,4,3
Coverdale and Page|||Shake My Tree|||NONE,Coverdale and Page,Shake My Tree,Hard rock,Reino Unido,0.589713503693877,0.4127994525857139,299,169,430,7,234,366.7142857142857,0,,0.3333333333333333,0,20,0,3,3
Queen|||Killer Queen|||NONE,Queen,Killer Queen,Rock,Reino Unido,0.4118697925501199,0.4118697925501199,337,201,473,4,279,383.5,1,409.0,0.21052631578947367,1,18,0,3,0
Rita Lee & Tutti Frutti|||Ovelha Negra|||NONE,Rita Lee & Tutti Frutti,Ovelha Negra,Pop rock,Brasil,0.6841141081581216,0.41046846489487293,160,85,235,1,48,48.0,0,,0.5,0,1,1,1,1
Alice Cooper|||I Never Cry|||NONE,Alice Cooper,I Never Cry,Hard rock,Estados Unidos,0.5852260211725099,0.40965821482075687,343,193,493,5,221,355.4,0,,0.20833333333333334,0,23,0,3,3
Rush|||Subdivisions|||NONE,Rush,Subdivisions,Rock progressivo,Canadá,0.6695108455930522,0.4081226529594314,200,66,334,13,95,195.53846153846155,0,,0.5416666666666666,0,23,0,6,5
Whitesnake|||The Deeper the Love|||NONE,Whitesnake,The Deeper the Love,Hard rock,Reino Unido,0.57708875095035,0.4039621256652449,271,121,421,8,151,370.125,0,,0.34782608695652173,0,22,0,3,3
Deep Purple|||Fireball|||NONE,Deep Purple,Fireball,Hard rock,Reino Unido,0.576842538452346,0.4037897769166422,271,207,336,2,218,248.5,0,,0.08333333333333333,0,23,0,0,3
Pink Floyd|||The Great Gig in the Sky|||NONE,Pink Floyd,The Great Gig in the Sky,Rock progressivo,Reino Unido,0.5753393258668449,0.4027375281067914,235,153,317,7,248,324.0,0,,0.2916666666666667,0,23,0,3,3
U2|||Angel of Harlem|||NONE,U2,Angel of Harlem,Rock,Irlanda,0.5727214683201527,0.40090502782410686,253,103,403,5,49,220.8,0,,0.23809523809523808,0,20,0,4,3
Alice Cooper|||Hey Stoopid|||NONE,Alice Cooper,Hey Stoopid,Hard rock,Estados Unidos,0.5726801859796724,0.4008761301857707,273,123,423,11,55,323.0,0,,0.4782608695652174,0,22,0,4,3
David Coverdale|||Cry for Love|||NONE,David Coverdale,Cry for Love,Rock,Reino Unido,0.5707794431532544,0.399545610207278,294,144,444,3,21,200.33333333333334,0,,0.17647058823529413,0,16,0,4,3
Led Zeppelin|||Since I've Been Loving You|||NONE,Led Zeppelin,Since I've Been Loving You,Hard rock,Reino Unido,0.570271360905107,0.3991899526335749,229,79,379,7,68,226.28571428571428,0,,0.2916666666666667,0,23,0,4,3
Eric Clapton|||Forever Man|||NONE,Eric Clapton,Forever Man,Rock,Reino Unido,0.5657567558757128,0.39602972911299894,178,28,328,10,19,225.3,0,,0.43478260869565216,0,22,0,4,3
Thin Lizzy|||Rosalie|||NONE,Thin Lizzy,Rosalie,Hard rock,Irlanda,0.5649950692351123,0.3954965484645786,321,171,471,5,101,287.2,0,,0.25,0,19,0,3,3
Peter Murphy|||Cuts You Up|||NONE,Peter Murphy,Cuts You Up,Pós-punk,Reino Unido,0.4920898507753732,0.39367188062029856,290,215,365,1,394,394.0,1,394.0,1.0,1,0,1,2,0
Oasis|||All Around the World|||NONE,Oasis,All Around the World,Rock alternativo,Reino Unido,0.5620691564237674,0.3934484094966372,320,170,470,5,91,256.0,0,,0.25,0,19,0,4,3
Rush|||Here Again|||NONE,Rush,Here Again,Rock progressivo,Canadá,0.5613133068742063,0.3929193148119444,273,123,423,5,69,245.6,0,,0.20833333333333334,0,23,0,4,3
Big Brother and the Holding Company|||Summertime|||NONE,Big Brother and the Holding Company,Summertime,Rock psicodélico,Estados Unidos,0.6469498788520456,0.3928279664389621,191,41,341,13,34,171.30769230769232,0,,0.52,0,24,0,6,8
Queen|||Tie Your Mother Down|||NONE,Queen,Tie Your Mother Down,Rock,Reino Unido,0.6544616014190737,0.3926769608514442,230,120,339,5,127,232.8,0,,0.2631578947368421,0,18,0,3,4
Guns N' Roses|||Don't Cry|||NONE,Guns N' Roses,Don't Cry,Hard rock,Estados Unidos,0.654422903946995,0.392653742368197,221,115,327,8,117,235.25,0,,0.36363636363636365,0,21,0,3,4
U2|||Where the Streets Have No Name|||NONE,U2,Where the Streets Have No Name,Rock,Irlanda,0.6517931919472167,0.39107591516833,288,138,438,9,124,295.0,0,,0.375,0,23,0,3,4
The Struts|||Body Talks|||NONE,The Struts,Body Talks,Glam rock,Reino Unido,0.39035114657991166,0.39035114657991166,324,196,453,3,302,392.0,0,,0.5,0,5,0,3,1
Red Hot Chili Peppers|||Otherside|||NONE,Red Hot Chili Peppers,Otherside,Rock,Estados Unidos,0.557371782038069,0.3901602474266483,306,179,434,5,214,351.8,0,,0.29411764705882354,0,16,0,3,3
Def Leppard|||Hysteria|||NONE,Def Leppard,Hysteria,Hard rock,Reino Unido,0.5571428910280838,0.39000002371965864,285,135,435,6,200,299.6666666666667,0,,0.46153846153846156,0,12,0,3,3
Titãs|||Lugar Nenhum|||NONE,Titãs,Lugar Nenhum,Punk rock,Brasil,0.6487058863890113,0.38922353183340674,45,1,120,1,10,10.0,0,,0.5,0,1,1,1,1
Blondie|||Maria|||NONE,Blondie,Maria,New wave,Estados Unidos,0.5556092051911024,0.3889264436337716,257,107,407,6,88,374.1666666666667,0,,0.3157894736842105,0,18,0,4,3
Green Day|||Geek Stink Breath|||NONE,Green Day,Geek Stink Breath,Punk rock,Estados Unidos,0.554349844997393,0.3880448914981751,406,361,451,2,489,492.5,0,,0.4,0,4,0,0,3
AC/DC|||It's a Long Way to the Top (If You Wanna Wanna Rock 'N' Roll)|||NONE,AC/DC,It's a Long Way to the Top (If You Wanna Wanna Rock 'N' Roll),Hard rock,Austrália,0.6443894351621684,0.386633661097301,198,48,348,7,72,208.71428571428572,0,,0.4375,0,15,0,4,4
Dire Straits|||So Far Away|||NONE,Dire Straits,So Far Away,Rock,Reino Unido,0.6432041339649354,0.3859224803789612,236,86,386,12,134,278.9166666666667,0,,0.5,0,23,0,3,4
Elvis Presley|||Kiss Me Quick|||NONE,Elvis Presley,Kiss Me Quick,Rock and roll,Estados Unidos,0.5501286388787973,0.38509004721515805,190,40,340,4,91,274.5,0,,0.16666666666666666,0,23,0,4,3
Van Halen|||Love Walks In|||NONE,Van Halen,Love Walks In,Hard rock,Estados Unidos,0.6410151935151507,0.3846091161090904,335,221,450,10,245,374.0,0,,0.45454545454545453,0,21,0,3,4
The Smiths|||This Charming Man|||NONE,The Smiths,This Charming Man,Indie pop,Reino Unido,0.6397202562398348,0.38383215374390084,262,112,412,7,115,257.42857142857144,0,,0.4117647058823529,0,16,0,3,4
Yes|||The Calling|||NONE,Yes,The Calling,Rock progressivo,Reino Unido,0.5472743649658914,0.38309205547612396,289,139,439,4,183,371.25,0,,0.18181818181818182,0,21,0,3,3
Soundgarden|||Spoonman|||NONE,Soundgarden,Spoonman,Grunge,Estados Unidos,0.47550052529173265,0.38040042023338616,349,274,424,1,395,395.0,1,395.0,1.0,1,0,1,2,0
The Beatles|||From Me to You|||NONE,The Beatles,From Me to You,Rock,Reino Unido,0.3803235983686916,0.3803235983686916,242,92,392,3,140,355.3333333333333,1,443.0,0.17647058823529413,1,16,0,3,0
The Doors|||Take It as It Comes|||NONE,The Doors,Take It as It Comes,Rock psicodélico,Estados Unidos,0.5406173246818323,0.3784321272772826,270,120,420,6,44,238.33333333333334,0,,0.4,0,14,0,4,3
The Cult|||Fire Woman|||NONE,The Cult,Fire Woman,Hard rock,Reino Unido,0.6280775724389915,0.3768465434633949,233,83,383,8,59,241.125,0,,0.38095238095238093,0,20,0,4,4
Raul Seixas|||Gita|||NONE,Raul Seixas,Gita,Rock,Brasil,0.626280841217645,0.37576850473058704,143,68,218,1,55,55.0,0,,0.5,0,1,1,1,1
Rush|||YYZ|||NONE,Rush,YYZ,Rock progressivo,Canadá,0.6254849902144703,0.3752909941286822,183,33,333,5,47,200.2,0,,0.20833333333333334,0,23,0,4,4
Tears for Fears|||Sowing the Seeds of Love|||NONE,Tears for Fears,Sowing the Seeds of Love,New wave,Reino Unido,0.6227673239374445,0.3736603943624667,295,202,388,5,204,269.0,0,,0.22727272727272727,0,21,0,3,4
Lindsey Buckingham|||Trouble|||NONE,Lindsey Buckingham,Trouble,Rock,Estados Unidos,0.6223046089818804,0.37338276538912823,251,206,296,2,107,123.5,0,,0.1,0,19,0,0,4
Heart|||Crazy on You|||NONE,Heart,Crazy on You,Rock,Estados Unidos,0.621513379466587,0.3729080276799522,254,104,404,2,126,272.5,0,,0.14285714285714285,0,13,0,0,4
Echo & the Bunnymen|||People Are Strange|||NONE,Echo & the Bunnymen,People Are Strange,Pós-punk,Reino Unido,0.5313746318251413,0.3719622422775989,302,152,452,2,207,296.5,0,,0.09523809523809523,0,20,0,0,3
Pearl Jam|||Sirens|||NONE,Pearl Jam,Sirens,Grunge,Estados Unidos,0.6197825563738515,0.37186953382431087,246,96,396,5,96,202.0,0,,0.4166666666666667,0,11,0,4,4
Supertramp|||School|||NONE,Supertramp,School,Rock progressivo,Reino Unido,0.5304029904857248,0.37128209334000734,332,236,427,5,320,403.0,0,,0.29411764705882354,0,16,0,3,3
Metallica|||The Day That Never Comes|||NONE,Metallica,The Day That Never Comes,Thrash metal,Estados Unidos,0.6102742648519281,0.3711903469746434,283,133,433,9,83,268.3333333333333,0,,0.5294117647058824,0,16,0,6,8
Def Leppard|||Rock of Ages|||NONE,Def Leppard,Rock of Ages,Hard rock,Reino Unido,0.529430363825351,0.3706012546777457,310,160,460,3,189,310.6666666666667,0,,0.375,0,7,0,3,3
Huey Lewis and the News|||The Power of Love|||NONE,Huey Lewis and the News,The Power of Love,Rock,Estados Unidos,0.6171298274191169,0.37027789645147013,276,126,426,6,131,313.8333333333333,0,,0.24,0,24,0,3,4
Alabama Shakes|||Always Alright|||NONE,Alabama Shakes,Always Alright,Blues rock,Estados Unidos,0.37007520778205966,0.37007520778205966,345,300,390,2,480,482.0,1,484.0,0.6666666666666666,1,2,0,2,0
"Emerson, Lake & Palmer|||From the Beginning|||NONE","Emerson, Lake & Palmer",From the Beginning,Rock progressivo,Reino Unido,0.5284958798649011,0.3699471159054307,242,92,392,7,167,304.14285714285717,0,,0.30434782608695654,0,22,0,3,3
Guns N' Roses|||Live and Let Die|||NONE,Guns N' Roses,Live and Let Die,Hard rock,Estados Unidos,0.6141338672644492,0.3684803203586695,294,144,444,5,126,340.0,0,,0.29411764705882354,0,16,0,3,4
Guns N' Roses|||Civil War|||NONE,Guns N' Roses,Civil War,Hard rock,Estados Unidos,0.613424421227407,0.3680546527364442,282,132,432,11,122,268.45454545454544,0,,0.5,0,21,0,3,4
Santana|||Oye Como Va|||NONE,Santana,Oye Como Va,Rock latino,Estados Unidos,0.5230734080724866,0.36615138565074057,235,85,385,7,152,341.0,0,,0.28,0,24,0,3,3
Deep Purple|||Sometimes I Feel Like Screaming|||NONE,Deep Purple,Sometimes I Feel Like Screaming,Hard rock,Reino Unido,0.6097883082284075,0.36587298493704445,260,110,410,9,69,233.77777777777777,0,,0.4090909090909091,0,21,0,4,4
Procol Harum|||A Whiter Shade Of Pale|||NONE,Procol Harum,A Whiter Shade Of Pale,Rock progressivo,Reino Unido,0.521485971534692,0.3650401800742844,288,138,438,12,83,312.0833333333333,0,,0.48,0,24,0,4,3
T. Rex|||Light of Love|||NONE,T. Rex,Light of Love,Glam rock,Reino Unido,0.5189332613232222,0.36325328292625547,304,259,349,3,429,439.6666666666667,0,,0.15,0,19,0,3,3
Megadeth|||A Tout le Monde|||NONE,Megadeth,A Tout le Monde,Thrash metal,Estados Unidos,0.36285779342442387,0.36285779342442387,179,134,224,2,92,97.5,0,,0.3333333333333333,0,5,0,1,1
Living Colour|||Cult of Personality|||NONE,Living Colour,Cult of Personality,Funk metal,Estados Unidos,0.6024666848352842,0.3614800109011705,376,247,500,7,244,373.85714285714283,0,,0.3333333333333333,0,20,0,3,4
Grand Funk Railroad|||Heartbreaker|||NONE,Grand Funk Railroad,Heartbreaker,Hard rock,Estados Unidos,0.5153590111973161,0.36075130783812126,246,96,396,4,203,319.0,0,,0.21052631578947367,0,18,0,3,3
RPM|||Louras Geladas|||NONE,RPM,Louras Geladas,Pop rock,Brasil,0.601125491435752,0.36067529486145117,191,116,266,1,74,74.0,0,,0.5,0,1,1,1,1
Fine Young Cannibals|||She Drives Me Crazy|||NONE,Fine Young Cannibals,She Drives Me Crazy,New wave,Reino Unido,0.5998243714372805,0.3598946228623683,257,107,407,4,116,281.75,0,,0.3333333333333333,0,11,0,3,4
Chubby Checker|||Let's Twist Again|||NONE,Chubby Checker,Let's Twist Again,Rock and roll,Estados Unidos,0.3591840205241412,0.3591840205241412,290,140,440,6,88,273.5,1,159.0,0.24,1,24,0,4,0
The Who|||The Song Is Over|||NONE,The Who,The Song Is Over,Rock,Reino Unido,0.5112680456399519,0.3578876319479663,316,169,464,4,239,385.5,0,,0.3333333333333333,0,11,0,3,3
Led Zeppelin|||Thank You|||NONE,Led Zeppelin,Thank You,Hard rock,Reino Unido,0.715286188477718,0.357643094238859,167,17,317,4,30,105.25,0,,0.16666666666666666,0,23,0,4,11
The Smashing Pumpkins|||Today|||NONE,The Smashing Pumpkins,Today,Rock alternativo,Estados Unidos,0.44624470819430784,0.3569957665554463,262,187,337,1,416,416.0,1,416.0,1.0,1,0,1,2,0
Guns N' Roses|||Knockin' on Heaven's Door|||NONE,Guns N' Roses,Knockin' on Heaven's Door,Hard rock,Estados Unidos,0.5884910587901068,0.35309463527406404,258,144,371,5,229,335.8,0,,0.3333333333333333,0,14,0,3,4
Pink Floyd|||Mother|||NONE,Pink Floyd,Mother,Rock progressivo,Reino Unido,0.7027402803280676,0.3513701401640338,119,1,252,12,10,138.58333333333334,0,,0.5,0,23,0,4,6
Jeff Beck & Rod Stewart|||People Get Ready|||NONE,Jeff Beck & Rod Stewart,People Get Ready,Pop rock,Reino Unido,0.7003991120718674,0.3501995560359337,304,154,454,9,116,293.44444444444446,0,,0.391304347826087,0,22,0,3,9
Morrissey|||Suedehead|||NONE,Morrissey,Suedehead,Rock alternativo,Reino Unido,0.583428308777129,0.35005698526627743,241,91,391,9,72,237.66666666666666,0,,0.42857142857142855,0,20,0,4,4
Creedence Clearwater Revival|||I Put a Spell on You|||NONE,Creedence Clearwater Revival,I Put a Spell on You,Swamp rock,Estados Unidos,0.6996820504345282,0.3498410252172641,279,129,429,3,30,230.66666666666666,0,,0.125,0,23,0,4,13
Whitesnake|||Too Many Tears|||NONE,Whitesnake,Too Many Tears,Hard rock,Reino Unido,0.4993477773633671,0.34954344415435695,267,117,417,8,51,327.875,0,,0.38095238095238093,0,20,0,4,3
Blink-182|||Edging|||NONE,Blink-182,Edging,Pop punk,Estados Unidos,0.4366836390121103,0.3493469112096883,245,170,320,1,444,444.0,1,444.0,1.0,1,0,1,2,0
The Sweet|||Fox on the Run|||NONE,The Sweet,Fox on the Run,Glam rock,Reino Unido,0.49782024439382255,0.34847417107567574,317,167,467,4,130,366.0,0,,0.17391304347826086,0,22,0,3,3
Fleetwood Mac|||Don't Stop|||NONE,Fleetwood Mac,Don't Stop,Rock,Reino Unido,0.6963007516111827,0.34815037580559133,281,131,431,8,157,366.375,0,,0.32,0,24,0,3,8
Nirvana|||On a Plain|||NONE,Nirvana,On a Plain,Grunge,Estados Unidos,0.43482756735293715,0.34786205388234975,323,248,398,1,421,421.0,1,421.0,1.0,1,0,1,2,0
"Nenhum de Nós|||Camila, Camila|||NONE",Nenhum de Nós,"Camila, Camila",Pop rock,Brasil,0.5791218464679325,0.3474731078807595,149,74,224,1,80,80.0,0,,0.5,0,1,1,1,1
Legião Urbana|||Que País É Este|||NONE,Legião Urbana,Que País É Este,Rock alternativo,Brasil,0.5790222903167126,0.34741337419002755,102,27,177,1,17,17.0,0,,0.5,0,1,1,1,1
Phil Collins|||In the Air Tonight|||NONE,Phil Collins,In the Air Tonight,Pop,Reino Unido,0.5761980064585468,0.34571880387512804,201,51,351,5,86,272.8,0,,0.2,0,24,0,4,4
Led Zeppelin|||The Song Remains the Same|||NONE,Led Zeppelin,The Song Remains the Same,Hard rock,Reino Unido,0.5754115322411384,0.34524691934468305,250,100,400,9,82,263.8888888888889,0,,0.375,0,23,0,4,4
"Emerson, Lake & Palmer|||Peter Gunn|||NONE","Emerson, Lake & Palmer",Peter Gunn,Rock progressivo,Reino Unido,0.4926766429325247,0.34487365005276727,280,130,430,2,143,222.5,0,,0.18181818181818182,0,10,0,0,3
Lynyrd Skynyrd|||Free Bird|||ao vivo,Lynyrd Skynyrd,Free Bird,Southern rock,Estados Unidos,0.6887512737914616,0.3443756368957308,203,84,321,2,15,71.0,0,,0.125,0,15,0,1,14
Hoodoo Gurus|||Come Anytime|||NONE,Hoodoo Gurus,Come Anytime,Rock alternativo,Austrália,0.5733955682771313,0.3440373409662788,271,121,421,4,113,286.75,0,,0.19047619047619047,0,20,0,3,4
The Offspring|||What Happened to You|||NONE,The Offspring,What Happened to You,Punk rock,Estados Unidos,0.4297622176098288,0.34380977408786306,272,197,347,1,445,445.0,1,445.0,1.0,1,0,1,2,0
Men at Work|||It's a Mistake|||NONE,Men at Work,It's a Mistake,New wave,Austrália,0.5722746389886921,0.34336478339321524,292,142,442,6,128,318.5,0,,0.3,0,19,0,3,4
The Sweet|||Love Is Like Oxygen|||NONE,The Sweet,Love Is Like Oxygen,Glam rock,Reino Unido,0.48781667456153543,0.3414716721930748,271,121,421,7,63,332.57142857142856,0,,0.28,0,24,0,4,3
The 5th Dimension|||Aquarius/Let the Sunshine In|||NONE,The 5th Dimension,Aquarius/Let the Sunshine In,Pop soul,Estados Unidos,0.6815810546199654,0.3407905273099827,249,102,396,3,163,272.0,0,,0.13636363636363635,0,21,0,3,19
Metallica|||The Unforgiven 3|||NONE,Metallica,The Unforgiven 3,Thrash metal,Estados Unidos,0.6808882114817937,0.34044410574089684,191,41,341,5,57,195.2,0,,0.3125,0,15,0,4,9
The Strokes|||Someday|||NONE,The Strokes,Someday,Indie rock,Estados Unidos,0.4253453824272656,0.3402763059418125,264,189,339,1,441,441.0,1,441.0,1.0,1,0,1,2,0
The Jam|||Town Called Malice|||NONE,The Jam,Town Called Malice,New wave,Reino Unido,0.5666377448107153,0.33998264688642915,252,102,402,2,165,268.0,0,,0.16666666666666666,0,11,0,0,4
The White Buffalo|||The House of the Rising Sun|||NONE,The White Buffalo,The House of the Rising Sun,Country alternativo,Estados Unidos,0.42436535980721496,0.339492287845772,295,220,370,1,489,489.0,1,489.0,1.0,1,0,1,2,0
Candlebox|||Far Behind|||NONE,Candlebox,Far Behind,Grunge,Estados Unidos,0.6774619072965651,0.33873095364828254,190,40,340,3,125,199.66666666666666,0,,0.14285714285714285,0,20,0,3,12
Black Sabbath|||Black Sabbath|||NONE,Black Sabbath,Black Sabbath,Heavy metal,Reino Unido,0.4827908292044697,0.3379535804431288,229,82,376,11,70,160.1818181818182,0,,0.4583333333333333,0,23,0,4,3
Savatage|||Edge of Thorns|||NONE,Savatage,Edge of Thorns,Heavy metal,Estados Unidos,0.7483555085861474,0.3367599788637663,41,1,116,1,32,32.0,0,,0.3333333333333333,0,2,1,1,2
The Who|||You Better You Bet|||NONE,The Who,You Better You Bet,Rock,Reino Unido,0.5607345298296624,0.33644071789779745,218,68,368,11,19,185.0,0,,0.4782608695652174,0,22,0,4,4
Ben E. King|||Stand by Me|||NONE,Ben E. King,Stand by Me,Soul,Estados Unidos,0.6728385348657362,0.3364192674328681,267,117,417,12,178,353.0833333333333,0,,0.48,0,24,0,3,9
Live|||Top|||NONE,Live,Top,Rock alternativo,Estados Unidos,0.4805577735276438,0.33639044146935065,304,259,349,3,324,345.6666666666667,0,,0.17647058823529413,0,16,0,3,3
Greta Van Fleet|||When the Curtain Falls|||NONE,Greta Van Fleet,When the Curtain Falls,Hard rock,Estados Unidos,0.5583436178542329,0.33500617071253974,258,108,408,3,113,206.66666666666666,0,,0.42857142857142855,0,6,0,3,4
Rainbow|||Since You Been Gone|||NONE,Rainbow,Since You Been Gone,Hard rock,Reino Unido,0.47730116280690743,0.33411081396483516,295,178,412,6,231,328.6666666666667,0,,0.2608695652173913,0,22,0,3,3
Status Quo|||Rockin' All Over the World|||NONE,Status Quo,Rockin' All Over the World,Rock,Reino Unido,0.6681734948478426,0.3340867474239213,330,180,480,8,170,356.0,0,,0.34782608695652173,0,22,0,3,9
Led Zeppelin|||Misty Mountain Hop|||NONE,Led Zeppelin,Misty Mountain Hop,Hard rock,Reino Unido,0.6662037574404767,0.33310187872023833,265,115,415,10,147,276.6,0,,0.4166666666666667,0,23,0,3,5
Bad Company|||Feel Like Makin' Love|||NONE,Bad Company,Feel Like Makin' Love,Blues rock,Reino Unido,0.6647729046876047,0.3323864523438024,257,169,346,9,188,272.8888888888889,0,,0.4090909090909091,0,21,0,3,7
Metallica|||Wherever I May Roam|||NONE,Metallica,Wherever I May Roam,Thrash metal,Estados Unidos,0.664285746781098,0.332142873390549,287,137,437,3,99,281.6666666666667,0,,0.17647058823529413,0,16,0,4,14
Peter Frampton|||While My Guitar Gently Weeps|||NONE,Peter Frampton,While My Guitar Gently Weeps,Rock,Reino Unido,0.6639619438840185,0.33198097194200926,232,82,382,5,36,217.2,0,,0.2777777777777778,0,17,0,4,8
R.E.M.|||The One I Love|||NONE,R.E.M.,The One I Love,Rock alternativo,Estados Unidos,0.551749639626861,0.33104978377611655,319,169,469,7,46,337.57142857142856,0,,0.28,0,24,0,4,4
Blues Traveler|||Run-Around|||NONE,Blues Traveler,Run-Around,Rock,Estados Unidos,0.6601649006131908,0.3300824503065954,382,337,427,2,489,490.5,0,,0.09523809523809523,0,20,0,0,17
AC/DC|||Rock 'N Roll Train|||NONE,AC/DC,Rock 'N Roll Train,Hard rock,Austrália,0.4715384158306724,0.33007689108147065,193,43,343,6,6,200.33333333333334,0,,0.375,0,15,0,4,3
Van Halen|||You Really Got Me|||NONE,Van Halen,You Really Got Me,Hard rock,Estados Unidos,0.5498663277072648,0.3299197966243589,276,231,321,2,250,262.5,0,,0.14285714285714285,0,13,0,0,4
Stevie Wonder|||Superstition|||NONE,Stevie Wonder,Superstition,Soul,Estados Unidos,0.6588667144110952,0.3294333572055476,265,115,415,3,58,218.0,0,,0.13043478260869565,0,22,0,4,19
AC/DC|||Dirty Deeds Done Dirt Cheap|||NONE,AC/DC,Dirty Deeds Done Dirt Cheap,Hard rock,Austrália,0.5484486724336088,0.32906920346016527,285,135,435,4,97,267.25,0,,0.17391304347826086,0,22,0,4,4
Ramones|||Rockaway Beach|||NONE,Ramones,Rockaway Beach,Punk rock,Estados Unidos,0.5479935749521758,0.3287961449713055,262,112,412,6,56,206.83333333333334,0,,0.35294117647058826,0,16,0,4,4
Rainbow|||Ariel|||NONE,Rainbow,Ariel,Hard rock,Reino Unido,0.6563561186168515,0.32817805930842575,204,54,354,3,98,241.33333333333334,0,,0.2,0,14,0,4,7
Van Halen|||Unchained|||NONE,Van Halen,Unchained,Hard rock,Estados Unidos,0.5454879911348507,0.3272927946809104,291,147,435,4,198,284.0,0,,0.5,0,7,0,3,4
The Cure|||Killing an Arab|||NONE,The Cure,Killing an Arab,Pós-punk,Reino Unido,0.5446118915867855,0.32676713495207127,296,224,368,5,276,352.8,0,,0.23809523809523808,0,20,0,3,4
Winger|||Miles Away|||NONE,Winger,Miles Away,Hard rock,Estados Unidos,0.6530673602984304,0.3265336801492152,188,82,294,5,82,166.0,0,,0.22727272727272727,0,21,0,4,12
The J. Geils Band|||Freeze Frame|||NONE,The J. Geils Band,Freeze Frame,Rock,Estados Unidos,0.652707072045536,0.326353536022768,288,138,438,5,102,217.0,0,,0.2,0,24,0,3,12
Thin Lizzy|||She Knows|||NONE,Thin Lizzy,She Knows,Hard rock,Irlanda,0.649542852946358,0.324771426473179,341,191,491,6,242,373.3333333333333,0,,0.2727272727272727,0,21,0,3,9
Al Stewart|||Year of the Cat|||NONE,Al Stewart,Year of the Cat,Folk rock,Reino Unido,0.6489088915820497,0.32445444579102484,207,67,346,7,118,237.42857142857142,0,,0.28,0,24,0,3,11
Faith No More|||We Care a Lot|||NONE,Faith No More,We Care a Lot,Metal alternativo,Estados Unidos,0.5322363045561954,0.32425473323731296,368,288,448,7,338,428.57142857142856,0,,0.5384615384615384,0,12,0,5,5
Yes|||Walls|||NONE,Yes,Walls,Rock progressivo,Reino Unido,0.646880383441198,0.323440191720599,255,105,405,4,179,276.25,0,,0.23529411764705882,0,16,0,3,9
The Beatles|||A Day in the Life|||NONE,The Beatles,A Day in the Life,Rock,Reino Unido,0.6464763505217597,0.32323817526087983,199,49,349,7,21,81.14285714285714,0,,0.2916666666666667,0,23,0,4,13
Deep Purple|||Space Truckin'|||NONE,Deep Purple,Space Truckin',Hard rock,Reino Unido,0.6457083295256162,0.3228541647628081,218,68,368,6,98,261.8333333333333,0,,0.2727272727272727,0,21,0,4,6
Guns N' Roses|||Used to Love Her|||NONE,Guns N' Roses,Used to Love Her,Hard rock,Estados Unidos,0.6455873242173514,0.3227936621086757,290,140,440,8,47,295.125,0,,0.36363636363636365,0,21,0,4,8
"The Archies|||Sugar, Sugar|||NONE",The Archies,"Sugar, Sugar",Bubblegum pop,Estados Unidos,0.6442201131850276,0.3221100565925138,249,99,399,2,142,267.5,0,,0.10526315789473684,0,18,0,0,16
Rush|||Freewill|||NONE,Rush,Freewill,Rock progressivo,Canadá,0.6436128258201645,0.3218064129100823,230,142,318,4,165,244.25,0,,0.23529411764705882,0,16,0,3,8
Ringo Starr|||Weight of the World|||NONE,Ringo Starr,Weight of the World,Rock,Reino Unido,0.6436063414137088,0.3218031707068544,243,93,393,6,137,251.5,0,,0.25,0,23,0,3,9
Guns N' Roses|||Yesterdays|||NONE,Guns N' Roses,Yesterdays,Hard rock,Estados Unidos,0.5357672295806174,0.3214603377483704,289,139,439,3,221,307.0,0,,0.15789473684210525,0,18,0,3,4
Alice Cooper|||Billion Dollar Babies|||NONE,Alice Cooper,Billion Dollar Babies,Hard rock,Estados Unidos,0.6424877919746913,0.32124389598734565,269,135,402,9,245,316.77777777777777,0,,0.375,0,23,0,3,6
Grand Funk Railroad|||Paranoid|||NONE,Grand Funk Railroad,Paranoid,Hard rock,Estados Unidos,0.6422945743940928,0.3211472871970464,198,48,348,2,114,233.5,0,,0.09523809523809523,0,20,0,0,18
Gary Moore|||Still Got the Blues|||NONE,Gary Moore,Still Got the Blues,Blues rock,Reino Unido,0.6414090498403806,0.3207045249201903,295,145,445,11,97,310.72727272727275,0,,0.5,0,21,0,4,5
My Chemical Romance|||Welcome to the Black Parade|||NONE,My Chemical Romance,Welcome to the Black Parade,Rock alternativo,Estados Unidos,0.40038089905202073,0.32030471924161663,288,213,363,1,463,463.0,1,463.0,1.0,1,0,1,2,0
Aerosmith|||Jaded|||NONE,Aerosmith,Jaded,Hard rock,Estados Unidos,0.43666655639580054,0.3202221413569204,308,170,445,5,249,354.4,0,,0.5555555555555556,0,8,0,5,4
Extreme|||Rest in Peace|||NONE,Extreme,Rest in Peace,Hard rock,Estados Unidos,0.6400237009383865,0.3200118504691932,277,127,427,3,80,232.66666666666666,0,,0.15789473684210525,0,18,0,4,6
Danger Danger|||Don’t Walk Away|||NONE,Danger Danger,Don’t Walk Away,Hard rock,Estados Unidos,0.6386955497317383,0.3193477748658691,295,145,445,2,177,286.0,0,,0.1111111111111111,0,17,0,0,11
Genesis|||Abacab|||NONE,Genesis,Abacab,Rock progressivo,Reino Unido,0.6385658200508866,0.3192829100254433,205,160,250,2,111,114.0,0,,0.16666666666666666,0,11,0,0,9
Grand Funk Railroad|||Some Kind of Wonderful|||NONE,Grand Funk Railroad,Some Kind of Wonderful,Hard rock,Estados Unidos,0.6375968695097548,0.3187984347548774,269,129,408,6,121,230.5,0,,0.2608695652173913,0,22,0,3,12
INXS|||Need You Tonight|||NONE,INXS,Need You Tonight,Rock,Austrália,0.5307768574782884,0.31846611448697304,256,179,334,2,217,253.5,0,,0.08,0,24,0,0,4
The Cure|||Mint Car|||NONE,The Cure,Mint Car,Pós-punk,Reino Unido,0.454622509818287,0.31823575687280087,371,326,416,2,435,451.5,0,,0.2222222222222222,0,8,0,0,3
"Peter Frampton|||Baby, I Love Your Way|||ao vivo",Peter Frampton,"Baby, I Love Your Way",Rock,Reino Unido,0.6350589583691074,0.3175294791845537,287,137,437,5,144,303.0,0,,0.38461538461538464,0,12,0,3,8
Deep Purple|||Mistreated|||NONE,Deep Purple,Mistreated,Hard rock,Reino Unido,0.6348926512156073,0.31744632560780367,264,114,414,2,177,275.5,0,,0.08333333333333333,0,23,0,0,15
Queen|||Save Me|||NONE,Queen,Save Me,Rock,Reino Unido,0.6344623602887628,0.3172311801443814,253,103,403,10,45,274.0,0,,0.45454545454545453,0,21,0,4,8
Audioslave|||Be Yourself|||NONE,Audioslave,Be Yourself,Rock alternativo,Estados Unidos,0.5285593569900047,0.31713561419400277,281,183,378,4,224,291.75,0,,0.5,0,7,0,3,4
Led Zeppelin|||Babe I'm Gonna Leave You|||NONE,Led Zeppelin,Babe I'm Gonna Leave You,Hard rock,Reino Unido,0.6324928727400194,0.3162464363700097,191,41,341,6,78,237.0,0,,0.25,0,23,0,4,11
Steve Vai|||For the Love of God|||NONE,Steve Vai,For the Love of God,Rock instrumental,Estados Unidos,0.6324345399403339,0.31621726997016697,185,53,317,10,91,196.0,0,,0.4166666666666667,0,23,0,4,11
Foghat|||Stone Blue|||NONE,Foghat,Stone Blue,Hard rock,Reino Unido,0.6306276292066392,0.3153138146033196,216,171,261,2,124,127.5,0,,0.1,0,19,0,0,12
Depeche Mode|||Personal Jesus|||NONE,Depeche Mode,Personal Jesus,Música eletrônica,Reino Unido,0.5253635396911978,0.31521812381471864,124,49,199,1,69,69.0,0,,0.5,0,1,1,1,1
Bob Dylan|||Jokerman|||NONE,Bob Dylan,Jokerman,Folk,Estados Unidos,0.6299017781368869,0.31495088906844343,213,63,363,12,98,203.58333333333334,0,,0.5,0,23,0,4,8
Ira!|||Núcleo Base|||NONE,Ira!,Núcleo Base,Rock,Brasil,0.5245062227035853,0.31470373362215115,131,56,206,1,64,64.0,0,,0.5,0,1,1,1,1
Ozzy Osbourne|||Goodbye to Romance|||NONE,Ozzy Osbourne,Goodbye to Romance,Heavy metal,Reino Unido,0.6285632967208112,0.3142816483604056,316,166,466,2,165,288.0,0,,0.09523809523809523,0,20,0,0,16
Matchbox Twenty|||Bent|||NONE,Matchbox Twenty,Bent,Rock alternativo,Estados Unidos,0.3924742990679868,0.3139794392543895,393,318,468,1,487,487.0,1,487.0,1.0,1,0,1,2,0
Lynyrd Skynyrd|||Gimme back my bullets|||NONE,Lynyrd Skynyrd,Gimme back my bullets,Southern rock,Estados Unidos,0.6271357092809161,0.31356785464045805,244,94,394,2,143,249.0,0,,0.11764705882352941,0,16,0,0,10
The Youngbloods|||Get Together|||NONE,The Youngbloods,Get Together,Folk rock,Estados Unidos,0.6259958508100674,0.3129979254050337,236,86,386,3,54,222.33333333333334,0,,0.12,0,24,0,4,19
The Cult|||Love|||NONE,The Cult,Love,Hard rock,Reino Unido,0.6258963008118847,0.31294815040594237,376,226,500,5,197,315.6,0,,0.29411764705882354,0,16,0,3,5
Raul Seixas|||Eu Nasci Há 10 Mil Anos Atrás|||NONE,Raul Seixas,Eu Nasci Há 10 Mil Anos Atrás,Rock,Brasil,0.5215046580301,0.31290279481806,179,104,254,1,82,82.0,0,,0.5,0,1,1,1,1
Queen|||One Vision|||NONE,Queen,One Vision,Rock,Reino Unido,0.6241211931622455,0.31206059658112273,256,149,363,4,117,166.75,0,,0.21052631578947367,0,18,0,3,6
Bruce Springsteen|||Glory Days|||NONE,Bruce Springsteen,Glory Days,Rock,Estados Unidos,0.623366759687697,0.3116833798438485,317,167,467,7,155,367.42857142857144,0,,0.28,0,24,0,3,7
Boston|||Rock and Roll Band|||NONE,Boston,Rock and Roll Band,Hard rock,Estados Unidos,0.6231378614284084,0.3115689307142042,344,215,472,5,282,368.6,0,,0.23809523809523808,0,20,0,3,10
Jethro Tull|||Too Old to Rock 'n' Roll: Too Young to Die|||NONE,Jethro Tull,Too Old to Rock 'n' Roll: Too Young to Die,Rock progressivo,Reino Unido,0.6229962442493168,0.3114981221246584,319,169,469,4,160,405.5,0,,0.16,0,24,0,3,15
Joy Division|||Transmission|||NONE,Joy Division,Transmission,Pós-punk,Reino Unido,0.518803689098692,0.3112822134592152,352,202,500,4,188,326.5,0,,0.19047619047619047,0,20,0,3,4
38 Special|||Back Where You Belong|||NONE,38 Special,Back Where You Belong,Southern rock,Estados Unidos,0.6216011052648225,0.31080055263241124,213,63,363,3,132,251.66666666666666,0,,0.15,0,19,0,3,12
Supertramp|||It's Raining Again|||NONE,Supertramp,It's Raining Again,Rock progressivo,Reino Unido,0.5173464017211575,0.31040784103269453,344,265,423,6,297,362.5,0,,0.2727272727272727,0,21,0,3,4
"Ramones|||Baby, I Love You|||NONE",Ramones,"Baby, I Love You",Punk rock,Estados Unidos,0.4431905661633829,0.310233396314368,365,215,500,2,337,418.5,0,,0.10526315789473684,0,18,0,0,3
Oasis|||Stop Crying Your Heart Out|||NONE,Oasis,Stop Crying Your Heart Out,Rock alternativo,Reino Unido,0.6202311869326476,0.3101155934663238,292,142,442,3,164,302.0,0,,0.16666666666666666,0,17,0,3,6
Johnny Rivers|||Secret Agent Man|||NONE,Johnny Rivers,Secret Agent Man,Rock,Estados Unidos,0.6198727987213037,0.30993639936065187,259,141,376,12,167,353.1666666666667,0,,0.48,0,24,0,3,8
Jimi Hendrix|||Angel|||NONE,Jimi Hendrix,Angel,Rock psicodélico,Estados Unidos,0.6197990250511368,0.3098995125255684,245,95,395,7,160,314.85714285714283,0,,0.2916666666666667,0,23,0,3,9
Gotthard|||Anytime Anywhere|||NONE,Gotthard,Anytime Anywhere,Hard rock,Suíça,0.6197890183362178,0.3098945091681089,354,204,500,6,169,359.6666666666667,0,,0.3157894736842105,0,18,0,3,9
Phenomena|||Did It All For Love|||NONE,Phenomena,Did It All For Love,Hard rock,Reino Unido,0.6183701268695053,0.30918506343475266,285,135,435,5,89,282.6,0,,0.3125,0,15,0,4,9
Oasis|||Don't Go Away|||NONE,Oasis,Don't Go Away,Rock alternativo,Reino Unido,0.5152479202508489,0.3091487521505093,325,280,370,3,411,442.0,0,,0.375,0,7,0,3,4
Dio|||Dream On|||NONE,Dio,Dream On,Heavy metal,Estados Unidos,0.618042839107994,0.309021419553997,193,43,343,3,55,213.33333333333334,0,,0.1875,0,15,0,4,10
R.E.M.|||Everybody Hurts|||NONE,R.E.M.,Everybody Hurts,Rock alternativo,Estados Unidos,0.6179223631982073,0.30896118159910363,258,108,408,7,204,330.2857142857143,0,,0.3181818181818182,0,21,0,3,13
Roxy Music|||More Than This|||NONE,Roxy Music,More Than This,Art rock,Reino Unido,0.6173557541500749,0.30867787707503747,240,120,359,3,138,226.66666666666666,0,,0.13043478260869565,0,22,0,3,19
David Bowie|||Underground|||NONE,David Bowie,Underground,Art rock,Reino Unido,0.6173107252021519,0.30865536260107596,152,107,197,2,95,100.0,0,,0.16666666666666666,0,11,0,1,9
Guns N' Roses|||Estranged|||NONE,Guns N' Roses,Estranged,Hard rock,Estados Unidos,0.6167639232392771,0.30838196161963854,242,92,392,7,130,281.14285714285717,0,,0.3684210526315789,0,18,0,3,5
T.S.O.L.|||Flowers by the Door|||NONE,T.S.O.L.,Flowers by the Door,Punk,Estados Unidos,0.513037511514082,0.30782250690844914,338,188,488,6,226,377.8333333333333,0,,0.3157894736842105,0,18,0,3,4
Peter Frampton|||Do You Feel Like We Do|||ao vivo,Peter Frampton,Do You Feel Like We Do,Rock,Reino Unido,0.6143946089080401,0.30719730445402005,282,132,432,4,124,319.0,0,,0.21052631578947367,0,18,0,3,7
The Commitments|||In the Midnight Hour|||NONE,The Commitments,In the Midnight Hour,Soul,Estados Unidos,0.510990314229159,0.30659418853749537,313,207,418,4,277,379.25,0,,0.2,0,19,0,3,4
Humble Pie|||30 Days in the Hole|||NONE,Humble Pie,30 Days in the Hole,Hard rock,Reino Unido,0.6124623060087283,0.30623115300436415,261,111,411,2,161,235.5,0,,0.08,0,24,0,0,22
George Harrison|||Dark Horse|||NONE,George Harrison,Dark Horse,Rock,Reino Unido,0.6119605870976244,0.3059802935488122,268,118,418,4,117,265.25,0,,0.17391304347826086,0,22,0,3,12
The Cult|||Rain|||NONE,The Cult,Rain,Hard rock,Reino Unido,0.6118369848503602,0.3059184924251801,292,142,442,11,113,326.6363636363636,0,,0.5,0,21,0,3,5
Big Country|||In a Big Country|||NONE,Big Country,In a Big Country,New wave,Reino Unido,0.43649305725571,0.305545140078997,311,200,422,11,309,412.90909090909093,0,,0.5,0,21,0,3,3
Alice in Chains|||Them Bones|||NONE,Alice in Chains,Them Bones,Grunge,Estados Unidos,0.610683939566009,0.3053419697830045,257,107,407,3,149,339.0,0,,0.2,0,14,0,3,5
Alice in Chains|||Heaven Beside You|||NONE,Alice in Chains,Heaven Beside You,Grunge,Estados Unidos,0.5087524477374892,0.3052514686424935,295,145,445,2,260,354.0,0,,0.09523809523809523,0,20,0,0,4
Bad Company|||Shooting Star|||NONE,Bad Company,Shooting Star,Blues rock,Reino Unido,0.6095980195129179,0.30479900975645896,265,115,415,6,114,332.1666666666667,0,,0.2727272727272727,0,21,0,3,15
Robert Plant|||I Believe|||NONE,Robert Plant,I Believe,Hard rock,Reino Unido,0.5077145292919935,0.30462871757519605,236,104,368,3,83,135.33333333333334,0,,0.15,0,19,0,4,4
Ramones|||We Want the Airwaves|||NONE,Ramones,We Want the Airwaves,Punk rock,Estados Unidos,0.6088705882918435,0.30443529414592174,243,102,384,3,75,168.66666666666666,0,,0.17647058823529413,0,16,0,4,8
Skid Row|||I Remember You|||NONE,Skid Row,I Remember You,Heavy metal,Estados Unidos,0.6080481128375179,0.30402405641875896,267,117,417,2,101,210.5,0,,0.10526315789473684,0,18,0,0,13
AC/DC|||For Those About to Rock (We Salute You)|||NONE,AC/DC,For Those About to Rock (We Salute You),Hard rock,Austrália,0.6078666608330398,0.3039333304165199,155,5,305,12,14,157.91666666666666,0,,0.5,0,23,0,4,5
Joe Cocker|||Don't Let Me Be Misunderstood|||NONE,Joe Cocker,Don't Let Me Be Misunderstood,Classic rock,Reino Unido,0.6070609220927049,0.30353046104635245,285,135,435,3,159,317.0,0,,0.12,0,24,0,3,19
Rush|||Cold Fire|||NONE,Rush,Cold Fire,Rock progressivo,Canadá,0.6059227998812049,0.30296139994060245,330,180,480,6,174,327.6666666666667,0,,0.35294117647058826,0,16,0,3,6
Dave Matthews Band|||Crash into Me|||NONE,Dave Matthews Band,Crash into Me,Rock,Estados Unidos,0.605752678732713,0.3028763393663565,240,93,387,2,133,202.5,0,,0.16666666666666666,0,11,0,0,9
Lenny Kravitz|||Can't Get You Off My Mind|||NONE,Lenny Kravitz,Can't Get You Off My Mind,Rock,Estados Unidos,0.6055127572539686,0.3027563786269843,201,156,246,2,104,107.0,0,,0.1,0,19,0,0,12
Hot Chocolate|||You Sexy Thing|||NONE,Hot Chocolate,You Sexy Thing,Pop soul,Reino Unido,0.6051187784086476,0.3025593892043238,265,115,415,2,112,255.5,0,,0.11764705882352941,0,16,0,0,15
Iron Maiden|||The Reincarnation of Benjamin Breeg|||NONE,Iron Maiden,The Reincarnation of Benjamin Breeg,Heavy metal,Reino Unido,0.6050046553839892,0.3025023276919946,194,44,344,3,51,282.3333333333333,0,,0.15789473684210525,0,18,0,4,11
The Beatles|||Here Comes the Sun|||NONE,The Beatles,Here Comes the Sun,Rock,Reino Unido,0.6039495028340771,0.30197475141703856,219,71,368,6,95,191.33333333333334,0,,0.25,0,23,0,4,5
Boston|||Don't Look Back|||NONE,Boston,Don't Look Back,Hard rock,Estados Unidos,0.6024018374747144,0.3012009187373572,216,136,297,5,138,195.8,0,,0.25,0,19,0,3,10
Extreme|||Hole Hearted|||NONE,Extreme,Hole Hearted,Hard rock,Estados Unidos,0.6022700940034474,0.3011350470017237,319,169,469,3,188,318.3333333333333,0,,0.16666666666666666,0,17,0,3,15
Genesis|||Dancing with the Moonlit Knight|||NONE,Genesis,Dancing with the Moonlit Knight,Rock progressivo,Reino Unido,0.6020846021520413,0.30104230107602065,308,158,458,2,150,317.5,0,,0.08,0,24,0,0,23
Simon & Garfunkel|||Mrs. Robinson|||NONE,Simon & Garfunkel,Mrs. Robinson,Folk rock,Estados Unidos,0.601750234212684,0.300875117106342,247,97,397,2,148,228.5,0,,0.08,0,24,0,0,20
Creedence Clearwater Revival|||Someday Never Comes|||NONE,Creedence Clearwater Revival,Someday Never Comes,Swamp rock,Estados Unidos,0.6017177968338335,0.30085889841691676,326,281,371,2,487,488.5,0,,0.09090909090909091,0,21,0,0,17
Rare Earth|||I Just Want to Celebrate|||NONE,Rare Earth,I Just Want to Celebrate,Rock psicodélico,Estados Unidos,0.6015407031875138,0.3007703515937569,235,91,379,2,189,257.0,0,,0.08,0,24,0,0,22
Journey|||Remember Me|||NONE,Journey,Remember Me,Hard rock,Estados Unidos,0.600246214822888,0.300123107411444,210,60,360,5,29,190.0,0,,0.25,0,19,0,4,5
Bachman–Turner Overdrive|||Takin' Care of Business|||NONE,Bachman–Turner Overdrive,Takin' Care of Business,Rock,Canadá,0.6002166749001961,0.3001083374500981,320,209,430,10,288,411.3,0,,0.4,0,24,0,3,9
Rush|||Animate|||NONE,Rush,Animate,Rock progressivo,Canadá,0.5998631823756133,0.29993159118780666,287,242,332,2,207,213.0,0,,0.16666666666666666,0,11,0,0,9
Led Zeppelin|||Hey Hey What Can I Do|||NONE,Led Zeppelin,Hey Hey What Can I Do,Hard rock,Reino Unido,0.5996295683705265,0.29981478418526325,254,104,404,6,111,283.6666666666667,0,,0.375,0,15,0,3,7
Mott the Hoople|||Sweet Jane|||NONE,Mott the Hoople,Sweet Jane,Glam rock,Reino Unido,0.5991326479185903,0.29956632395929517,242,188,297,2,97,122.5,0,,0.1,0,19,0,1,16
Echo & the Bunnymen|||The Game|||NONE,Echo & the Bunnymen,The Game,Pós-punk,Reino Unido,0.5990772427227828,0.2995386213613914,370,220,500,3,183,391.3333333333333,0,,0.13636363636363635,0,21,0,3,17
The Jimi Hendrix Experience|||Little Wing|||NONE,The Jimi Hendrix Experience,Little Wing,Rock psicodélico,Estados Unidos,0.5976624561972048,0.2988312280986024,248,98,398,10,77,320.5,0,,0.4,0,24,0,4,12
Queen|||Fat Bottomed Girls|||NONE,Queen,Fat Bottomed Girls,Rock,Reino Unido,0.4973823198290945,0.29842939189745665,211,61,361,10,45,297.4,0,,0.47619047619047616,0,20,0,4,4
Iron Maiden|||Satellite 15... The Final Frontier|||NONE,Iron Maiden,Satellite 15... The Final Frontier,Heavy metal,Reino Unido,0.596477858323313,0.2982389291616565,178,28,328,3,142,249.66666666666666,0,,0.21428571428571427,0,13,0,3,9
Yes|||Soon|||NONE,Yes,Soon,Rock progressivo,Reino Unido,0.5964273520467371,0.29821367602336857,220,70,370,10,130,241.5,0,,0.4166666666666667,0,23,0,3,10
Eric Clapton|||I Can't Stand It|||NONE,Eric Clapton,I Can't Stand It,Rock,Reino Unido,0.5957555445815845,0.29787777229079226,342,192,492,8,147,380.75,0,,0.3333333333333333,0,23,0,3,8
Steppenwolf|||The Pusher|||NONE,Steppenwolf,The Pusher,Hard rock,Estados Unidos,0.5956845858453454,0.2978422929226727,222,72,372,3,114,272.3333333333333,0,,0.12,0,24,0,3,22
U2|||All I Want Is You|||NONE,U2,All I Want Is You,Rock,Irlanda,0.5955678255354535,0.29778391276772675,234,159,309,2,167,167.0,0,,0.09090909090909091,0,21,0,0,17
Supergrass|||Alright|||NONE,Supergrass,Alright,Britpop,Reino Unido,0.5950181053729645,0.29750905268648226,171,21,321,3,75,179.0,0,,0.15,0,19,0,4,12
The Cranberries|||Linger|||NONE,The Cranberries,Linger,Rock alternativo,Irlanda,0.49580568590606156,0.29748341154363694,279,129,429,3,200,328.6666666666667,0,,0.42857142857142855,0,6,0,3,4
Siouxsie and the Banshees|||The Passenger|||NONE,Siouxsie and the Banshees,The Passenger,Pós-punk,Reino Unido,0.5944051139221859,0.29720255696109293,189,39,339,4,83,184.25,0,,0.2,0,19,0,4,12
Genesis|||Firth of Fifth|||NONE,Genesis,Firth of Fifth,Rock progressivo,Reino Unido,0.5941298041675341,0.29706490208376707,242,141,342,2,163,210.5,0,,0.08333333333333333,0,23,0,0,11
Yes|||I've Seen All Good People|||NONE,Yes,I've Seen All Good People,Rock progressivo,Reino Unido,0.5940336914903547,0.29701684574517734,289,244,334,3,333,355.6666666666667,0,,0.13043478260869565,0,22,0,3,17
Lloyd Cole and the Commotions|||Jennifer She Said|||NONE,Lloyd Cole and the Commotions,Jennifer She Said,Indie pop,Reino Unido,0.5937202880515493,0.29686014402577465,238,193,283,2,99,102.5,0,,0.1,0,19,0,1,12
Ted Nugent|||Cat Scratch Fever|||NONE,Ted Nugent,Cat Scratch Fever,Hard rock,Estados Unidos,0.5933785752317373,0.29668928761586866,271,121,421,4,46,216.5,0,,0.16,0,24,0,4,11
Chicago|||25 or 6 to 4|||NONE,Chicago,25 or 6 to 4,Pop rock,Estados Unidos,0.5924882594116493,0.29624412970582464,220,70,370,2,154,248.5,0,,0.08,0,24,0,0,22
The Beatles|||Strawberry Fields Forever|||NONE,The Beatles,Strawberry Fields Forever,Rock,Reino Unido,0.5923940657625909,0.29619703288129545,216,66,366,6,60,172.83333333333334,0,,0.24,0,24,0,4,8
Heart|||If Looks Could Kill|||NONE,Heart,If Looks Could Kill,Rock,Estados Unidos,0.5913955529306314,0.2956977764653157,370,273,467,9,244,357.1111111111111,0,,0.36,0,24,0,3,12
The Rolling Stones|||Out of Tears|||NONE,The Rolling Stones,Out of Tears,Rock,Reino Unido,0.5911304854502469,0.29556524272512347,244,94,394,3,23,194.0,0,,0.17647058823529413,0,16,0,4,8
Eddie Vedder|||Drive|||NONE,Eddie Vedder,Drive,Rock acústico,Estados Unidos,0.36927590253833925,0.29542072203067143,335,260,410,1,480,480.0,1,480.0,1.0,1,0,1,2,0
Poison|||Every Rose Has Its Thorn|||NONE,Poison,Every Rose Has Its Thorn,Glam metal,Estados Unidos,0.49233145231984643,0.29539887139190785,301,151,451,2,240,332.5,0,,0.14285714285714285,0,13,0,0,4
Engenheiros do Hawaii|||Infinita Highway|||NONE,Engenheiros do Hawaii,Infinita Highway,Rock alternativo,Brasil,0.492179706327753,0.29530782379665177,102,27,177,1,60,60.0,0,,0.5,0,1,1,1,1
Focus|||Sylvia|||NONE,Focus,Sylvia,Rock progressivo,Países Baixos,0.5905706670151712,0.2952853335075856,316,194,438,10,144,352.9,0,,0.43478260869565216,0,22,0,3,12
Warren Zevon|||Werewolves of London|||NONE,Warren Zevon,Werewolves of London,Folk rock,Estados Unidos,0.5900259906319999,0.29501299531599995,191,146,236,2,72,73.5,0,,0.1,0,19,0,1,12
Autograph|||Turn Up the Radio|||NONE,Autograph,Turn Up the Radio,Glam metal,Estados Unidos,0.5899695999420351,0.29498479997101756,275,125,425,6,25,292.8333333333333,0,,0.3,0,19,0,4,13
Uriah Heep|||The Wizard|||NONE,Uriah Heep,The Wizard,Hard rock,Reino Unido,0.5894004136512043,0.29470020682560216,285,240,330,2,192,208.0,0,,0.09523809523809523,0,20,0,0,5
"Neil Young and Crazy Horse|||My My, Hey Hey|||NONE",Neil Young and Crazy Horse,"My My, Hey Hey",Folk rock,Estados Unidos,0.5889056457036537,0.29445282285182683,235,85,385,9,27,276.6666666666667,0,,0.391304347826087,0,22,0,4,9
Def Leppard|||Foolin'|||NONE,Def Leppard,Foolin',Hard rock,Reino Unido,0.5881717338497977,0.29408586692489885,220,70,370,4,97,297.25,0,,0.21052631578947367,0,18,0,4,9
Deep Purple|||This Time Around|||NONE,Deep Purple,This Time Around,Hard rock,Reino Unido,0.5871996350483984,0.2935998175241992,237,87,387,6,143,241.66666666666666,0,,0.25,0,23,0,3,9
David Bowie|||Changes|||NONE,David Bowie,Changes,Art rock,Reino Unido,0.5870423527785915,0.29352117638929576,276,161,392,6,186,288.6666666666667,0,,0.24,0,24,0,3,12
Queen|||Keep Yourself Alive|||NONE,Queen,Keep Yourself Alive,Rock,Reino Unido,0.5869056488341012,0.2934528244170506,265,138,391,5,194,259.8,0,,0.22727272727272727,0,21,0,3,6
Roy Orbison|||You Got It|||NONE,Roy Orbison,You Got It,Rock and roll,Estados Unidos,0.5863932636042849,0.29319663180214245,323,173,473,9,119,347.1111111111111,0,,0.36,0,24,0,3,5
Mr. Mister|||Broken Wings|||NONE,Mr. Mister,Broken Wings,New wave,Estados Unidos,0.5863086258513832,0.2931543129256916,152,72,233,2,96,134.0,0,,0.09523809523809523,0,20,0,1,19
INXS|||Beautiful Girl|||NONE,INXS,Beautiful Girl,Rock,Austrália,0.4883906499348543,0.2930343899609126,321,232,409,5,306,358.2,0,,0.22727272727272727,0,21,0,3,4
Van Halen|||5150|||NONE,Van Halen,5150,Hard rock,Estados Unidos,0.4883870633848527,0.2930322380309116,295,145,445,2,63,272.0,0,,0.18181818181818182,0,10,0,1,4
W.E.T.|||One Love|||NONE,W.E.T.,One Love,Hard rock,Suécia,0.5860566508470035,0.29302832542350177,345,195,495,2,174,335.5,0,,0.16666666666666666,0,11,0,0,9
Van Morrison|||Wild Night|||NONE,Van Morrison,Wild Night,Folk rock,Reino Unido,0.5852567923243112,0.2926283961621556,304,259,349,2,157,163.0,0,,0.1,0,19,0,0,12
Steppenwolf|||Magic Carpet Ride|||NONE,Steppenwolf,Magic Carpet Ride,Hard rock,Estados Unidos,0.5839240742422218,0.2919620371211109,230,80,380,3,44,246.0,0,,0.12,0,24,0,4,15
The Jam|||That's Entertainment|||NONE,The Jam,That's Entertainment,New wave,Reino Unido,0.5838976519079221,0.29194882595396104,180,135,225,2,74,76.0,0,,0.1,0,19,0,1,12
Live|||Selling the Drama|||NONE,Live,Selling the Drama,Rock alternativo,Estados Unidos,0.5835819794842988,0.2917909897421494,318,168,468,6,75,271.0,0,,0.3,0,19,0,4,7
Anathema|||Untouchable Part 1|||NONE,Anathema,Untouchable Part 1,Rock progressivo,Reino Unido,0.5831107387469961,0.2915553693734981,236,86,386,3,71,286.6666666666667,0,,0.3333333333333333,0,8,0,4,5
Creedence Clearwater Revival|||Long As I Can See the Light|||NONE,Creedence Clearwater Revival,Long As I Can See the Light,Swamp rock,Estados Unidos,0.5820786127750018,0.2910393063875009,229,79,379,5,48,276.8,0,,0.20833333333333334,0,23,0,4,14
"The Beatles|||Hello, Goodbye|||NONE",The Beatles,"Hello, Goodbye",Rock,Reino Unido,0.5820031567459533,0.29100157837297663,239,89,389,5,126,256.6,0,,0.20833333333333334,0,23,0,3,7
Lou Reed|||Perfect Day|||NONE,Lou Reed,Perfect Day,Art rock,Estados Unidos,0.581913079764736,0.290956539882368,246,96,396,7,148,303.2857142857143,0,,0.3181818181818182,0,21,0,3,9
Queen|||Who Wants to Live Forever|||NONE,Queen,Who Wants to Live Forever,Rock,Reino Unido,0.5818911092346394,0.2909455546173197,266,116,416,5,58,245.8,0,,0.22727272727272727,0,21,0,4,15
Bad Company|||Can't Get Enough|||NONE,Bad Company,Can't Get Enough,Blues rock,Reino Unido,0.5815374209274767,0.29076871046373837,263,113,413,10,132,308.0,0,,0.4,0,24,0,3,6
Led Zeppelin|||Dazed and Confused|||NONE,Led Zeppelin,Dazed and Confused,Hard rock,Reino Unido,0.5803242449091477,0.29016212245457385,267,117,417,5,115,239.8,0,,0.20833333333333334,0,23,0,3,13
"Bachman–Turner Overdrive|||Down, Down|||NONE",Bachman–Turner Overdrive,"Down, Down",Rock,Canadá,0.5782655399769758,0.2891327699884879,281,209,354,9,282,346.6666666666667,0,,0.4090909090909091,0,21,0,3,11
David Bowie|||As The World Falls Down|||NONE,David Bowie,As The World Falls Down,Art rock,Reino Unido,0.5781274522607871,0.28906372613039355,336,291,381,3,444,477.3333333333333,0,,0.13636363636363635,0,21,0,3,17
Dio|||All the Fools Sailed Away|||NONE,Dio,All the Fools Sailed Away,Heavy metal,Estados Unidos,0.578080836256641,0.2890404181283205,292,179,404,2,213,266.0,0,,0.13333333333333333,0,14,0,0,11
Travis|||Sing|||NONE,Travis,Sing,Britpop,Reino Unido,0.36121293628331874,0.288970349026655,362,287,437,1,485,485.0,1,485.0,1.0,1,0,1,2,0
Jethro Tull|||Thick As A Brick|||NONE,Jethro Tull,Thick As A Brick,Rock progressivo,Reino Unido,0.5774965667363167,0.28874828336815833,240,102,378,2,138,203.0,0,,0.08333333333333333,0,23,0,0,22
Fleetwood Mac|||Go Your Own Way|||NONE,Fleetwood Mac,Go Your Own Way,Rock,Reino Unido,0.5770127310346785,0.28850636551733927,330,277,383,3,126,149.66666666666666,0,,0.15,0,19,0,3,12
Slipknot|||Vermilion part 2|||NONE,Slipknot,Vermilion part 2,Nu metal,Estados Unidos,0.3604859888523712,0.28838879108189697,259,184,334,1,449,449.0,1,449.0,1.0,1,0,1,2,0
Thin Lizzy|||Jailbreak|||NONE,Thin Lizzy,Jailbreak,Hard rock,Irlanda,0.576229254756584,0.288114627378292,283,133,433,7,108,290.85714285714283,0,,0.28,0,24,0,3,12
Led Zeppelin|||The Rain Song|||NONE,Led Zeppelin,The Rain Song,Hard rock,Reino Unido,0.5761188681306365,0.28805943406531825,296,251,341,2,189,194.0,0,,0.08333333333333333,0,23,0,0,11
Foo Fighters|||Generator|||NONE,Foo Fighters,Generator,Rock,Estados Unidos,0.3598311525979966,0.28786492207839726,255,180,330,1,453,453.0,1,453.0,1.0,1,0,1,2,0
Starship|||We Built This City|||NONE,Starship,We Built This City,Rock,Estados Unidos,0.5752152311780404,0.2876076155890202,205,55,355,2,81,225.0,0,,0.09523809523809523,0,20,0,1,19
Cream|||Cross Road Blues|||NONE,Cream,Cross Road Blues,Rock psicodélico,Reino Unido,0.5745956896476833,0.28729784482384163,236,86,386,9,55,269.6666666666667,0,,0.391304347826087,0,22,0,4,7
The Police|||So Lonely|||NONE,The Police,So Lonely,New wave,Reino Unido,0.5745571979276825,0.2872785989638412,290,140,440,2,136,280.5,0,,0.08,0,24,0,0,17
The Sweet|||Action|||NONE,The Sweet,Action,Glam rock,Reino Unido,0.5741713125427583,0.28708565627137916,157,7,307,6,12,283.6666666666667,0,,0.2608695652173913,0,22,0,4,13
Kansas|||Play the Game Tonight|||NONE,Kansas,Play the Game Tonight,Rock progressivo,Estados Unidos,0.5740401305993086,0.2870200652996543,374,225,500,5,249,373.8,0,,0.2,0,24,0,3,17
Slade|||Cum on Feel the Noize|||NONE,Slade,Cum on Feel the Noize,Glam rock,Reino Unido,0.5737486876933553,0.28687434384667765,263,172,355,6,206,297.8333333333333,0,,0.2857142857142857,0,20,0,3,10
The Allman Brothers Band|||Ramblin' Man|||NONE,The Allman Brothers Band,Ramblin' Man,Southern rock,Estados Unidos,0.5737067738881741,0.2868533869440871,268,118,418,8,46,321.0,0,,0.32,0,24,0,4,13
Pink Floyd|||Shine On You Crazy Diamond|||NONE,Pink Floyd,Shine On You Crazy Diamond,Rock progressivo,Reino Unido,0.5736158038760181,0.28680790193800904,199,49,349,7,41,200.42857142857142,0,,0.2916666666666667,0,23,0,4,5
Genesis|||That's All|||NONE,Genesis,That's All,Rock progressivo,Reino Unido,0.5731178730918717,0.28655893654593584,265,115,415,8,60,277.5,0,,0.32,0,24,0,4,9
Audioslave|||Show Me How to Live|||NONE,Audioslave,Show Me How to Live,Rock alternativo,Estados Unidos,0.5730759105584695,0.28653795527923476,123,1,273,2,14,230.5,0,,0.25,0,7,0,1,5
Uriah Heep|||Gypsy|||NONE,Uriah Heep,Gypsy,Hard rock,Reino Unido,0.5728791321865928,0.2864395660932964,270,120,420,4,187,302.25,0,,0.16,0,24,0,3,14
Eric Clapton|||Tears in Heaven|||acústica,Eric Clapton,Tears in Heaven,Rock,Reino Unido,0.572673451213435,0.2863367256067175,277,127,427,3,172,276.0,0,,0.13636363636363635,0,21,0,3,18
Metallica|||Seek & Destroy|||NONE,Metallica,Seek & Destroy,Thrash metal,Estados Unidos,0.5726569960249965,0.28632849801249827,174,24,324,4,31,151.25,0,,0.21052631578947367,0,18,0,4,13
Deep Purple|||Lazy|||NONE,Deep Purple,Lazy,Hard rock,Reino Unido,0.572394371685339,0.2861971858426695,270,120,420,4,155,219.5,0,,0.16666666666666666,0,23,0,3,18
The Moody Blues|||Talking Out of Turn|||NONE,The Moody Blues,Talking Out of Turn,Rock progressivo,Reino Unido,0.5722172224371717,0.28610861121858583,367,217,500,2,173,332.5,0,,0.09523809523809523,0,20,0,0,19
James Gang|||Walk Away|||NONE,James Gang,Walk Away,Hard rock,Estados Unidos,0.5716342685212967,0.28581713426064836,298,148,448,4,244,411.25,0,,0.16666666666666666,0,23,0,3,12
John Mellencamp|||Small Town|||NONE,John Mellencamp,Small Town,Rock,Estados Unidos,0.5712696305450877,0.28563481527254386,304,154,454,5,169,337.0,0,,0.20833333333333334,0,23,0,3,9
Men at Work|||Who Can It Be Now?|||NONE,Men at Work,Who Can It Be Now?,New wave,Austrália,0.4760129632672602,0.28560777796035614,211,62,359,3,53,163.66666666666666,0,,0.25,0,11,0,4,4
Linkin Park|||Faint|||NONE,Linkin Park,Faint,Rock alternativo,Estados Unidos,0.4758419175178647,0.2855051505107188,313,163,463,2,273,354.5,0,,0.3333333333333333,0,5,0,0,4
Tears for Fears|||Advice for the Young at Heart|||NONE,Tears for Fears,Advice for the Young at Heart,New wave,Reino Unido,0.5708858879581801,0.28544294397909004,286,241,331,2,371,372.5,0,,0.09090909090909091,0,21,0,0,17
Pete Townshend|||Face the Face|||NONE,Pete Townshend,Face the Face,Rock,Reino Unido,0.5708089065884665,0.28540445329423325,252,102,402,3,90,325.6666666666667,0,,0.13043478260869565,0,22,0,4,19
The Clash|||Tommy Gun|||NONE,The Clash,Tommy Gun,Punk rock,Reino Unido,0.5700206902581336,0.2850103451290668,309,159,459,4,27,306.25,0,,0.25,0,15,0,4,8
Kiss|||Hard Luck Woman|||NONE,Kiss,Hard Luck Woman,Hard rock,Estados Unidos,0.5699160346919576,0.2849580173459788,349,227,470,6,294,413.1666666666667,0,,0.24,0,24,0,3,7
Pink Floyd|||Us and Them|||NONE,Pink Floyd,Us and Them,Rock progressivo,Reino Unido,0.5696215080568124,0.2848107540284062,325,175,475,5,67,236.4,0,,0.20833333333333334,0,23,0,4,13
Buddy Holly|||Peggy Sue|||NONE,Buddy Holly,Peggy Sue,Rock,Estados Unidos,0.5688305791720152,0.2844152895860076,242,92,392,2,131,234.5,0,,0.08,0,24,0,0,20
Bruce Springsteen|||Streets of Philadelphia|||NONE,Bruce Springsteen,Streets of Philadelphia,Rock,Estados Unidos,0.5684919268739389,0.28424596343696945,316,166,466,4,57,255.5,0,,0.18181818181818182,0,21,0,4,18
Green Day|||Good Riddance (Time of Your Life)|||NONE,Green Day,Good Riddance (Time of Your Life),Punk rock,Estados Unidos,0.4736942289777783,0.28421653738666697,307,157,457,3,223,366.3333333333333,0,,0.25,0,11,0,3,4
The Rolling Stones|||Anybody Seen My Baby?|||NONE,The Rolling Stones,Anybody Seen My Baby?,Rock,Reino Unido,0.47365951684167334,0.284195710105004,334,246,422,2,362,403.5,0,,0.25,0,7,0,0,4
The Beatles|||Eight Days a Week|||NONE,The Beatles,Eight Days a Week,Rock,Reino Unido,0.5680184247332776,0.2840092123666388,219,69,369,4,26,298.0,0,,0.16666666666666666,0,23,0,4,11
Coldplay|||Clocks|||NONE,Coldplay,Clocks,Rock alternativo,Reino Unido,0.5676137212974883,0.28380686064874416,316,271,361,2,354,356.0,0,,0.10526315789473684,0,18,0,0,17
Freddie Mercury|||I Was Born to Love You|||NONE,Freddie Mercury,I Was Born to Love You,Rock,Reino Unido,0.5675019248849766,0.2837509624424883,208,58,358,5,86,271.0,0,,0.25,0,19,0,4,6
Dire Straits|||Tunnel of Love|||NONE,Dire Straits,Tunnel of Love,Rock,Reino Unido,0.5667615850148836,0.2833807925074418,283,229,337,2,216,241.5,0,,0.08695652173913043,0,22,0,0,11
"Jesus Jones|||Right Here, Right Now|||NONE",Jesus Jones,"Right Here, Right Now",Rock alternativo,Reino Unido,0.5663564359844292,0.2831782179922146,385,235,500,2,98,294.5,0,,0.11764705882352941,0,16,0,1,12
The Beatles|||The Long and Winding Road|||NONE,The Beatles,The Long and Winding Road,Rock,Reino Unido,0.5647569110954668,0.2823784555477334,256,139,373,3,131,221.0,0,,0.125,0,23,0,3,17
Iron Maiden|||2 Minutes to Midnight|||NONE,Iron Maiden,2 Minutes to Midnight,Heavy metal,Reino Unido,0.5645617884837781,0.28228089424188907,261,111,411,3,121,254.66666666666666,0,,0.125,0,23,0,3,13
Alice Cooper|||Perfect|||NONE,Alice Cooper,Perfect,Hard rock,Estados Unidos,0.5643787419065236,0.2821893709532618,302,152,452,3,117,317.3333333333333,0,,0.17647058823529413,0,16,0,3,8
Nickelback|||Those Days|||NONE,Nickelback,Those Days,Hard rock,Canadá,0.3524313634697607,0.28194509077580854,326,251,401,1,483,483.0,1,483.0,1.0,1,0,1,2,0
The Who|||Heaven and Hell|||NONE,The Who,Heaven and Hell,Rock,Reino Unido,0.5638810886555778,0.2819405443277889,207,141,272,2,108,139.0,0,,0.11764705882352941,0,16,0,0,10
Jefferson Airplane|||Volunteers|||NONE,Jefferson Airplane,Volunteers,Rock psicodélico,Estados Unidos,0.563444779648654,0.281722389824327,290,140,440,5,119,309.4,0,,0.2,0,24,0,3,14
Creedence Clearwater Revival|||Suzie Q|||NONE,Creedence Clearwater Revival,Suzie Q,Swamp rock,Estados Unidos,0.5633593858882101,0.28167969294410505,319,169,469,8,118,283.25,0,,0.32,0,24,0,3,13
New Order|||Bizarre Love Triangle|||NONE,New Order,Bizarre Love Triangle,New wave,Reino Unido,0.402348921953495,0.2816442453674465,268,178,359,3,253,293.3333333333333,0,,0.5,0,5,0,3,3
The Nixons|||Sister|||NONE,The Nixons,Sister,Pós-grunge,Estados Unidos,0.56318412156726,0.28159206078363,282,231,333,3,259,280.0,0,,0.16666666666666666,0,17,0,3,12
The Alan Parsons Project|||Time|||NONE,The Alan Parsons Project,Time,Rock progressivo,Reino Unido,0.5628350854351304,0.2814175427175652,266,116,416,5,192,303.4,0,,0.20833333333333334,0,23,0,3,18
Wings|||Silly Love Songs|||NONE,Wings,Silly Love Songs,Pop rock,Reino Unido,0.5621736181648072,0.2810868090824036,235,85,385,2,92,292.0,0,,0.08,0,24,0,1,19
The Commitments|||Mustang Sally|||NONE,The Commitments,Mustang Sally,Soul,Estados Unidos,0.5620493159362888,0.2810246579681444,312,162,462,4,210,364.25,0,,0.18181818181818182,0,21,0,3,7
The Beach Boys|||Good Vibrations|||NONE,The Beach Boys,Good Vibrations,Rock,Estados Unidos,0.5611424747618822,0.2805712373809411,254,104,404,4,149,264.0,0,,0.16,0,24,0,3,20
Red Hot Chili Peppers|||Can't Stop|||NONE,Red Hot Chili Peppers,Can't Stop,Rock,Estados Unidos,0.46737466852071263,0.28042480111242757,334,272,397,4,371,409.5,0,,0.5,0,7,0,3,4
The Turtles|||Happy Together|||NONE,The Turtles,Happy Together,Pop rock,Estados Unidos,0.5597966792547883,0.27989833962739413,334,227,440,8,255,382.0,0,,0.32,0,24,0,3,13
Uriah Heep|||Fallen Angel|||NONE,Uriah Heep,Fallen Angel,Hard rock,Reino Unido,0.5591314134096677,0.2795657067048338,273,129,417,6,182,288.1666666666667,0,,0.2857142857142857,0,20,0,3,8
"The Sweet|||Funny, Funny|||NONE",The Sweet,"Funny, Funny",Glam rock,Reino Unido,0.5589272975873806,0.2794636487936903,303,153,453,4,188,330.75,0,,0.2,0,19,0,3,9
Nazareth|||Love Leads to Madness|||NONE,Nazareth,Love Leads to Madness,Hard rock,Reino Unido,0.5586264841199631,0.27931324205998154,210,60,360,4,95,194.75,0,,0.2,0,19,0,4,10
Queen|||Innuendo|||NONE,Queen,Innuendo,Rock,Reino Unido,0.5574039119125823,0.27870195595629116,326,176,476,2,71,276.5,0,,0.125,0,15,0,1,13
The Romantics|||Talking in Your Sleep|||NONE,The Romantics,Talking in Your Sleep,New wave,Estados Unidos,0.5571083634224565,0.27855418171122825,371,326,416,2,484,485.5,0,,0.09090909090909091,0,21,0,0,17
Kiss|||Beth|||NONE,Kiss,Beth,Hard rock,Estados Unidos,0.556301120017751,0.2781505600088755,318,168,467,5,254,309.8,0,,0.20833333333333334,0,23,0,3,10
Living Colour|||Glamour Boys|||NONE,Living Colour,Glamour Boys,Funk metal,Estados Unidos,0.556285794556102,0.278142897278051,202,52,352,3,74,179.33333333333334,0,,0.14285714285714285,0,20,0,4,16
Queen|||Play the Game|||NONE,Queen,Play the Game,Rock,Reino Unido,0.5560843979902907,0.2780421989951454,354,204,500,6,228,387.3333333333333,0,,0.2727272727272727,0,21,0,3,8
David Coverdale|||Love Is Blind|||NONE,David Coverdale,Love Is Blind,Rock,Reino Unido,0.556080429196545,0.2780402145982725,298,176,419,7,199,356.0,0,,0.3181818181818182,0,21,0,3,12
The Rolling Stones|||Love Is Strong|||NONE,The Rolling Stones,Love Is Strong,Rock,Reino Unido,0.555326417721572,0.277663208860786,229,79,379,3,15,229.0,0,,0.15,0,19,0,4,7
Rush|||The Big Money|||NONE,Rush,The Big Money,Rock progressivo,Canadá,0.5551531522638689,0.2775765761319344,320,170,470,7,40,319.7142857142857,0,,0.30434782608695654,0,22,0,4,10
Wings|||My Love|||NONE,Wings,My Love,Rock,Reino Unido,0.554559664228757,0.2772798321143785,300,150,450,2,209,303.5,0,,0.09090909090909091,0,21,0,0,20
The Knack|||My Sharona|||NONE,The Knack,My Sharona,Power pop,Estados Unidos,0.5541375702853418,0.2770687851426709,316,166,466,9,77,331.6666666666667,0,,0.36,0,24,0,4,6
Whitesnake|||Fool for Your Loving|||NONE,Whitesnake,Fool for Your Loving,Hard rock,Reino Unido,0.5533644017224563,0.27668220086122813,307,157,457,5,196,322.0,0,,0.23809523809523808,0,20,0,3,8
Tommy James & the Shondells|||Mony Mony|||NONE,Tommy James & the Shondells,Mony Mony,Rock psicodélico,Estados Unidos,0.5531244905880979,0.27656224529404894,245,95,395,2,136,210.5,0,,0.08,0,24,0,0,22
The B-52's|||Love Shack|||NONE,The B-52's,Love Shack,New wave,Estados Unidos,0.553004779006324,0.276502389503162,328,228,429,7,299,406.7142857142857,0,,0.3181818181818182,0,21,0,3,5
Kiss|||We Are One|||NONE,Kiss,We Are One,Hard rock,Estados Unidos,0.5529233334442405,0.27646166672212025,262,112,412,9,147,347.44444444444446,0,,0.4090909090909091,0,21,0,3,8
Electric Light Orchestra|||Livin' Thing|||NONE,Electric Light Orchestra,Livin' Thing,Rock progressivo,Reino Unido,0.5525937250808783,0.27629686254043917,316,271,361,2,468,470.0,0,,0.08333333333333333,0,23,0,0,20
The Who|||The Seeker|||NONE,The Who,The Seeker,Rock,Reino Unido,0.4602926791633233,0.27617560749799397,238,88,388,2,24,128.5,0,,0.125,0,15,0,1,4
Peter Frampton|||Show Me the Way|||ao vivo,Peter Frampton,Show Me the Way,Rock,Reino Unido,0.5517955570505856,0.2758977785252928,288,180,396,3,217,299.6666666666667,0,,0.3,0,9,0,3,7
Nazareth|||Dream On|||NONE,Nazareth,Dream On,Hard rock,Reino Unido,0.5511811875924998,0.2755905937962499,249,204,294,3,204,218.33333333333334,0,,0.15,0,19,0,3,16
Tears for Fears|||Break It Down Again|||NONE,Tears for Fears,Break It Down Again,New wave,Reino Unido,0.4593027897784636,0.27558167386707816,255,146,365,3,269,348.6666666666667,0,,0.375,0,7,0,3,4
Angra|||Lisbon|||NONE,Angra,Lisbon,Power metal,Brasil,0.5509328946884346,0.2754664473442173,331,181,481,3,166,375.3333333333333,0,,0.16666666666666666,0,17,0,3,13
The Spencer Davis Group|||Gimme Some Lovin'|||NONE,The Spencer Davis Group,Gimme Some Lovin',Blues britânico,Reino Unido,0.5505651303231309,0.27528256516156546,239,89,389,2,129,218.0,0,,0.08,0,24,0,0,22
Janis Joplin|||Cry Baby|||NONE,Janis Joplin,Cry Baby,Rock psicodélico,Estados Unidos,0.5505405989348143,0.27527029946740716,251,101,401,9,31,267.44444444444446,0,,0.375,0,23,0,4,6
Mountain|||Mississippi Queen|||NONE,Mountain,Mississippi Queen,Hard rock,Estados Unidos,0.5504700397732768,0.2752350198866384,264,158,370,3,177,220.66666666666666,0,,0.12,0,24,0,3,22
The Alan Parsons Project|||Games People Play|||NONE,The Alan Parsons Project,Games People Play,Rock progressivo,Reino Unido,0.5502638766508349,0.27513193832541744,347,197,497,3,193,363.3333333333333,0,,0.125,0,23,0,3,10
The J.B. Pickers|||Freedom Of Expression|||NONE,The J.B. Pickers,Freedom Of Expression,Rock,Estados Unidos,0.5501608433645676,0.2750804216822838,243,93,393,4,60,202.25,0,,0.17391304347826086,0,22,0,4,12
Ramones|||Do You Remember Rock 'n' Roll Radio?|||NONE,Ramones,Do You Remember Rock 'n' Roll Radio?,Punk rock,Estados Unidos,0.5498426151590221,0.27492130757951105,142,1,292,2,30,147.5,0,,0.08333333333333333,0,23,0,1,16
The Wallflowers|||One Headlight|||NONE,The Wallflowers,One Headlight,Rock alternativo,Estados Unidos,0.5498276538976377,0.27491382694881883,157,7,307,2,26,245.5,0,,0.13333333333333333,0,14,0,1,13
Status Quo|||In the Army Now|||NONE,Status Quo,In the Army Now,Rock,Reino Unido,0.5496437739610726,0.2748218869805363,313,163,463,6,68,238.5,0,,0.3,0,19,0,4,9
Echo & the Bunnymen|||Silver|||NONE,Echo & the Bunnymen,Silver,Pós-punk,Reino Unido,0.5495377902960846,0.2747688951480423,285,135,435,3,123,200.33333333333334,0,,0.15,0,19,0,3,10
Santana|||Hold On|||NONE,Santana,Hold On,Rock latino,Estados Unidos,0.5485288055199529,0.27426440275997643,351,267,434,5,341,368.2,0,,0.20833333333333334,0,23,0,3,16
Yes|||Hold On|||NONE,Yes,Hold On,Rock progressivo,Reino Unido,0.5485002674200692,0.2742501337100346,265,219,311,6,223,253.33333333333334,0,,0.2608695652173913,0,22,0,3,5
David Bowie|||Space Oddity|||NONE,David Bowie,Space Oddity,Art rock,Reino Unido,0.5479007627476902,0.2739503813738451,247,97,397,5,23,185.6,0,,0.2,0,24,0,4,17
Led Zeppelin|||Travelling Riverside Blues|||NONE,Led Zeppelin,Travelling Riverside Blues,Hard rock,Reino Unido,0.5476942815422786,0.2738471407711393,355,310,400,3,332,358.3333333333333,0,,0.125,0,23,0,3,17
The Beatles|||I Want to Hold Your Hand|||NONE,The Beatles,I Want to Hold Your Hand,Rock,Reino Unido,0.5476706491547624,0.2738353245773812,265,115,415,6,126,225.16666666666666,0,,0.25,0,23,0,3,7
The Clash|||This Is Radio Clash|||NONE,The Clash,This Is Radio Clash,Punk rock,Reino Unido,0.5470706942513675,0.2735353471256837,268,118,418,2,169,283.0,0,,0.08695652173913043,0,22,0,0,15
Grand Funk Railroad|||Bad Time|||NONE,Grand Funk Railroad,Bad Time,Hard rock,Estados Unidos,0.5469924679482224,0.2734962339741112,293,143,443,3,122,279.6666666666667,0,,0.12,0,24,0,3,15
Billy Joel|||Uptown Girl|||NONE,Billy Joel,Uptown Girl,Rock,Estados Unidos,0.5467986854486186,0.2733993427243093,284,219,350,2,229,260.0,0,,0.1,0,19,0,0,18
Red Hot Chili Peppers|||Scar Tissue|||NONE,Red Hot Chili Peppers,Scar Tissue,Rock,Estados Unidos,0.5466391742055999,0.27331958710279997,340,216,463,6,260,350.8333333333333,0,,0.35294117647058826,0,16,0,3,5
Bob Dylan|||Mr. Tambourine Man|||NONE,Bob Dylan,Mr. Tambourine Man,Folk,Estados Unidos,0.5463587124688004,0.2731793562344002,301,151,451,5,191,368.6,0,,0.2,0,24,0,3,19
"Morrissey|||Irish Blood, English Heart|||NONE",Morrissey,"Irish Blood, English Heart",Rock alternativo,Reino Unido,0.5444648257005585,0.27223241285027927,330,180,480,2,192,308.5,0,,0.1111111111111111,0,17,0,0,16
Green Day|||She|||NONE,Green Day,She,Punk rock,Estados Unidos,0.45368023369174165,0.27220814021504497,340,270,410,4,370,416.0,0,,0.26666666666666666,0,14,0,3,4
Lenny Kravitz|||Are You Gonna Go My Way|||NONE,Lenny Kravitz,Are You Gonna Go My Way,Rock,Estados Unidos,0.4536764223434541,0.27220585340607245,323,257,388,4,293,351.75,0,,0.5,0,7,0,3,4
King Crimson|||Epitaph|||NONE,King Crimson,Epitaph,Rock progressivo,Reino Unido,0.5441986929852805,0.2720993464926402,319,271,367,2,353,375.5,0,,0.08,0,24,0,0,23
Queen|||I Want It All|||NONE,Queen,I Want It All,Rock,Reino Unido,0.5437802296426812,0.2718901148213406,257,107,407,12,54,252.91666666666666,0,,0.5,0,23,0,4,5
Gerry Rafferty|||Baker Street|||NONE,Gerry Rafferty,Baker Street,Rock,Reino Unido,0.5434095458113408,0.2717047729056704,151,106,196,2,98,112.5,0,,0.08,0,24,0,1,23
Plebe Rude|||Até Quando Esperar|||NONE,Plebe Rude,Até Quando Esperar,Punk rock,Brasil,0.45282752722762665,0.271696516336576,195,120,270,1,97,97.0,0,,0.5,0,1,1,1,1
B. B. King|||My Lucille|||NONE,B. B. King,My Lucille,Blues,Estados Unidos,0.543360692802493,0.2716803464012465,293,148,439,2,197,265.5,0,,0.08695652173913043,0,22,0,0,20
Pink Floyd|||On the Turning Away|||NONE,Pink Floyd,On the Turning Away,Rock progressivo,Reino Unido,0.5430274698986006,0.2715137349493003,276,231,321,2,337,352.0,0,,0.08695652173913043,0,22,0,0,21
INXS|||Original Sin|||NONE,INXS,Original Sin,Rock,Austrália,0.45153385894005793,0.27092031536403477,321,276,366,3,464,486.6666666666667,0,,0.13636363636363635,0,21,0,3,4
Santana|||Black Magic Woman|||NONE,Santana,Black Magic Woman,Rock latino,Estados Unidos,0.5412036035116925,0.27060180175584625,316,215,418,3,344,402.6666666666667,0,,0.13043478260869565,0,22,0,3,14
Cat Stevens|||Morning Has Broken|||NONE,Cat Stevens,Morning Has Broken,Folk,Reino Unido,0.5402937584204147,0.27014687921020736,297,147,447,5,135,334.8,0,,0.2,0,24,0,3,8
The B-52's|||Roam|||NONE,The B-52's,Roam,New wave,Estados Unidos,0.5400136298420204,0.2700068149210102,274,229,319,3,239,269.0,0,,0.13636363636363635,0,21,0,3,16
The Carpenters|||Please Mr. Postman|||NONE,The Carpenters,Please Mr. Postman,Pop,Estados Unidos,0.5400125879223328,0.2700062939611664,288,243,333,2,431,450.0,0,,0.08,0,24,0,0,23
Led Zeppelin|||For Your Life|||NONE,Led Zeppelin,For Your Life,Hard rock,Reino Unido,0.5399627589698355,0.26998137948491774,278,205,351,3,203,239.0,0,,0.23076923076923078,0,12,0,3,9
David Coverdale|||Too Many Tears|||NONE,David Coverdale,Too Many Tears,Hard rock,Reino Unido,0.5396582254446639,0.26982911272233195,258,213,303,4,414,430.0,0,,0.18181818181818182,0,21,0,3,8
Lou Reed|||Satellite of Love|||NONE,Lou Reed,Satellite of Love,Art rock,Estados Unidos,0.5391013491174598,0.2695506745587299,254,104,404,6,59,222.83333333333334,0,,0.2857142857142857,0,20,0,4,9
Nazareth|||Razamanaz|||NONE,Nazareth,Razamanaz,Hard rock,Reino Unido,0.537985097558933,0.2689925487794665,302,188,416,4,249,358.25,0,,0.19047619047619047,0,20,0,3,10
America|||Ventura Highway|||NONE,America,Ventura Highway,Soft rock,Reino Unido,0.5369216967874526,0.2684608483937263,297,225,368,5,221,304.8,0,,0.22727272727272727,0,21,0,3,14
Lynyrd Skynyrd|||Saturday Night Special|||NONE,Lynyrd Skynyrd,Saturday Night Special,Southern rock,Estados Unidos,0.5365457947007433,0.26827289735037163,315,270,360,2,373,385.0,0,,0.09523809523809523,0,20,0,0,16
The Rolling Stones|||Harlem Shuffle|||NONE,The Rolling Stones,Harlem Shuffle,Rock,Reino Unido,0.536272911625305,0.2681364558126525,345,213,477,6,286,391.0,0,,0.35294117647058826,0,16,0,3,8
Deep Purple|||Stormbringer|||NONE,Deep Purple,Stormbringer,Hard rock,Reino Unido,0.5360357951237272,0.2680178975618636,288,138,438,2,327,402.5,0,,0.08333333333333333,0,23,0,0,5
Elvis Presley|||Hound Dog|||NONE,Elvis Presley,Hound Dog,Rock and roll,Estados Unidos,0.5359321721496422,0.2679660860748211,218,68,368,6,44,205.5,0,,0.24,0,24,0,4,8
Creedence Clearwater Revival|||I Heard It Through the Grapevine|||NONE,Creedence Clearwater Revival,I Heard It Through the Grapevine,Swamp rock,Estados Unidos,0.5356920534929379,0.26784602674646896,279,129,429,7,119,263.85714285714283,0,,0.2916666666666667,0,23,0,3,8
Dishwalla|||Counting Blue Cars|||NONE,Dishwalla,Counting Blue Cars,Rock alternativo,Estados Unidos,0.5356344041646799,0.26781720208233994,382,232,500,5,91,325.8,0,,0.25,0,19,0,4,6
Simple Minds|||Mandela Day|||NONE,Simple Minds,Mandela Day,New wave,Reino Unido,0.535353888310381,0.2676769441551905,292,179,405,6,300,410.8333333333333,0,,0.2727272727272727,0,21,0,3,9
Faith No More|||From Out of Nowhere|||NONE,Faith No More,From Out of Nowhere,Metal alternativo,Estados Unidos,0.4460316398841031,0.26761898393046185,284,239,329,2,431,438.5,0,,0.13333333333333333,0,14,0,0,4
Billy Squier|||The Stroke|||NONE,Billy Squier,The Stroke,Hard rock,Estados Unidos,0.5351357643448853,0.26756788217244265,380,297,463,6,337,422.6666666666667,0,,0.25,0,23,0,3,14
The Beatles|||She Came In Through the Bathroom Window|||NONE,The Beatles,She Came In Through the Bathroom Window,Rock,Reino Unido,0.5348950804461504,0.2674475402230752,259,120,398,2,210,275.5,0,,0.08,0,24,0,0,23
Paul McCartney|||New|||NONE,Paul McCartney,New,Rock,Reino Unido,0.5348456522155206,0.2674228261077603,283,133,433,2,208,314.0,0,,0.18181818181818182,0,10,0,0,9
The Zombies|||Time of the Season|||NONE,The Zombies,Time of the Season,Pop barroco,Reino Unido,0.5335224836173004,0.2667612418086502,299,152,446,5,203,371.8,0,,0.2,0,24,0,3,14
Aerosmith|||Mama Kin|||NONE,Aerosmith,Mama Kin,Hard rock,Estados Unidos,0.5329543397726363,0.26647716988631814,204,54,354,2,47,243.5,0,,0.08333333333333333,0,23,0,1,15
The Beatles|||Please Please Me|||NONE,The Beatles,Please Please Me,Rock,Reino Unido,0.37973292156768396,0.26581304509737874,190,40,340,3,198,348.0,0,,0.125,0,23,0,3,3
The Allman Brothers Band|||Jessica|||NONE,The Allman Brothers Band,Jessica,Southern rock,Estados Unidos,0.5305373757772431,0.26526868788862157,306,156,456,2,233,351.5,0,,0.08,0,24,0,0,23
David Bowie|||Young Americans|||NONE,David Bowie,Young Americans,Art rock,Reino Unido,0.5302938876517108,0.2651469438258554,295,174,416,2,224,281.0,0,,0.08,0,24,0,0,7
Creedence Clearwater Revival|||Up Around the Bend|||NONE,Creedence Clearwater Revival,Up Around the Bend,Swamp rock,Estados Unidos,0.5302635000655489,0.26513175003277445,311,161,461,4,108,288.75,0,,0.18181818181818182,0,21,0,3,8
Supertramp|||Fool's Overture|||NONE,Supertramp,Fool's Overture,Rock progressivo,Reino Unido,0.5302048578341164,0.2651024289170582,316,166,466,3,192,333.3333333333333,0,,0.13636363636363635,0,21,0,3,15
Genesis|||Home by the Sea|||NONE,Genesis,Home by the Sea,Rock progressivo,Reino Unido,0.5296503545647947,0.26482517728239735,322,172,472,5,264,364.4,0,,0.22727272727272727,0,21,0,3,9
The Hollies|||Bus Stop|||NONE,The Hollies,Bus Stop,Pop rock,Reino Unido,0.5293377852657087,0.26466889263285437,277,127,427,4,68,246.25,0,,0.16,0,24,0,4,20
Ray Charles|||Hit the Road Jack|||NONE,Ray Charles,Hit the Road Jack,Jazz,Estados Unidos,0.5293318014317984,0.2646659007158992,275,125,425,5,157,306.2,0,,0.2,0,24,0,3,18
"The Police|||De Do Do Do, De Da Da Da|||NONE",The Police,"De Do Do Do, De Da Da Da",New wave,Reino Unido,0.5292735324637197,0.26463676623185983,354,282,426,4,364,432.75,0,,0.17391304347826086,0,22,0,3,16
"Joe Satriani|||Always With Me, Always With You|||NONE",Joe Satriani,"Always With Me, Always With You",Rock,Estados Unidos,0.529176435164321,0.2645882175821605,337,187,487,4,196,332.75,0,,0.16666666666666666,0,23,0,3,18
Arc Angels|||Sent by Angels|||NONE,Arc Angels,Sent by Angels,Blues rock,Estados Unidos,0.529138025277791,0.2645690126388955,282,170,393,5,315,439.2,0,,0.22727272727272727,0,21,0,3,6
The Monkees|||Last Train to Clarksville|||NONE,The Monkees,Last Train to Clarksville,Pop rock,Estados Unidos,0.5289058792211463,0.26445293961057315,300,150,450,2,137,305.0,0,,0.08,0,24,0,0,23
Queen|||A Kind of Magic|||NONE,Queen,A Kind of Magic,Rock,Reino Unido,0.5287986802233715,0.26439934011168575,171,21,321,10,23,245.2,0,,0.45454545454545453,0,21,0,4,6
David Bowie and Pat Metheny Group|||This Is Not America|||NONE,David Bowie and Pat Metheny Group,This Is Not America,Synth-pop,Reino Unido,0.5286127353880864,0.2643063676940432,351,232,471,5,295,362.0,0,,0.22727272727272727,0,21,0,3,7
The Monkees|||(Theme From) The Monkees|||NONE,The Monkees,(Theme From) The Monkees,Pop rock,Estados Unidos,0.5284550274962025,0.2642275137481013,241,196,286,2,207,208.0,0,,0.08,0,24,0,0,23
INXS|||By My Side|||NONE,INXS,By My Side,Rock,Austrália,0.43982897433826973,0.2638973846029618,312,235,388,8,289,340.75,0,,0.36363636363636365,0,21,0,3,4
John Lennon|||Mind Games|||NONE,John Lennon,Mind Games,Rock,Reino Unido,0.5269989881206775,0.26349949406033873,287,150,425,5,284,398.0,0,,0.20833333333333334,0,23,0,3,11
Survivor|||Burning Heart|||NONE,Survivor,Burning Heart,Rock,Estados Unidos,0.5268570124189591,0.26342850620947955,386,290,482,5,294,400.4,0,,0.21739130434782608,0,22,0,3,15
Lou Reed|||Walk on the Wild Side|||NONE,Lou Reed,Walk on the Wild Side,Art rock,Estados Unidos,0.526712258185489,0.2633561290927445,247,97,397,7,111,308.57142857142856,0,,0.28,0,24,0,3,12
Queen|||Spread Your Wings|||NONE,Queen,Spread Your Wings,Rock,Reino Unido,0.5264016957314588,0.2632008478657294,268,150,385,4,231,339.5,0,,0.18181818181818182,0,21,0,3,7
Aerosmith|||Same Old Song and Dance|||NONE,Aerosmith,Same Old Song and Dance,Hard rock,Estados Unidos,0.5258249188839385,0.2629124594419692,326,281,371,2,359,376.5,0,,0.08333333333333333,0,23,0,0,14
Bee Gees|||Massachusetts|||NONE,Bee Gees,Massachusetts,Disco,Reino Unido,0.5256918404093388,0.2628459202046694,215,65,365,2,192,276.5,0,,0.08,0,24,0,0,23
David Bowie|||The Man Who Sold the World|||NONE,David Bowie,The Man Who Sold the World,Art rock,Reino Unido,0.5255037730918223,0.26275188654591114,244,94,394,6,113,254.16666666666666,0,,0.2857142857142857,0,20,0,3,5
Genesis|||Land of Confusion|||NONE,Genesis,Land of Confusion,Rock progressivo,Reino Unido,0.5251221889721455,0.26256109448607273,232,187,277,2,132,134.5,0,,0.16666666666666666,0,11,0,0,9
George Harrison|||What Is Life|||NONE,George Harrison,What Is Life,Rock,Reino Unido,0.5245735032617089,0.26228675163085446,216,66,366,2,97,176.0,0,,0.08,0,24,0,1,22
Mott the Hoople|||All the Young Dudes|||NONE,Mott the Hoople,All the Young Dudes,Glam rock,Reino Unido,0.5244037675139932,0.2622018837569966,242,92,392,4,171,273.5,0,,0.16,0,24,0,3,20
Ugly Kid Joe|||Cat's in the Cradle|||NONE,Ugly Kid Joe,Cat's in the Cradle,Hard rock,Estados Unidos,0.5241443552172546,0.2620721776086273,373,328,418,2,427,446.5,0,,0.14285714285714285,0,13,0,0,6
Public Image Ltd.|||Rise|||NONE,Public Image Ltd.,Rise,Pós-punk,Reino Unido,0.5237442695570177,0.26187213477850885,349,225,474,4,223,289.5,0,,0.18181818181818182,0,21,0,3,17
The Police|||Can't Stand Losing You|||NONE,The Police,Can't Stand Losing You,New wave,Reino Unido,0.5237140061575896,0.2618570030787948,324,218,430,4,258,363.25,0,,0.23529411764705882,0,16,0,3,6
George Harrison|||Got My Mind Set on You|||NONE,George Harrison,Got My Mind Set on You,Rock,Reino Unido,0.5236427195666992,0.2618213597833496,362,212,500,3,289,410.6666666666667,0,,0.12,0,24,0,3,10
America|||Sister Golden Hair|||NONE,America,Sister Golden Hair,Soft rock,Reino Unido,0.5236371955010607,0.26181859775053035,340,190,490,3,149,374.0,0,,0.13636363636363635,0,21,0,3,8
Jefferson Airplane|||White Rabbit|||NONE,Jefferson Airplane,White Rabbit,Rock psicodélico,Estados Unidos,0.5229399357205725,0.26146996786028626,229,79,379,6,25,324.5,0,,0.24,0,24,0,4,13
Bob Seger|||Turn the Page|||NONE,Bob Seger,Turn the Page,Rock,Estados Unidos,0.5228715398976861,0.26143576994884304,306,219,393,8,349,425.75,0,,0.34782608695652173,0,22,0,3,12
David Lee Roth|||Just Like Paradise|||NONE,David Lee Roth,Just Like Paradise,Rock,Estados Unidos,0.5228568652077206,0.2614284326038603,353,308,398,2,467,480.0,0,,0.125,0,15,0,0,14
INXS|||Mystify|||NONE,INXS,Mystify,Rock,Austrália,0.4356865169324887,0.2614119101594932,303,153,453,2,223,321.5,0,,0.3333333333333333,0,5,0,0,4
Rush|||Something For Nothing|||NONE,Rush,Something For Nothing,Rock progressivo,Canadá,0.5226953935629147,0.26134769678145736,279,129,429,2,71,263.5,0,,0.1,0,19,0,1,13
Marillion|||Beautiful|||NONE,Marillion,Beautiful,Rock progressivo,Reino Unido,0.5225095987840901,0.26125479939204505,300,177,423,3,253,347.3333333333333,0,,0.13636363636363635,0,21,0,3,14
Joan Jett & the Blackhearts|||I Hate Myself for Loving You|||NONE,Joan Jett & the Blackhearts,I Hate Myself for Loving You,Rock,Estados Unidos,0.52211965121166,0.26105982560583,352,202,500,6,109,365.5,0,,0.35294117647058826,0,16,0,3,5
Grand Funk Railroad|||Footstompin´music|||NONE,Grand Funk Railroad,Footstompin´music,Hard rock,Estados Unidos,0.521658832517883,0.2608294162589415,250,100,400,3,61,275.6666666666667,0,,0.13043478260869565,0,22,0,4,16
Echo & the Bunnymen|||The Cutter|||NONE,Echo & the Bunnymen,The Cutter,Pós-punk,Reino Unido,0.4344900816102818,0.26069404896616905,318,211,424,2,259,309.0,0,,0.09523809523809523,0,20,0,0,4
Foreigner|||Hot Blooded|||NONE,Foreigner,Hot Blooded,Rock,Estados Unidos,0.5212629878609326,0.2606314939304663,328,270,385,2,339,366.0,0,,0.08,0,24,0,0,22
Oingo Boingo|||Not My Slave|||NONE,Oingo Boingo,Not My Slave,New wave,Estados Unidos,0.5210972332069413,0.2605486166034707,254,209,299,2,139,145.5,0,,0.1,0,19,0,0,12
T. Rex|||20th Century Boy|||NONE,T. Rex,20th Century Boy,Glam rock,Reino Unido,0.5208027798894259,0.26040138994471296,244,94,394,5,30,276.8,0,,0.3125,0,15,0,4,9
Aerosmith|||Full Circle|||NONE,Aerosmith,Full Circle,Hard rock,Estados Unidos,0.5207706230866606,0.2603853115433303,295,148,441,5,275,390.2,0,,0.4166666666666667,0,11,0,3,6
The Who|||I Can See for Miles|||NONE,The Who,I Can See for Miles,Rock,Reino Unido,0.5202805200745675,0.26014026003728374,285,135,435,2,206,299.0,0,,0.08,0,24,0,0,8
Bruce Springsteen|||Human Touch|||NONE,Bruce Springsteen,Human Touch,Rock,Estados Unidos,0.5202468482274965,0.2601234241137482,300,155,445,4,253,375.0,0,,0.16,0,24,0,3,7
U2|||Gloria|||NONE,U2,Gloria,Rock,Irlanda,0.5201895167230592,0.2600947583615296,314,269,359,3,439,447.0,0,,0.13636363636363635,0,21,0,3,10
Scorpions|||Holiday|||NONE,Scorpions,Holiday,Hard rock,Alemanha,0.5198616890983535,0.25993084454917675,226,76,376,3,70,231.0,0,,0.14285714285714285,0,20,0,4,15
Megadeth|||Trust|||NONE,Megadeth,Trust,Thrash metal,Estados Unidos,0.5191560927733193,0.25957804638665966,291,147,435,2,265,333.0,0,,0.13333333333333333,0,14,0,0,13
John Mellencamp|||Jack & Diane|||NONE,John Mellencamp,Jack & Diane,Rock,Estados Unidos,0.5183850568013851,0.25919252840069257,306,156,456,3,188,316.0,0,,0.12,0,24,0,3,22
Jethro Tull|||Bourée|||NONE,Jethro Tull,Bourée,Rock progressivo,Reino Unido,0.5183410668294958,0.2591705334147479,317,167,467,2,164,328.5,0,,0.08,0,24,0,0,23
The Beatles|||Lucy in the Sky with Diamonds|||NONE,The Beatles,Lucy in the Sky with Diamonds,Rock,Reino Unido,0.5179456249129527,0.25897281245647635,259,109,409,6,102,237.0,0,,0.24,0,24,0,3,15
The Lovin' Spoonful|||Do You Believe in Magic|||NONE,The Lovin' Spoonful,Do You Believe in Magic,Folk rock,Estados Unidos,0.5179117252302639,0.2589558626151319,290,140,440,4,100,361.75,0,,0.2,0,19,0,4,14
Foghat|||Fool For the City|||NONE,Foghat,Fool For the City,Hard rock,Reino Unido,0.5178771674686726,0.2589385837343363,263,187,339,4,285,349.75,0,,0.19047619047619047,0,20,0,3,11
Elvis Presley|||Tutti Frutti|||NONE,Elvis Presley,Tutti Frutti,Rock and roll,Estados Unidos,0.5177639048644561,0.25888195243222806,180,30,330,5,13,259.6,0,,0.20833333333333334,0,23,0,4,8
Wishbone Ash|||Vas Dis|||NONE,Wishbone Ash,Vas Dis,Rock progressivo,Reino Unido,0.5168980844059164,0.2584490422029582,291,172,410,2,246,302.0,0,,0.08,0,24,0,0,23
Rush|||La Villa Strangiato|||NONE,Rush,La Villa Strangiato,Rock progressivo,Canadá,0.5164261832444045,0.25821309162220224,279,226,332,2,197,222.0,0,,0.08333333333333333,0,23,0,0,13
Iron Maiden|||Heaven Can Wait|||NONE,Iron Maiden,Heaven Can Wait,Heavy metal,Reino Unido,0.5162335531759004,0.2581167765879502,282,132,432,6,31,339.1666666666667,0,,0.35294117647058826,0,16,0,4,6
Status Quo|||Roll Over Lay Down|||NONE,Status Quo,Roll Over Lay Down,Rock,Reino Unido,0.5161917372531285,0.25809586862656425,196,96,296,2,82,129.0,0,,0.11764705882352941,0,16,0,1,10
Eric Clapton|||Wonderful Tonight|||NONE,Eric Clapton,Wonderful Tonight,Rock,Reino Unido,0.5154672866521565,0.25773364332607823,292,142,442,6,82,208.0,0,,0.24,0,24,0,4,13
David Bowie|||Fame|||NONE,David Bowie,Fame,Art rock,Reino Unido,0.5148969389331921,0.25744846946659605,291,154,429,2,280,345.0,0,,0.18181818181818182,0,10,0,0,7
Elton John|||Goodbye Yellow Brick Road|||NONE,Elton John,Goodbye Yellow Brick Road,Pop,Reino Unido,0.513630505643674,0.256815252821837,240,90,390,2,121,275.5,0,,0.08,0,24,0,0,23
Status Quo|||Pictures of Matchstick Men|||NONE,Status Quo,Pictures of Matchstick Men,Rock,Reino Unido,0.5135495799676516,0.2567747899838258,216,66,366,2,120,265.5,0,,0.08,0,24,0,0,23
Electric Light Orchestra|||Hold on Tight|||NONE,Electric Light Orchestra,Hold on Tight,Rock progressivo,Reino Unido,0.5133394817923559,0.25666974089617794,364,319,409,4,333,366.25,0,,0.2,0,19,0,3,12
The Police|||King of Pain|||NONE,The Police,King of Pain,New wave,Reino Unido,0.5132398697435615,0.25661993487178075,333,233,433,3,244,293.3333333333333,0,,0.16666666666666666,0,17,0,3,6
Aerosmith|||Back in the Saddle|||NONE,Aerosmith,Back in the Saddle,Hard rock,Estados Unidos,0.512807531516285,0.2564037657581425,164,47,280,2,85,140.0,0,,0.08333333333333333,0,23,0,1,16
Iron Maiden|||Run to the Hills|||NONE,Iron Maiden,Run to the Hills,Heavy metal,Reino Unido,0.5117876614898733,0.25589383074493666,217,67,367,9,81,234.88888888888889,0,,0.375,0,23,0,4,5
Ozzy Osbourne|||Let Me Hear You Scream|||NONE,Ozzy Osbourne,Let Me Hear You Scream,Heavy metal,Reino Unido,0.5113495769352007,0.25567478846760033,353,203,500,2,134,301.5,0,,0.13333333333333333,0,14,0,0,13
Iron Butterfly|||In-A-Gadda-Da-Vida|||NONE,Iron Butterfly,In-A-Gadda-Da-Vida,Rock psicodélico,Estados Unidos,0.5113352434907142,0.2556676217453571,264,219,309,3,162,190.66666666666666,0,,0.12,0,24,0,3,22
Soundgarden|||Outshined|||NONE,Soundgarden,Outshined,Grunge,Estados Unidos,0.5106088277956993,0.25530441389784964,314,256,371,3,247,290.6666666666667,0,,0.1875,0,15,0,3,5
Mungo Jerry|||In the Summertime|||NONE,Mungo Jerry,In the Summertime,Pop rock,Reino Unido,0.5105646873790757,0.25528234368953784,305,239,370,4,243,306.25,0,,0.16,0,24,0,3,12
Eric Clapton|||Layla|||acústica,Eric Clapton,Layla,Rock,Reino Unido,0.510408961412808,0.255204480706404,241,91,391,4,67,243.75,0,,0.2,0,19,0,4,7
Paul McCartney|||Another Day|||NONE,Paul McCartney,Another Day,Rock,Reino Unido,0.5103254806312401,0.25516274031562003,212,111,312,2,79,126.5,0,,0.08,0,24,0,1,18
Ramones|||I Don't Want to Grow Up|||NONE,Ramones,I Don't Want to Grow Up,Punk rock,Estados Unidos,0.5099936394464976,0.2549968197232488,312,228,395,3,252,312.3333333333333,0,,0.25,0,11,0,3,7
Ike & Tina Turner|||Proud Mary|||NONE,Ike & Tina Turner,Proud Mary,Soul,Estados Unidos,0.5095491098616791,0.25477455493083956,258,108,408,3,83,203.0,0,,0.12,0,24,0,4,22
Whitesnake|||Judgement Day|||NONE,Whitesnake,Judgement Day,Hard rock,Reino Unido,0.5086438708090883,0.2543219354045442,281,198,363,2,302,341.0,0,,0.11764705882352941,0,16,0,0,15
Paul McCartney|||No More Lonely Nights|||NONE,Paul McCartney,No More Lonely Nights,Rock,Reino Unido,0.5084661208193025,0.25423306040965127,356,261,452,2,340,385.0,0,,0.08695652173913043,0,22,0,0,20
Janis Joplin|||Kozmic Blues|||NONE,Janis Joplin,Kozmic Blues,Rock psicodélico,Estados Unidos,0.5083020309120372,0.2541510154560186,286,241,331,2,472,483.5,0,,0.08333333333333333,0,23,0,0,19
Genesis|||I Know What I Like (In Your Wardrobe)|||NONE,Genesis,I Know What I Like (In Your Wardrobe),Rock progressivo,Reino Unido,0.5079979619808984,0.2539989809904492,276,231,321,3,382,385.3333333333333,0,,0.125,0,23,0,3,17
The Temptations|||My Girl|||NONE,The Temptations,My Girl,Soul,Estados Unidos,0.5072085734393273,0.2536042867196637,217,67,367,2,109,236.0,0,,0.08,0,24,0,0,21
Genesis|||No Reply at All|||NONE,Genesis,No Reply at All,Rock progressivo,Reino Unido,0.506992099928738,0.253496049964369,289,244,334,2,250,251.5,0,,0.08695652173913043,0,22,0,0,16
The Beach Boys|||California Girls|||NONE,The Beach Boys,California Girls,Rock,Estados Unidos,0.5067993124651039,0.25339965623255195,319,203,436,4,317,366.0,0,,0.19047619047619047,0,20,0,3,9
Buddy Guy|||Mustang Sally|||NONE,Buddy Guy,Mustang Sally,Blues,Estados Unidos,0.5065754345717743,0.25328771728588717,357,258,456,2,389,435.5,0,,0.09523809523809523,0,20,0,0,15
Alice Cooper|||I'm Eighteen|||NONE,Alice Cooper,I'm Eighteen,Hard rock,Estados Unidos,0.5063137565792487,0.25315687828962435,257,107,407,7,117,276.0,0,,0.28,0,24,0,3,9
XTC|||The Ballad of Peter Pumpkinhead|||NONE,XTC,The Ballad of Peter Pumpkinhead,New wave,Reino Unido,0.5060276803759662,0.2530138401879831,114,69,159,2,71,72.5,0,,0.1,0,19,0,1,12
B. B. King|||The Thrill Is Gone|||NONE,B. B. King,The Thrill Is Gone,Blues,Estados Unidos,0.5056764129899364,0.2528382064949682,234,84,384,3,119,272.0,0,,0.12,0,24,0,3,18
REO Speedwagon|||Keep On Loving You|||NONE,REO Speedwagon,Keep On Loving You,Rock,Estados Unidos,0.5052796714501756,0.2526398357250878,274,124,424,2,109,198.0,0,,0.1,0,19,0,0,15
Greta Van Fleet|||Safari Song|||NONE,Greta Van Fleet,Safari Song,Hard rock,Estados Unidos,0.5052343614786906,0.2526171807393453,174,24,324,2,25,129.0,0,,0.2857142857142857,0,6,0,1,5
John Lennon|||Woman|||NONE,John Lennon,Woman,Rock,Reino Unido,0.5045295971360405,0.25226479856802025,296,184,408,6,246,321.6666666666667,0,,0.24,0,24,0,3,10
Talking Heads|||Burning Down the House|||NONE,Talking Heads,Burning Down the House,New wave,Estados Unidos,0.5030823086474497,0.25154115432372487,340,295,385,2,341,354.5,0,,0.08695652173913043,0,22,0,0,15
The Beatles|||Lady Madonna|||NONE,The Beatles,Lady Madonna,Rock,Reino Unido,0.5021781815073288,0.2510890907536644,268,118,418,2,194,347.0,0,,0.08333333333333333,0,23,0,0,21
Iggy Pop|||Cry for Love|||NONE,Iggy Pop,Cry for Love,Punk rock,Estados Unidos,0.5021366570393678,0.2510683285196839,351,253,448,7,309,418.14285714285717,0,,0.30434782608695654,0,22,0,3,8
Elvis Presley|||Always on My Mind|||NONE,Elvis Presley,Always on My Mind,Rock and roll,Estados Unidos,0.5018073192951458,0.2509036596475729,289,139,439,6,132,328.1666666666667,0,,0.24,0,24,0,3,18
Pink Floyd|||Summer '68|||NONE,Pink Floyd,Summer '68,Rock progressivo,Reino Unido,0.5018072654378681,0.25090363271893407,228,121,335,8,166,235.25,0,,0.36363636363636365,0,21,0,3,5
Whitesnake|||Crying in the Rain|||NONE,Whitesnake,Crying in the Rain,Hard rock,Reino Unido,0.5015222760469853,0.25076113802349265,310,160,460,2,220,338.5,0,,0.11764705882352941,0,16,0,0,14
"Crosby, Stills, Nash & Young|||Carry On|||NONE","Crosby, Stills, Nash & Young",Carry On,Folk rock,Estados Unidos,0.5009500147417063,0.25047500737085315,292,160,424,5,235,380.4,0,,0.25,0,19,0,3,9
Janis Joplin|||Try (Just A Little Bit Harder)|||NONE,Janis Joplin,Try (Just A Little Bit Harder),Rock psicodélico,Estados Unidos,0.5005149498312383,0.25025747491561917,302,249,355,4,421,453.25,0,,0.16,0,24,0,3,18
The Beatles|||Oh! Darling|||NONE,The Beatles,Oh! Darling,Rock,Reino Unido,0.5004635720029628,0.2502317860014814,297,147,447,2,173,313.0,0,,0.09090909090909091,0,21,0,0,6
Van Morrison|||Brown Eyed Girl|||NONE,Van Morrison,Brown Eyed Girl,Folk rock,Reino Unido,0.5003114857348472,0.2501557428674236,318,168,468,7,191,364.57142857142856,0,,0.28,0,24,0,3,10
Led Zeppelin|||Heartbreaker|||NONE,Led Zeppelin,Heartbreaker,Hard rock,Reino Unido,0.5001653379701644,0.2500826689850822,313,235,391,4,357,388.75,0,,0.17391304347826086,0,22,0,3,13
Black Label Society|||The Last Goodbye|||NONE,Black Label Society,The Last Goodbye,Heavy metal,Estados Unidos,0.4997110259615831,0.24985551298079156,236,191,281,2,136,153.0,0,,0.16666666666666666,0,11,0,0,9
Grand Funk Railroad|||Sally|||NONE,Grand Funk Railroad,Sally,Hard rock,Estados Unidos,0.49969390697919186,0.24984695348959593,337,292,382,3,397,402.0,0,,0.13636363636363635,0,21,0,3,10
Queen|||Friends Will Be Friends|||NONE,Queen,Friends Will Be Friends,Rock,Reino Unido,0.4992981838997894,0.2496490919498947,313,163,463,3,218,329.0,0,,0.13043478260869565,0,22,0,3,13
The Rolling Stones|||Let's Spend the Night Together|||NONE,The Rolling Stones,Let's Spend the Night Together,Rock,Reino Unido,0.49873205946308324,0.24936602973154162,249,99,399,5,53,264.2,0,,0.20833333333333334,0,23,0,4,8
Guns N' Roses|||Sympathy for the Devil|||NONE,Guns N' Roses,Sympathy for the Devil,Hard rock,Estados Unidos,0.49819796367933267,0.24909898183966633,238,88,388,2,87,192.0,0,,0.11764705882352941,0,16,0,1,8
The Beatles|||I Should Have Known Better|||NONE,The Beatles,I Should Have Known Better,Rock,Reino Unido,0.4976075516479957,0.24880377582399785,346,196,496,4,183,417.25,0,,0.18181818181818182,0,21,0,3,15
The Byrds|||Mr. Tambourine Man|||NONE,The Byrds,Mr. Tambourine Man,Folk rock,Estados Unidos,0.49746503797058894,0.24873251898529447,257,124,389,5,258,349.2,0,,0.2,0,24,0,3,20
The Who|||Getting in Tune|||NONE,The Who,Getting in Tune,Rock,Reino Unido,0.49734157359485254,0.24867078679742627,263,218,308,2,214,231.0,0,,0.16666666666666666,0,11,0,0,9
Ritchie Valens|||La Bamba|||NONE,Ritchie Valens,La Bamba,Rock and roll,Estados Unidos,0.4963183069973989,0.24815915349869944,274,124,424,6,52,278.6666666666667,0,,0.2727272727272727,0,21,0,4,9
John Lennon with Plastic Ono Band|||Instant Karma!|||NONE,John Lennon with Plastic Ono Band,Instant Karma!,Pop rock,Reino Unido,0.49546984560873875,0.24773492280436937,264,114,414,3,52,196.66666666666666,0,,0.12,0,24,0,4,21
"Emerson, Lake & Palmer|||C'est la Vie|||NONE","Emerson, Lake & Palmer",C'est la Vie,Rock progressivo,Reino Unido,0.4953333032227639,0.24766665161138196,244,94,394,3,64,267.6666666666667,0,,0.13043478260869565,0,22,0,4,19
Ramones|||I Wanna Live|||NONE,Ramones,I Wanna Live,Punk rock,Estados Unidos,0.4951327125171966,0.2475663562585983,324,174,474,2,245,318.0,0,,0.11764705882352941,0,16,0,0,13
Foo Fighters|||All My Life|||NONE,Foo Fighters,All My Life,Rock,Estados Unidos,0.41211948773919865,0.24727169264351917,338,277,400,2,357,386.0,0,,0.25,0,7,0,0,4
The Guess Who|||These Eyes|||NONE,The Guess Who,These Eyes,Rock,Canadá,0.4938923708644702,0.2469461854322351,303,258,348,3,435,459.0,0,,0.125,0,23,0,3,8
Bruce Springsteen|||Hungry Heart|||NONE,Bruce Springsteen,Hungry Heart,Rock,Estados Unidos,0.4930291457677372,0.2465145728838686,304,259,349,2,329,340.5,0,,0.08,0,24,0,0,16
Blind Faith|||Sea Of Joy|||NONE,Blind Faith,Sea Of Joy,Blues rock,Reino Unido,0.4930245180865367,0.24651225904326834,311,266,356,2,392,395.5,0,,0.09523809523809523,0,20,0,0,13
Little Richard|||Long Tall Sally|||NONE,Little Richard,Long Tall Sally,Rock and roll,Estados Unidos,0.49282355099696157,0.24641177549848078,311,183,439,3,207,292.3333333333333,0,,0.12,0,24,0,3,20
The J. Geils Band|||Centerfold|||NONE,The J. Geils Band,Centerfold,Rock,Estados Unidos,0.4924385033601106,0.2462192516800553,384,283,486,3,369,447.0,0,,0.13043478260869565,0,22,0,3,14
Gary Numan|||Cars|||NONE,Gary Numan,Cars,New wave,Reino Unido,0.49227648330291046,0.24613824165145523,319,274,364,7,401,432.85714285714283,0,,0.3181818181818182,0,21,0,3,12
Dire Straits|||Your Latest Trick|||NONE,Dire Straits,Your Latest Trick,Rock,Reino Unido,0.4909466077188639,0.24547330385943195,285,240,330,2,452,453.0,0,,0.09090909090909091,0,21,0,0,17
Sex Pistols|||My Way|||NONE,Sex Pistols,My Way,Punk rock,Reino Unido,0.49077125052430776,0.24538562526215388,332,241,424,4,252,305.75,0,,0.16666666666666666,0,23,0,3,17
Santana|||Black Magic Woman/Gypsy Queen|||NONE,Santana,Black Magic Woman/Gypsy Queen,Rock latino,Estados Unidos,0.4898818820676478,0.2449409410338239,266,116,416,3,147,313.3333333333333,0,,0.12,0,24,0,3,13
Men at Work|||Overkill|||NONE,Men at Work,Overkill,New wave,Austrália,0.4896993371669923,0.24484966858349616,295,145,445,3,86,328.6666666666667,0,,0.15789473684210525,0,18,0,4,13
Uriah Heep|||Look at Yourself|||NONE,Uriah Heep,Look at Yourself,Hard rock,Reino Unido,0.48948337114923257,0.24474168557461629,260,208,312,2,292,316.5,0,,0.09523809523809523,0,20,0,0,16
Johnny Rivers|||You've Lost That Lovin' Feelin'|||NONE,Johnny Rivers,You've Lost That Lovin' Feelin',Rock,Estados Unidos,0.489294814442462,0.244647407221231,263,218,308,2,323,324.5,0,,0.09090909090909091,0,21,0,0,17
Joan Baez|||Blowin' in the Wind|||NONE,Joan Baez,Blowin' in the Wind,Folk,Estados Unidos,0.48922738697693197,0.24461369348846598,287,242,332,2,427,431.5,0,,0.09523809523809523,0,20,0,0,18
The Doors|||Waiting for the Sun|||NONE,The Doors,Waiting for the Sun,Rock psicodélico,Estados Unidos,0.48915915938567195,0.24457957969283597,201,51,351,3,12,280.6666666666667,0,,0.15789473684210525,0,18,0,4,12
The Pretenders|||Don't Get Me Wrong|||NONE,The Pretenders,Don't Get Me Wrong,Rock,Reino Unido,0.48795861598518747,0.24397930799259374,377,295,460,5,354,401.8,0,,0.2,0,24,0,3,15
The Beatles|||Nowhere Man|||NONE,The Beatles,Nowhere Man,Rock,Reino Unido,0.4877558619620664,0.2438779309810332,306,261,351,3,329,335.6666666666667,0,,0.125,0,23,0,3,17
Pearl Jam|||Dissident|||NONE,Pearl Jam,Dissident,Grunge,Estados Unidos,0.4866348018477536,0.2433174009238768,368,218,500,3,256,386.6666666666667,0,,0.17647058823529413,0,16,0,3,7
Dire Straits|||Romeo and Juliet|||NONE,Dire Straits,Romeo and Juliet,Rock,Reino Unido,0.4859379520662197,0.24296897603310985,372,222,500,2,268,368.5,0,,0.09090909090909091,0,21,0,0,5
Arctic Monkeys|||R U Mine?|||NONE,Arctic Monkeys,R U Mine?,Indie rock,Reino Unido,0.4049400744508053,0.2429640446704832,322,231,413,3,345,405.3333333333333,0,,0.42857142857142855,0,6,0,3,4
Otis Redding|||(Sittin' On) The Dock of the Bay|||NONE,Otis Redding,(Sittin' On) The Dock of the Bay,Soul,Estados Unidos,0.48572254734537756,0.24286127367268878,263,128,398,2,90,153.5,0,,0.08,0,24,0,1,23
Cat Stevens|||Father and Son|||NONE,Cat Stevens,Father and Son,Folk,Reino Unido,0.4856240960308867,0.24281204801544334,281,220,343,2,257,286.0,0,,0.08333333333333333,0,23,0,0,20
Rush|||Bastille Day|||NONE,Rush,Bastille Day,Rock progressivo,Canadá,0.48561624026544264,0.24280812013272132,283,133,433,2,220,352.5,0,,0.08333333333333333,0,23,0,0,13
Scott McKenzie|||San Francisco (Be Sure to Wear Flowers in Your Hair)|||NONE,Scott McKenzie,San Francisco (Be Sure to Wear Flowers in Your Hair),Pop,Estados Unidos,0.48538984199523,0.242694920997615,311,266,356,5,272,298.0,0,,0.2,0,24,0,3,14
"Crosby, Stills & Nash|||Long Time Gone|||NONE","Crosby, Stills & Nash",Long Time Gone,Folk rock,Estados Unidos,0.4850513416117927,0.24252567080589635,272,122,422,2,134,305.5,0,,0.08,0,24,0,0,23
Symphony X|||Paradise Lost|||NONE,Symphony X,Paradise Lost,Metal progressivo,Estados Unidos,0.484917331482399,0.2424586657411995,270,120,420,2,215,344.5,0,,0.13333333333333333,0,14,0,0,11
Talking Heads|||And She Was|||NONE,Talking Heads,And She Was,New wave,Estados Unidos,0.484662234143028,0.242331117071514,365,320,410,2,353,359.0,0,,0.1,0,19,0,0,12
The Band|||The Weight|||NONE,The Band,The Weight,Folk rock,Canadá,0.4845811533425597,0.24229057667127984,319,213,426,4,317,383.75,0,,0.16,0,24,0,3,20
George Harrison|||Give Me Love (Give Me Peace on Earth)|||NONE,George Harrison,Give Me Love (Give Me Peace on Earth),Rock,Reino Unido,0.48441667688092144,0.24220833844046072,311,253,368,2,375,402.0,0,,0.08333333333333333,0,23,0,0,22
Toto|||Rosanna|||NONE,Toto,Rosanna,Rock,Estados Unidos,0.4842865154081164,0.2421432577040582,314,269,359,2,447,463.5,0,,0.18181818181818182,0,10,0,0,8
Midnight Oil|||The Dead Heart|||NONE,Midnight Oil,The Dead Heart,Rock,Austrália,0.48354555175021213,0.24177277587510607,276,177,375,5,268,323.0,0,,0.29411764705882354,0,16,0,3,6
The Rolling Stones|||Time Is on My Side|||NONE,The Rolling Stones,Time Is on My Side,Rock,Reino Unido,0.4833841887290216,0.2416920943645108,293,248,338,3,348,369.6666666666667,0,,0.125,0,23,0,3,17
Led Zeppelin|||The Rover|||NONE,Led Zeppelin,The Rover,Hard rock,Reino Unido,0.48329952923326397,0.24164976461663198,169,69,270,2,67,114.5,0,,0.10526315789473684,0,18,0,1,11
Men at Work|||Be Good Johnny|||NONE,Men at Work,Be Good Johnny,New wave,Austrália,0.48286911989057757,0.24143455994528878,334,237,430,4,260,295.75,0,,0.19047619047619047,0,20,0,3,12
Thin Lizzy|||Cowboy Song|||NONE,Thin Lizzy,Cowboy Song,Hard rock,Irlanda,0.4823201686163899,0.24116008430819494,304,154,454,2,221,315.5,0,,0.16666666666666666,0,11,0,0,9
Bee Gees|||I Started a Joke|||NONE,Bee Gees,I Started a Joke,Disco,Reino Unido,0.48229120045363805,0.24114560022681902,323,186,460,2,226,290.5,0,,0.08,0,24,0,0,23
"Blood, Sweat & Tears|||Spinning Wheel|||NONE","Blood, Sweat & Tears",Spinning Wheel,Jazz fusion,Estados Unidos,0.482183691639117,0.2410918458195585,297,147,447,2,306,385.0,0,,0.08,0,24,0,0,22
Hall & Oates|||Maneater|||NONE,Hall & Oates,Maneater,Pop rock,Estados Unidos,0.4820329799198361,0.24101648995991806,353,223,482,2,327,388.0,0,,0.08,0,24,0,0,21
Eric Clapton|||Lay Down Sally|||NONE,Eric Clapton,Lay Down Sally,Rock,Reino Unido,0.4816217115276125,0.24081085576380626,305,183,426,2,249,306.5,0,,0.08,0,24,0,0,22
Alice Cooper|||How You Gonna See Me Now|||NONE,Alice Cooper,How You Gonna See Me Now,Hard rock,Estados Unidos,0.481510681549119,0.2407553407745595,312,162,462,4,130,348.5,0,,0.3076923076923077,0,12,0,3,9
Jethro Tull|||Living in the Past|||NONE,Jethro Tull,Living in the Past,Rock progressivo,Reino Unido,0.48087264628141446,0.24043632314070723,300,150,450,3,196,311.6666666666667,0,,0.12,0,24,0,3,19
Del Shannon|||Runaway|||NONE,Del Shannon,Runaway,Rock,Estados Unidos,0.48078643206452887,0.24039321603226443,293,229,357,2,396,426.0,0,,0.08,0,24,0,0,23
Charlie Daniels Band|||The Devil Went Down to Georgia|||NONE,Charlie Daniels Band,The Devil Went Down to Georgia,Música country,Estados Unidos,0.4807779054271868,0.2403889527135934,300,150,450,4,192,329.5,0,,0.17391304347826086,0,22,0,3,14
John Lennon|||Jealous Guy|||NONE,John Lennon,Jealous Guy,Rock,Reino Unido,0.48045223916030655,0.24022611958015327,175,25,325,6,21,297.1666666666667,0,,0.25,0,23,0,4,11
Devo|||Time Out For Fun|||NONE,Devo,Time Out For Fun,New wave,Estados Unidos,0.48032598519705694,0.24016299259852847,331,181,481,3,267,336.3333333333333,0,,0.13636363636363635,0,21,0,3,17
Pat Benatar|||Hit Me with Your Best Shot|||NONE,Pat Benatar,Hit Me with Your Best Shot,Rock,Estados Unidos,0.47985540221524375,0.23992770110762188,299,254,344,2,257,259.5,0,,0.08,0,24,0,0,22
Oingo Boingo|||Just Another Day|||NONE,Oingo Boingo,Just Another Day,New wave,Estados Unidos,0.4798140042955852,0.2399070021477926,295,145,445,4,28,338.5,0,,0.2,0,19,0,4,5
James|||Sit Down|||NONE,James,Sit Down,Rock alternativo,Reino Unido,0.47936139419060636,0.23968069709530318,283,202,363,5,327,415.8,0,,0.22727272727272727,0,21,0,3,12
Creedence Clearwater Revival|||Green River|||NONE,Creedence Clearwater Revival,Green River,Swamp rock,Estados Unidos,0.4792709734707254,0.2396354867353627,306,259,352,3,333,366.0,0,,0.125,0,23,0,3,16
AC/DC|||Are You Ready|||NONE,AC/DC,Are You Ready,Hard rock,Austrália,0.4784042953164896,0.2392021476582448,285,216,354,2,343,375.5,0,,0.13333333333333333,0,14,0,0,6
Roy Orbison|||I Drove All Night|||NONE,Roy Orbison,I Drove All Night,Rock and roll,Estados Unidos,0.4780851980396298,0.2390425990198149,323,173,473,3,266,393.6666666666667,0,,0.13043478260869565,0,22,0,3,16
The Boomtown Rats|||I Don't Like Mondays|||NONE,The Boomtown Rats,I Don't Like Mondays,New wave,Irlanda,0.47784322269070595,0.23892161134535297,278,162,393,3,244,333.0,0,,0.13636363636363635,0,21,0,3,17
Iron Maiden|||Killers|||NONE,Iron Maiden,Killers,Heavy metal,Reino Unido,0.4776481675690613,0.23882408378453066,282,132,432,2,16,128.5,0,,0.14285714285714285,0,13,0,1,10
Rush|||Red Sector A|||NONE,Rush,Red Sector A,Rock progressivo,Canadá,0.4775108716461224,0.2387554358230612,289,244,334,2,263,264.0,0,,0.09090909090909091,0,21,0,0,17
Ramones|||Spider-Man|||NONE,Ramones,Spider-Man,Punk rock,Estados Unidos,0.4772403873872461,0.23862019369362306,287,137,437,2,38,214.5,0,,0.125,0,15,0,1,14
The Doors|||The End|||NONE,The Doors,The End,Rock psicodélico,Estados Unidos,0.4755084749827483,0.23775423749137414,190,40,340,6,24,139.66666666666666,0,,0.24,0,24,0,4,13
The Beatles|||In My Life|||NONE,The Beatles,In My Life,Rock,Reino Unido,0.47508465728837423,0.23754232864418712,168,18,318,4,101,258.25,0,,0.16666666666666666,0,23,0,3,18
The Verve|||Lucky Man|||NONE,The Verve,Lucky Man,Rock alternativo,Reino Unido,0.47432922878531747,0.23716461439265873,351,201,500,2,200,344.5,0,,0.14285714285714285,0,13,0,0,6
"The Ventures|||Walk, Don't Run|||NONE",The Ventures,"Walk, Don't Run",Surf rock,Estados Unidos,0.4743006255075318,0.2371503127537659,262,142,382,3,307,377.0,0,,0.12,0,24,0,3,22
Faith No More|||Evidence|||NONE,Faith No More,Evidence,Metal alternativo,Estados Unidos,0.47279434987753644,0.23639717493876822,352,262,443,2,353,395.5,0,,0.25,0,7,0,0,6
Faces|||Stay with Me|||NONE,Faces,Stay with Me,Rock,Reino Unido,0.47232568150583626,0.23616284075291813,210,60,360,2,115,259.5,0,,0.08,0,24,0,0,22
Aerosmith|||Remember (Walking in the Sand)|||NONE,Aerosmith,Remember (Walking in the Sand),Hard rock,Estados Unidos,0.4718587450386952,0.2359293725193476,305,226,384,3,235,296.0,0,,0.125,0,23,0,3,17
Bob Dylan|||Lay Lady Lay|||NONE,Bob Dylan,Lay Lady Lay,Folk,Estados Unidos,0.4718212057953353,0.23591060289766766,310,180,440,4,283,398.5,0,,0.16,0,24,0,3,20
The Black Crowes|||Thorn in my Pride|||NONE,The Black Crowes,Thorn in my Pride,Hard rock,Estados Unidos,0.4713664590627735,0.23568322953138676,316,204,428,4,296,382.5,0,,0.19047619047619047,0,20,0,3,15
Stevie Ray Vaughan & Double Trouble|||Crossfire|||NONE,Stevie Ray Vaughan & Double Trouble,Crossfire,Blues rock,Estados Unidos,0.47021644282403985,0.23510822141201992,304,208,400,4,338,404.75,0,,0.16,0,24,0,3,16
Bob Seger & the Silver Bullet Band|||Against the Wind|||NONE,Bob Seger & the Silver Bullet Band,Against the Wind,Classic rock,Estados Unidos,0.46949290048449294,0.23474645024224647,260,110,409,2,217,287.5,0,,0.08,0,24,0,0,23
Focus|||House of the king|||NONE,Focus,House of the king,Rock progressivo,Países Baixos,0.4694174773578132,0.2347087386789066,276,164,388,4,127,179.25,0,,0.19047619047619047,0,20,0,3,12
R.E.M.|||Drive|||NONE,R.E.M.,Drive,Rock alternativo,Estados Unidos,0.4690022907334063,0.23450114536670316,312,267,357,2,396,400.5,0,,0.09090909090909091,0,21,0,0,13
Carl Perkins|||Blue Suede Shoes|||NONE,Carl Perkins,Blue Suede Shoes,Rockabilly,Estados Unidos,0.4678479035676047,0.23392395178380235,278,233,323,2,328,331.5,0,,0.08,0,24,0,0,23
Cream|||White Room|||NONE,Cream,White Room,Rock psicodélico,Reino Unido,0.4678339085654632,0.2339169542827316,269,119,419,2,45,239.5,0,,0.08,0,24,0,1,23
John Lennon|||Mother|||NONE,John Lennon,Mother,Rock,Reino Unido,0.46633458275104317,0.23316729137552158,299,254,344,3,419,420.3333333333333,0,,0.125,0,23,0,3,17
Stray Cats|||Rock This Town|||NONE,Stray Cats,Rock This Town,Rockabilly,Estados Unidos,0.4658117291761046,0.2329058645880523,316,166,466,3,235,341.3333333333333,0,,0.13043478260869565,0,22,0,3,15
James Brown|||Get Up Sex Machine|||NONE,James Brown,Get Up Sex Machine,Soul,Estados Unidos,0.46572329125447537,0.23286164562723768,310,160,460,4,179,350.0,0,,0.17391304347826086,0,22,0,3,14
Badfinger|||Baby Blue|||NONE,Badfinger,Baby Blue,Power pop,Reino Unido,0.46477544547614325,0.23238772273807162,313,163,463,2,299,396.0,0,,0.09523809523809523,0,20,0,0,19
Aretha Franklin|||Respect|||NONE,Aretha Franklin,Respect,Soul,Estados Unidos,0.4646615408887472,0.2323307704443736,214,64,364,2,31,143.0,0,,0.08,0,24,0,1,23
The Animals|||Don't Let Me Be Misunderstood|||NONE,The Animals,Don't Let Me Be Misunderstood,Rock psicodélico,Reino Unido,0.4644398762950173,0.23221993814750866,220,175,265,2,225,231.5,0,,0.08,0,24,0,0,23
Steve Winwood|||While You See a Chance|||NONE,Steve Winwood,While You See a Chance,Rock,Reino Unido,0.46435294432577257,0.23217647216288628,268,166,370,2,269,317.0,0,,0.08,0,24,0,0,22
Elvis Presley|||It’s Now or Never|||NONE,Elvis Presley,It’s Now or Never,Rock and roll,Estados Unidos,0.46354968632874033,0.23177484316437016,299,184,414,2,384,438.0,0,,0.08,0,24,0,0,23
Buffalo Springfield|||For What It's Worth|||NONE,Buffalo Springfield,For What It's Worth,Folk rock,Estados Unidos,0.4628895853970479,0.23144479269852394,279,129,429,2,101,281.5,0,,0.08,0,24,0,0,23
Metallica|||Turn the Page|||NONE,Metallica,Turn the Page,Thrash metal,Estados Unidos,0.46253754649476564,0.23126877324738282,290,184,396,3,311,369.0,0,,0.1875,0,15,0,3,9
Eric Clapton|||After Midnight|||NONE,Eric Clapton,After Midnight,Rock,Reino Unido,0.46114751698844175,0.23057375849422088,240,90,390,4,28,305.75,0,,0.16,0,24,0,4,10
The Jimi Hendrix Experience|||Bold as Love|||NONE,The Jimi Hendrix Experience,Bold as Love,Rock psicodélico,Estados Unidos,0.459692767470014,0.229846383735007,277,127,427,3,120,320.6666666666667,0,,0.125,0,23,0,3,10
Elvis Presley|||Heartbreak Hotel|||NONE,Elvis Presley,Heartbreak Hotel,Rock and roll,Estados Unidos,0.45946643401084514,0.22973321700542257,228,78,378,2,96,270.0,0,,0.08,0,24,0,1,22
Johnny Rivers|||Do You Want to Dance?|||NONE,Johnny Rivers,Do You Want to Dance?,Rock,Estados Unidos,0.45918190805775283,0.22959095402887642,282,132,432,3,57,275.0,0,,0.12,0,24,0,4,21
The Kingsmen|||Louie Louie|||NONE,The Kingsmen,Louie Louie,Rock de garagem,Estados Unidos,0.4591236425769909,0.22956182128849545,335,185,485,3,29,297.3333333333333,0,,0.12,0,24,0,4,20
Arcadia|||Election Day|||NONE,Arcadia,Election Day,Synth-pop,Reino Unido,0.4590391367825242,0.2295195683912621,323,278,368,2,456,469.5,0,,0.09523809523809523,0,20,0,0,19
Bruce Dickinson|||All the Young Dudes|||NONE,Bruce Dickinson,All the Young Dudes,Heavy metal,Reino Unido,0.4586673249922826,0.2293336624961413,372,298,446,4,356,397.25,0,,0.19047619047619047,0,20,0,3,12
Joy Division|||Atmosphere|||NONE,Joy Division,Atmosphere,Pós-punk,Reino Unido,0.4583747720948342,0.2291873860474171,355,310,400,2,457,458.0,0,,0.09090909090909091,0,21,0,0,17
The Blues Brothers|||Everybody Need Somebody to Love|||NONE,The Blues Brothers,Everybody Need Somebody to Love,Blues,Estados Unidos,0.45820840203020174,0.22910420101510087,332,182,482,2,297,376.0,0,,0.08333333333333333,0,23,0,0,20
The Surfaris|||Wipe Out|||NONE,The Surfaris,Wipe Out,Surf rock,Estados Unidos,0.45656350155697084,0.22828175077848542,263,113,413,2,50,204.5,0,,0.08,0,24,0,1,14
"Neil Young and Crazy Horse|||Hey Hey, My My (Into the Black)|||NONE",Neil Young and Crazy Horse,"Hey Hey, My My (Into the Black)",Folk rock,Estados Unidos,0.4560644243624528,0.2280322121812264,295,247,343,2,269,291.5,0,,0.08333333333333333,0,23,0,0,10
Neil Young|||Heart of Gold|||NONE,Neil Young,Heart of Gold,Folk rock,Canadá,0.4558957667726324,0.2279478833863162,219,69,369,2,42,161.5,0,,0.08,0,24,0,1,22
The Beatles|||The Ballad of John and Yoko|||NONE,The Beatles,The Ballad of John and Yoko,Rock,Reino Unido,0.45551164941288236,0.22775582470644118,314,237,392,3,302,360.3333333333333,0,,0.125,0,23,0,3,6
Angra|||Rebirth|||NONE,Angra,Rebirth,Power metal,Brasil,0.45538440215939835,0.22769220107969917,297,251,344,2,299,321.0,0,,0.11764705882352941,0,16,0,0,13
George Harrison|||All Those Years Ago|||NONE,George Harrison,All Those Years Ago,Rock,Reino Unido,0.4550302012961257,0.22751510064806285,350,305,395,2,427,434.5,0,,0.08,0,24,0,0,14
Audioslave|||Cochise|||NONE,Audioslave,Cochise,Rock alternativo,Estados Unidos,0.4540204261055685,0.22701021305278424,282,237,327,2,479,489.5,0,,0.25,0,7,0,0,6
The Rolling Stones|||Honky Tonk Women|||NONE,The Rolling Stones,Honky Tonk Women,Rock,Reino Unido,0.45338007259489255,0.22669003629744627,281,131,431,4,63,283.0,0,,0.16,0,24,0,4,16
Herman's Hermits|||No Milk Today|||NONE,Herman's Hermits,No Milk Today,Rock,Reino Unido,0.45269998979458465,0.22634999489729232,306,231,382,2,417,452.5,0,,0.09090909090909091,0,21,0,0,14
Guns N' Roses|||Since I Don't Have You|||NONE,Guns N' Roses,Since I Don't Have You,Hard rock,Estados Unidos,0.45187448184144524,0.22593724092072262,370,246,495,2,370,428.5,0,,0.14285714285714285,0,13,0,0,12
Steve Miller Band|||Abracadabra|||NONE,Steve Miller Band,Abracadabra,Blues rock,Estados Unidos,0.4512294615029501,0.22561473075147506,281,131,431,2,242,324.0,0,,0.09523809523809523,0,20,0,0,19
Elvis Presley|||Love Me Tender|||NONE,Elvis Presley,Love Me Tender,Rock and roll,Estados Unidos,0.450710783522674,0.225355391761337,214,169,259,2,231,233.5,0,,0.08333333333333333,0,23,0,0,21
The Allman Brothers Band|||Melissa|||NONE,The Allman Brothers Band,Melissa,Southern rock,Estados Unidos,0.45032032471766115,0.22516016235883057,278,205,350,7,341,383.0,0,,0.35,0,19,0,3,9
Chuck Berry|||Roll Over Beethoven|||NONE,Chuck Berry,Roll Over Beethoven,Rock and roll,Estados Unidos,0.4498259252128882,0.2249129626064441,290,156,424,6,183,324.3333333333333,0,,0.24,0,24,0,3,13
Midnight Oil|||Forgotten Years|||NONE,Midnight Oil,Forgotten Years,Rock,Austrália,0.4485064879644725,0.22425324398223626,341,286,397,7,386,426.57142857142856,0,,0.3333333333333333,0,20,0,3,6
Soft Cell|||Tainted Love|||NONE,Soft Cell,Tainted Love,Synth-pop,Reino Unido,0.4480015407432613,0.22400077037163066,339,280,399,3,379,412.3333333333333,0,,0.13636363636363635,0,21,0,3,18
The Nixons|||Sister|||acústica,The Nixons,Sister,Pós-grunge,Estados Unidos,0.4474853849168033,0.22374269245840164,300,188,412,4,260,352.25,0,,0.18181818181818182,0,21,0,3,13
Edwyn Collins|||A Girl Like You|||NONE,Edwyn Collins,A Girl Like You,Pop rock,Reino Unido,0.446544262980384,0.223272131490192,358,313,403,2,392,411.0,0,,0.09523809523809523,0,20,0,0,14
AC/DC|||Hard as a Rock|||NONE,AC/DC,Hard as a Rock,Hard rock,Austrália,0.44565331876637787,0.22282665938318894,346,196,496,3,216,391.6666666666667,0,,0.2727272727272727,0,10,0,3,6
Supertramp|||Take the Long Way Home|||NONE,Supertramp,Take the Long Way Home,Rock progressivo,Reino Unido,0.4444805010399231,0.22224025051996155,287,137,437,2,242,320.0,0,,0.08,0,24,0,0,22
John Mellencamp|||R.O.C.K. in the U.S.A.|||NONE,John Mellencamp,R.O.C.K. in the U.S.A.,Rock,Estados Unidos,0.44408094676649457,0.22204047338324728,326,176,476,2,303,381.0,0,,0.08333333333333333,0,23,0,0,22
The Beatles|||Blackbird|||NONE,The Beatles,Blackbird,Rock,Reino Unido,0.4439743009976931,0.22198715049884654,222,72,372,3,211,347.3333333333333,0,,0.125,0,23,0,3,5
Bob Dylan|||Just Like a Woman|||NONE,Bob Dylan,Just Like a Woman,Folk,Estados Unidos,0.44276189342755295,0.22138094671377648,301,256,346,3,383,404.3333333333333,0,,0.12,0,24,0,3,20
The Cure|||A Night Like This|||NONE,The Cure,A Night Like This,Pós-punk,Reino Unido,0.4426147230778972,0.2213073615389486,365,320,410,3,391,395.0,0,,0.13636363636363635,0,21,0,3,17
The Beatles|||Sgt. Pepper's Lonely Hearts Club Band|||NONE,The Beatles,Sgt. Pepper's Lonely Hearts Club Band,Rock,Reino Unido,0.44235867042995913,0.22117933521497957,267,117,417,8,103,324.0,0,,0.3333333333333333,0,23,0,3,9
Steve Winwood|||Valerie|||NONE,Steve Winwood,Valerie,Rock,Reino Unido,0.44142391625295924,0.22071195812647962,365,273,456,2,391,434.0,0,,0.08,0,24,0,0,19
Bob Seger & the Silver Bullet Band|||Night Moves|||NONE,Bob Seger & the Silver Bullet Band,Night Moves,Classic rock,Estados Unidos,0.44107088221695234,0.22053544110847617,305,155,455,3,75,345.0,0,,0.12,0,24,0,4,13
Soft Cell|||Torch|||NONE,Soft Cell,Torch,Synth-pop,Reino Unido,0.4409111744525763,0.22045558722628816,377,227,500,3,227,357.6666666666667,0,,0.13636363636363635,0,21,0,3,17
Judas Priest|||Worth Fighting For|||NONE,Judas Priest,Worth Fighting For,Heavy metal,Reino Unido,0.4407771064964397,0.22038855324821985,288,195,380,2,272,315.5,0,,0.11764705882352941,0,16,0,0,12
The Rolling Stones|||Ruby Tuesday|||NONE,The Rolling Stones,Ruby Tuesday,Rock,Reino Unido,0.44071120168994843,0.22035560084497421,296,251,341,2,428,429.0,0,,0.09090909090909091,0,21,0,0,17
Europe|||Always the Pretenders|||NONE,Europe,Always the Pretenders,Hard rock,Suécia,0.4404475986116884,0.2202237993058442,341,229,452,2,323,375.5,0,,0.11764705882352941,0,16,0,0,14
Soundgarden|||Fell on Black Days|||NONE,Soundgarden,Fell on Black Days,Grunge,Estados Unidos,0.44014290213182394,0.22007145106591197,330,262,398,2,394,426.0,0,,0.11764705882352941,0,16,0,0,6
The Beatles|||I Am the Walrus|||NONE,The Beatles,I Am the Walrus,Rock,Reino Unido,0.43879270536887033,0.21939635268443516,255,105,405,3,174,342.0,0,,0.125,0,23,0,3,17
"The Mamas & the Papas|||Monday, Monday|||NONE",The Mamas & the Papas,"Monday, Monday",Folk rock,Estados Unidos,0.43608945708454855,0.21804472854227427,325,175,475,3,229,311.3333333333333,0,,0.12,0,24,0,3,9
R.E.M.|||It's the End of the World as We Know It (And I Feel Fine)|||NONE,R.E.M.,It's the End of the World as We Know It (And I Feel Fine),Rock alternativo,Estados Unidos,0.43208040775386825,0.21604020387693412,293,159,427,4,247,313.5,0,,0.18181818181818182,0,21,0,3,16
The Beatles|||Michelle|||NONE,The Beatles,Michelle,Rock,Reino Unido,0.4318303990375157,0.21591519951875784,279,129,429,2,260,346.0,0,,0.08,0,24,0,0,21
Sublime|||Santeria|||NONE,Sublime,Santeria,Ska punk,Estados Unidos,0.4313945104446008,0.2156972552223004,363,250,475,2,359,412.0,0,,0.14285714285714285,0,13,0,0,6
The Troggs|||Wild Thing|||NONE,The Troggs,Wild Thing,Rock,Reino Unido,0.42792599664742687,0.21396299832371343,290,190,389,5,313,426.4,0,,0.2,0,24,0,3,17
Slade|||She Did it to Me|||NONE,Slade,She Did it to Me,Glam rock,Reino Unido,0.4268553255311015,0.21342766276555075,304,254,354,2,391,414.5,0,,0.16666666666666666,0,11,0,0,9
"The Beach Boys|||Fun, Fun, Fun|||NONE",The Beach Boys,"Fun, Fun, Fun",Rock,Estados Unidos,0.42681044946983876,0.21340522473491938,307,157,457,2,143,301.0,0,,0.08,0,24,0,0,21
Pink Floyd|||Have a Cigar|||NONE,Pink Floyd,Have a Cigar,Rock progressivo,Reino Unido,0.42669740446802557,0.21334870223401278,268,118,418,2,88,187.5,0,,0.1,0,19,0,1,10
The Beatles|||Ticket to Ride|||NONE,The Beatles,Ticket to Ride,Rock,Reino Unido,0.4266388583343661,0.21331942916718305,303,153,453,6,171,302.8333333333333,0,,0.25,0,23,0,3,6
Live|||Waterboy|||NONE,Live,Waterboy,Rock alternativo,Estados Unidos,0.42606786872829433,0.21303393436414716,323,278,368,2,413,421.0,0,,0.11764705882352941,0,16,0,0,15
Faith No More|||Midlife Crisis|||NONE,Faith No More,Midlife Crisis,Metal alternativo,Estados Unidos,0.4259317044544785,0.21296585222723924,221,176,266,2,301,306.0,0,,0.125,0,15,0,0,13
The Moody Blues|||Tuesday Afternoon|||NONE,The Moody Blues,Tuesday Afternoon,Rock progressivo,Reino Unido,0.4258176288235007,0.21290881441175036,253,103,403,2,87,189.5,0,,0.08,0,24,0,1,22
Dire Straits|||Lady Writer|||NONE,Dire Straits,Lady Writer,Rock,Reino Unido,0.4232269616611209,0.21161348083056045,359,209,500,2,346,420.5,0,,0.09523809523809523,0,20,0,0,16
Peter Frampton|||I Can't Stand It No More|||NONE,Peter Frampton,I Can't Stand It No More,Rock,Reino Unido,0.4229841768489695,0.21149208842448475,313,174,452,3,290,397.3333333333333,0,,0.125,0,23,0,3,16
The Rolling Stones|||Lady Jane|||NONE,The Rolling Stones,Lady Jane,Rock,Reino Unido,0.4221291519032565,0.21106457595162825,290,177,404,2,389,442.5,0,,0.09523809523809523,0,20,0,0,9
Stray Cats|||Stray Cat Strut|||NONE,Stray Cats,Stray Cat Strut,Rockabilly,Estados Unidos,0.4217816723707521,0.21089083618537605,300,150,450,3,225,331.6666666666667,0,,0.12,0,24,0,3,20
The Doors|||Alabama Song (Whisky Bar)|||NONE,The Doors,Alabama Song (Whisky Bar),Rock psicodélico,Estados Unidos,0.42060697522683943,0.21030348761341972,284,239,329,2,410,411.5,0,,0.09090909090909091,0,21,0,0,17
Aerosmith|||Angel|||NONE,Aerosmith,Angel,Hard rock,Estados Unidos,0.41901046856947166,0.20950523428473583,299,241,357,4,263,316.0,0,,0.3333333333333333,0,11,0,3,8
Rita Lee & Tutti Frutti|||Agora Só Falta Você|||NONE,Rita Lee & Tutti Frutti,Agora Só Falta Você,Pop rock,Brasil,0.6952367534267423,0.2085710260280227,327,252,402,1,494,494.0,0,,0.5,0,1,1,0,1
Rush|||Red Barchetta|||NONE,Rush,Red Barchetta,Rock progressivo,Canadá,0.4165763650386517,0.20828818251932585,307,262,352,2,294,295.5,0,,0.09090909090909091,0,21,0,0,17
Twisted Sister|||The Price|||NONE,Twisted Sister,The Price,Glam metal,Estados Unidos,0.41579122915948924,0.20789561457974462,353,203,500,2,292,379.0,0,,0.18181818181818182,0,10,0,0,8
The Trashmen|||Surfin' Bird|||NONE,The Trashmen,Surfin' Bird,Rock de garagem,Estados Unidos,0.41405793568174454,0.20702896784087227,290,232,347,5,366,397.6,0,,0.23809523809523808,0,20,0,3,12
Van Halen|||Hot for Teacher|||NONE,Van Halen,Hot for Teacher,Hard rock,Estados Unidos,0.4133720023447257,0.20668600117236285,358,294,422,2,338,368.0,0,,0.2857142857142857,0,6,0,0,5
Thirty Seconds to Mars|||Kings and Queens|||NONE,Thirty Seconds to Mars,Kings and Queens,Rock alternativo,Estados Unidos,0.4080629952677243,0.20403149763386216,274,124,424,2,323,402.0,0,,0.2222222222222222,0,8,0,0,6
Bruce Hornsby and the Range|||The Way It Is|||NONE,Bruce Hornsby and the Range,The Way It Is,Classic rock,Estados Unidos,0.4076094575760812,0.2038047287880406,355,310,400,2,479,488.5,0,,0.1,0,19,0,0,12
The Beatles|||The Fool on the Hill|||NONE,The Beatles,The Fool on the Hill,Rock,Reino Unido,0.40569217646251,0.202846088231255,281,131,431,2,248,346.5,0,,0.08333333333333333,0,23,0,0,21
The Byrds|||Turn! Turn! Turn! (To Everything There Is a Season)|||NONE,The Byrds,Turn! Turn! Turn! (To Everything There Is a Season),Folk rock,Estados Unidos,0.4053957287609308,0.2026978643804654,299,149,449,6,252,357.0,0,,0.24,0,24,0,3,14
Rage Against the Machine|||Guerrilla Radio|||NONE,Rage Against the Machine,Guerrilla Radio,Rap metal,Estados Unidos,0.4042504354678722,0.2021252177339361,382,337,427,2,446,463.5,0,,0.2222222222222222,0,8,0,0,5
"The Beatles|||Here, There and Everywhere|||NONE",The Beatles,"Here, There and Everywhere",Rock,Reino Unido,0.4032836244244898,0.2016418122122449,290,245,335,2,409,415.5,0,,0.09090909090909091,0,21,0,0,15
Poison|||Stand|||NONE,Poison,Stand,Glam metal,Estados Unidos,0.3974388130879062,0.1987194065439531,314,269,359,2,477,478.0,0,,0.16666666666666666,0,11,0,0,9
Lenny Kravitz|||Always on the Run|||NONE,Lenny Kravitz,Always on the Run,Rock,Estados Unidos,0.3956440865782485,0.19782204328912426,352,296,408,2,397,423.5,0,,0.125,0,15,0,0,7
The Monkees|||Daydream Believer|||NONE,The Monkees,Daydream Believer,Pop rock,Estados Unidos,0.3944719652766291,0.19723598263831454,317,240,395,2,364,400.5,0,,0.1,0,19,0,0,18
The Hellacopters|||By the Grace of God|||NONE,The Hellacopters,By the Grace of God,Rock de garagem,Suécia,0.6477960036052133,0.19433880108156398,365,290,440,1,491,491.0,0,,0.5,0,1,1,0,1
R.E.M.|||Imitation of Life|||NONE,R.E.M.,Imitation of Life,Rock alternativo,Estados Unidos,0.38776076783758845,0.19388038391879422,298,148,448,2,266,361.0,0,,0.25,0,7,0,0,6
Stone Sour|||Through  the Glass|||NONE,Stone Sour,Through  the Glass,Metal alternativo,Estados Unidos,0.387476487948284,0.193738243974142,327,256,398,2,429,462.5,0,,0.2857142857142857,0,6,0,0,5
The Beach Boys|||I Get Around|||NONE,The Beach Boys,I Get Around,Rock,Estados Unidos,0.38525776950556995,0.19262888475278497,255,153,358,3,360,432.3333333333333,0,,0.12,0,24,0,3,21
The Cardigans|||My Favourite Game|||NONE,The Cardigans,My Favourite Game,Rock,Suécia,0.6395730533250543,0.1918719159975163,385,310,460,1,492,492.0,0,,0.5,0,1,1,0,1
Alice Cooper|||Clones (We're All)|||NONE,Alice Cooper,Clones (We're All),Hard rock,Estados Unidos,0.38279641004027665,0.19139820502013832,324,252,396,2,379,413.0,0,,0.09523809523809523,0,20,0,0,16
Keane|||Somewhere Only We Know|||NONE,Keane,Somewhere Only We Know,Rock alternativo,Reino Unido,0.6373105196446278,0.19119315589338834,315,240,390,1,202,202.0,0,,0.5,0,1,1,0,1
CPM 22|||Um Minuto para o Fim do Mundo|||NONE,CPM 22,Um Minuto para o Fim do Mundo,Hardcore melódico,Brasil,0.6360674313360234,0.190820229400807,209,134,284,1,107,107.0,0,,0.5,0,1,1,0,1
Scorpions|||Rock You Like a Hurricane|||versão 2011,Scorpions,Rock You Like a Hurricane,Hard rock,Alemanha,0.6354939890674749,0.19064819672024247,232,157,307,1,122,122.0,0,,0.5,0,1,1,0,1
Hüsker Dü|||Could You Be the One?|||NONE,Hüsker Dü,Could You Be the One?,Hardcore punk,Estados Unidos,0.3738851037956441,0.18694255189782205,313,180,446,2,362,424.5,0,,0.13333333333333333,0,14,0,0,13
"Whitesnake|||All I Want, All I Need|||NONE",Whitesnake,"All I Want, All I Need",Hard rock,Reino Unido,0.3698313613103765,0.18491568065518826,225,75,375,2,35,165.0,0,,0.125,0,15,0,1,14
Camisa de Vênus|||Simca Chambord|||NONE,Camisa de Vênus,Simca Chambord,Punk rock,Brasil,0.6155349915615593,0.1846604974684678,290,215,365,1,199,199.0,0,,0.5,0,1,1,0,1
The Wallflowers|||Sleepwalker|||NONE,The Wallflowers,Sleepwalker,Rock alternativo,Estados Unidos,0.6077390261532178,0.18232170784596535,275,200,350,1,190,190.0,0,,0.5,0,1,1,0,1
Live|||Pain Lies on the Riverside|||ao vivo,Live,Pain Lies on the Riverside,Rock alternativo,Estados Unidos,0.5934672959377882,0.17804018878133646,242,167,317,1,181,181.0,0,,0.5,0,1,1,0,1
No Doubt|||Don't Speak|||NONE,No Doubt,Don't Speak,Ska punk,Estados Unidos,0.5914497718289735,0.17743493154869205,276,201,351,1,282,282.0,0,,0.5,0,1,1,0,1
Os Mutantes|||Ando Meio Desligado|||NONE,Os Mutantes,Ando Meio Desligado,Rock psicodélico,Brasil,0.5896828618072362,0.17690485854217083,269,194,344,1,189,189.0,0,,0.5,0,1,1,0,1
Eddie Vedder|||Hard Sun|||NONE,Eddie Vedder,Hard Sun,Rock acústico,Estados Unidos,0.5873369113404453,0.1762010734021336,246,171,321,1,255,255.0,0,,0.5,0,1,1,0,1
Biquini Cavadão|||Zé Ninguém|||NONE,Biquini Cavadão,Zé Ninguém,Pop rock,Brasil,0.5858758407232421,0.1757627522169726,242,167,317,1,127,127.0,0,,0.5,0,1,1,0,1
Inocentes|||Pânico em SP|||NONE,Inocentes,Pânico em SP,Punk rock,Brasil,0.5766960163474824,0.1730088049042447,263,188,338,1,182,182.0,0,,0.5,0,1,1,0,1
Stereophonics|||I Wanna Get Lost With You|||NONE,Stereophonics,I Wanna Get Lost With You,Rock,Reino Unido,0.5758028449478175,0.17274085348434526,304,229,379,1,260,260.0,0,,0.5,0,1,1,0,1
"Barão Vermelho|||Pedra, Flor e Espinho|||NONE",Barão Vermelho,"Pedra, Flor e Espinho",Pop rock,Brasil,0.5700954351695937,0.1710286305508781,236,161,311,1,114,114.0,0,,0.5,0,1,1,0,1
The Cult|||Wild Flower|||NONE,The Cult,Wild Flower,Hard rock,Reino Unido,0.34070645314737474,0.17035322657368737,360,315,405,2,388,401.0,0,,0.25,0,7,0,0,6
P.O.D.|||Youth of the Nation|||NONE,P.O.D.,Youth of the Nation,Nu metal,Estados Unidos,0.5641997769531237,0.16925993308593712,263,188,338,1,272,272.0,0,,0.5,0,1,1,0,1
Pitty|||Admirável Chip Novo|||NONE,Pitty,Admirável Chip Novo,Pop rock,Brasil,0.5610638969262682,0.16831916907788047,232,157,307,1,171,171.0,0,,0.5,0,1,1,0,1
Joan Osborne|||One of Us|||NONE,Joan Osborne,One of Us,Pop rock,Estados Unidos,0.5565844136561414,0.16697532409684243,307,232,382,1,373,373.0,0,,0.5,0,1,1,0,1
Alanis Morissette|||You Oughta Know|||NONE,Alanis Morissette,You Oughta Know,Rock alternativo,Canadá,0.5358708864964542,0.16076126594893625,219,144,294,1,153,153.0,0,,0.5,0,1,1,0,1
Foo Fighters|||The Pretender|||NONE,Foo Fighters,The Pretender,Rock,Estados Unidos,0.3203201919710804,0.1601600959855402,278,128,428,2,35,188.5,0,,0.13333333333333333,0,14,0,1,13
Slash featuring Myles Kennedy and The Conspirators|||Starlight|||NONE,Slash featuring Myles Kennedy and The Conspirators,Starlight,Hard rock,Estados Unidos,0.5307046477120003,0.1592113943136001,294,219,369,1,367,367.0,0,,0.5,0,1,1,0,1
"10,000 Maniacs|||More Than This|||NONE","10,000 Maniacs",More Than This,Rock alternativo,Estados Unidos,0.5267193666836235,0.15801581000508705,318,243,393,1,277,277.0,0,,0.5,0,1,1,0,1
Tokyo|||Garota de Berlim|||NONE,Tokyo,Garota de Berlim,New wave,Brasil,0.5252466419031532,0.15757399257094595,345,270,420,1,356,356.0,0,,0.5,0,1,1,0,1
Volbeat|||Lola Montez|||NONE,Volbeat,Lola Montez,Heavy metal,Dinamarca,0.5183417558768206,0.15550252676304618,281,206,356,1,166,166.0,0,,0.5,0,1,1,0,1
Rod Stewart|||Hot Legs|||NONE,Rod Stewart,Hot Legs,Pop rock,Reino Unido,0.5169206348085009,0.15507619044255028,333,258,408,1,391,391.0,0,,0.5,0,1,1,0,1
Rival Sons|||Do Your Worst|||NONE,Rival Sons,Do Your Worst,Blues rock,Estados Unidos,0.5128919624741518,0.15386758874224554,335,260,410,1,296,296.0,0,,0.5,0,1,1,0,1
Blackberry Smoke|||Rock and Roll Again|||NONE,Blackberry Smoke,Rock and Roll Again,Southern rock,Estados Unidos,0.5116931899538312,0.15350795698614936,336,261,411,1,300,300.0,0,,0.5,0,1,1,0,1
Legião Urbana|||Faroeste Caboclo|||NONE,Legião Urbana,Faroeste Caboclo,Rock alternativo,Brasil,0.5088510082699482,0.15265530248098447,273,198,348,1,435,435.0,0,,0.5,0,1,1,0,1
The Cramps|||Goo Goo Muck|||NONE,The Cramps,Goo Goo Muck,Psychobilly,Estados Unidos,0.508643292593785,0.1525929877781355,330,255,405,1,360,360.0,0,,0.5,0,1,1,0,1
The Runaways|||Cherry Bomb|||NONE,The Runaways,Cherry Bomb,Hard rock,Estados Unidos,0.507264675135774,0.1521794025407322,299,224,374,1,379,379.0,0,,0.5,0,1,1,0,1
Ratt|||Round and Round|||NONE,Ratt,Round and Round,Glam metal,Estados Unidos,0.5009432222986286,0.1502829666895886,204,129,279,1,346,346.0,0,,0.5,0,1,1,0,1
Puddle of Mudd|||Blurry|||NONE,Puddle of Mudd,Blurry,Rock alternativo,Estados Unidos,0.4990256803279496,0.14970770409838488,271,196,346,1,412,412.0,0,,0.5,0,1,1,0,1
Titãs|||Polícia|||NONE,Titãs,Polícia,Punk rock,Brasil,0.49894216291825605,0.1496826488754768,342,267,417,1,105,105.0,0,,0.5,0,1,1,0,1
Royal Blood|||I Only Lie When I Love You|||NONE,Royal Blood,I Only Lie When I Love You,Hard rock,Reino Unido,0.49709304045830754,0.14912791213749227,312,237,387,1,339,339.0,0,,0.5,0,1,1,0,1
Chickenfoot|||Something Going Wrong|||NONE,Chickenfoot,Something Going Wrong,Hard rock,Estados Unidos,0.4939090215686952,0.14817270647060857,321,246,396,1,397,397.0,0,,0.5,0,1,1,0,1
Charlie Brown Jr.|||Confisco|||NONE,Charlie Brown Jr.,Confisco,Rock alternativo,Brasil,0.49352196138697224,0.14805658841609168,212,137,287,1,157,157.0,0,,0.5,0,1,1,0,1
Joe Bonamassa|||Driving Towards the Daylight|||NONE,Joe Bonamassa,Driving Towards the Daylight,Blues rock,Estados Unidos,0.488739761162612,0.1466219283487836,337,262,412,1,342,342.0,0,,0.5,0,1,1,0,1
Barão Vermelho|||O Poeta Está Vivo|||NONE,Barão Vermelho,O Poeta Está Vivo,Pop rock,Brasil,0.48805644410731447,0.14641693323219435,379,304,454,1,490,490.0,0,,0.5,0,1,1,0,1
The Pretty Reckless|||Take Me Down|||NONE,The Pretty Reckless,Take Me Down,Hard rock,Estados Unidos,0.47921831151645367,0.14376549345493608,323,248,398,1,295,295.0,0,,0.5,0,1,1,0,1
Cazuza|||Exagerado|||NONE,Cazuza,Exagerado,Rock,Brasil,0.47757281333560725,0.14327184400068216,293,218,368,1,278,278.0,0,,0.5,0,1,1,0,1
Tonic|||If You Could Only See|||NONE,Tonic,If You Could Only See,Rock alternativo,Estados Unidos,0.4774956193072369,0.14324868579217107,321,246,396,1,369,369.0,0,,0.5,0,1,1,0,1
Johnny Cash|||Hurt|||NONE,Johnny Cash,Hurt,Música country,Estados Unidos,0.47512450797425243,0.14253735239227572,310,235,385,1,370,370.0,0,,0.5,0,1,1,0,1
Tom Petty and the Heartbreakers|||Refugee|||NONE,Tom Petty and the Heartbreakers,Refugee,Rock,Estados Unidos,0.4733798900231848,0.14201396700695543,304,229,379,1,354,354.0,0,,0.5,0,1,1,0,1
Warrant|||Cherry Pie|||NONE,Warrant,Cherry Pie,Hard rock,Estados Unidos,0.47239070448243126,0.14171721134472937,266,191,341,1,287,287.0,0,,0.5,0,1,1,0,1
Florence + the Machine|||Dog Days Are Over|||NONE,Florence + the Machine,Dog Days Are Over,Indie rock,Reino Unido,0.47074396944148966,0.1412231908324469,323,248,398,1,359,359.0,0,,0.5,0,1,1,0,1
Capital Inicial|||O Mundo|||NONE,Capital Inicial,O Mundo,Rock alternativo,Brasil,0.4684646671260736,0.14053940013782207,270,195,345,1,240,240.0,0,,0.5,0,1,1,0,1
Blink-182|||All the Small Things|||NONE,Blink-182,All the Small Things,Pop punk,Estados Unidos,0.46603522756058097,0.13981056826817428,255,180,330,1,249,249.0,0,,0.5,0,1,1,0,1
Papa Roach|||Last Resort|||NONE,Papa Roach,Last Resort,Nu metal,Estados Unidos,0.4643557310489268,0.13930671931467803,280,205,355,1,406,406.0,0,,0.5,0,1,1,0,1
Raul Seixas|||Rockixe|||NONE,Raul Seixas,Rockixe,Rock,Brasil,0.46251303007097755,0.13875390902129325,297,222,372,1,393,393.0,0,,0.5,0,1,1,0,1
Manowar|||Call to Arms|||NONE,Manowar,Call to Arms,Heavy metal,Estados Unidos,0.6124622757851718,0.13780401205166362,248,173,323,1,272,272.0,0,,0.3333333333333333,0,2,1,0,2
Måneskin|||Zitti e buoni|||NONE,Måneskin,Zitti e buoni,Rock,Itália,0.45925391938749427,0.13777617581624826,310,235,385,1,462,462.0,0,,0.5,0,1,1,0,1
Raul Seixas|||Meu Amigo Pedro|||NONE,Raul Seixas,Meu Amigo Pedro,Rock,Brasil,0.4572046937963907,0.13716140813891722,311,236,386,1,425,425.0,0,,0.5,0,1,1,0,1
The Stooges|||I Wanna Be Your Dog|||NONE,The Stooges,I Wanna Be Your Dog,Rock de garagem,Estados Unidos,0.44920127074615673,0.134760381223847,319,244,394,1,398,398.0,0,,0.5,0,1,1,0,1
Prince and the Revolution|||Let's Go Crazy|||NONE,Prince and the Revolution,Let's Go Crazy,Pop rock,Estados Unidos,0.44899847824859834,0.1346995434745795,334,259,409,1,362,362.0,0,,0.5,0,1,1,0,1
Bon Jovi|||Have a Nice Day|||NONE,Bon Jovi,Have a Nice Day,Rock,Estados Unidos,0.4470383897687143,0.1341115169306143,238,163,313,1,222,222.0,0,,0.5,0,1,1,0,1
Capital Inicial|||O Passageiro|||NONE,Capital Inicial,O Passageiro,Rock alternativo,Brasil,0.4465948996016536,0.13397846988049608,307,232,382,1,383,383.0,0,,0.5,0,1,1,0,1
Suede|||New Generation|||NONE,Suede,New Generation,Rock alternativo,Reino Unido,0.44554998079789826,0.13366499423936948,246,171,321,1,306,306.0,0,,0.5,0,1,1,0,1
Peter Murphy|||Indigo Eyes|||NONE,Peter Murphy,Indigo Eyes,Pós-punk,Reino Unido,0.44122327167109066,0.1323669815013272,280,205,355,1,297,297.0,0,,0.5,0,1,1,0,1
Wolfmother|||Joker & the Thief|||NONE,Wolfmother,Joker & the Thief,Hard rock,Austrália,0.4405607149086121,0.13216821447258362,251,176,326,1,314,314.0,0,,0.5,0,1,1,0,1
O Rappa|||Minha Alma (A Paz Que Eu Não Quero)|||NONE,O Rappa,Minha Alma (A Paz Que Eu Não Quero),Reggae,Brasil,0.43962173841391694,0.13188652152417507,260,185,335,1,308,308.0,0,,0.5,0,1,1,0,1
The Black Crowes|||Jealous Again|||NONE,The Black Crowes,Jealous Again,Hard rock,Estados Unidos,0.4393597717440238,0.13180793152320713,277,202,352,1,440,440.0,0,,0.5,0,1,1,0,1
Måneskin|||Gossip|||NONE,Måneskin,Gossip,Rock,Itália,0.43931142060136197,0.1317934261804086,311,236,386,1,386,386.0,0,,0.5,0,1,1,0,1
Amy Winehouse|||Valerie|||NONE,Amy Winehouse,Valerie,Soul,Reino Unido,0.43762995011841277,0.13128898503552383,246,171,321,1,234,234.0,0,,0.5,0,1,1,0,1
Charlie Brown Jr.|||Zoio D Lula|||NONE,Charlie Brown Jr.,Zoio D Lula,Rock alternativo,Brasil,0.4373966725989588,0.13121900177968765,310,235,385,1,388,388.0,0,,0.5,0,1,1,0,1
Cake|||Never There|||NONE,Cake,Never There,Rock alternativo,Estados Unidos,0.4363680203802488,0.13091040611407465,359,284,434,1,399,399.0,0,,0.5,0,1,1,0,1
Gorillaz|||Feel Good Inc.|||NONE,Gorillaz,Feel Good Inc.,Rock alternativo,Reino Unido,0.43523938629700537,0.1305718158891016,333,258,408,1,336,336.0,0,,0.5,0,1,1,0,1
Raul Seixas|||Cowboy Fora da Lei|||NONE,Raul Seixas,Cowboy Fora da Lei,Rock,Brasil,0.43487612277556825,0.13046283683267046,357,282,432,1,485,485.0,0,,0.5,0,1,1,0,1
Creed|||My Sacrifice|||NONE,Creed,My Sacrifice,Rock alternativo,Estados Unidos,0.4341597867092451,0.1302479360127735,246,171,321,1,228,228.0,0,,0.5,0,1,1,0,1
Raul Seixas|||Metamorfose Ambulante|||NONE,Raul Seixas,Metamorfose Ambulante,Rock,Brasil,0.4337797914922609,0.13013393744767826,314,239,389,1,149,149.0,0,,0.5,0,1,1,0,1
Blondie|||One Way or Another|||NONE,Blondie,One Way or Another,New wave,Estados Unidos,0.4310055728676074,0.1293016718602822,299,224,374,1,262,262.0,0,,0.5,0,1,1,0,1
Os Mutantes|||A Minha Menina|||NONE,Os Mutantes,A Minha Menina,Rock psicodélico,Brasil,0.42976957909703456,0.12893087372911036,246,171,321,1,447,447.0,0,,0.5,0,1,1,0,1
Suicidal Tendencies|||I'll Hate You Better|||NONE,Suicidal Tendencies,I'll Hate You Better,Thrash metal,Estados Unidos,0.4296371210398036,0.12889113631194107,254,179,329,1,235,235.0,0,,0.5,0,1,1,0,1
Inocentes|||Cala a Boca|||NONE,Inocentes,Cala a Boca,Punk rock,Brasil,0.42580484271522256,0.12774145281456675,277,202,352,1,257,257.0,0,,0.5,0,1,1,0,1
Matchbox Twenty|||Push|||NONE,Matchbox Twenty,Push,Rock alternativo,Estados Unidos,0.42568555744333514,0.12770566723300053,277,202,352,1,317,317.0,0,,0.5,0,1,1,0,1
Detonautas Roque Clube|||Outro Lugar|||NONE,Detonautas Roque Clube,Outro Lugar,Rock,Brasil,0.4238835962490195,0.12716507887470585,283,208,358,1,413,413.0,0,,0.5,0,1,1,0,1
The Rolling Stones|||Angry|||NONE,The Rolling Stones,Angry,Rock,Reino Unido,0.42355767565223246,0.12706730269566974,317,242,392,1,387,387.0,0,,0.5,0,1,1,0,1
Titãs|||Flores|||NONE,Titãs,Flores,Punk rock,Brasil,0.42290077760675876,0.12687023328202762,231,156,306,1,230,230.0,0,,0.5,0,1,1,0,1
Nirvana|||Sliver|||NONE,Nirvana,Sliver,Grunge,Estados Unidos,0.5628359523603155,0.12663808928107098,272,197,347,1,282,282.0,0,,0.3333333333333333,0,2,1,0,2
Foreigner|||I Want to Know What Love Is|||NONE,Foreigner,I Want to Know What Love Is,Rock,Estados Unidos,0.5614308224613036,0.1263219350537933,268,193,343,1,350,350.0,0,,0.3333333333333333,0,2,1,0,2
Pantera|||Cemetery Gates|||NONE,Pantera,Cemetery Gates,Groove metal,Estados Unidos,0.5591446749970056,0.12580755187432624,306,231,381,1,258,258.0,0,,0.3333333333333333,0,2,1,0,2
Sugar Ray|||Fly|||featuring Super Cat,Sugar Ray,Fly,Rock alternativo,Estados Unidos,0.41756651886658197,0.1252699556599746,316,241,391,1,337,337.0,0,,0.5,0,1,1,0,1
Legião Urbana|||Tempo Perdido|||NONE,Legião Urbana,Tempo Perdido,Rock alternativo,Brasil,0.41496612781461606,0.12448983834438482,261,186,336,1,141,141.0,0,,0.5,0,1,1,0,1
Os Replicantes|||Surfista Calhorda|||NONE,Os Replicantes,Surfista Calhorda,Punk rock,Brasil,0.41487735713435453,0.12446320714030636,300,225,375,1,404,404.0,0,,0.5,0,1,1,0,1
Titãs|||Marvin|||NONE,Titãs,Marvin,Punk rock,Brasil,0.41181538793542516,0.12354461638062754,283,208,358,1,340,340.0,0,,0.5,0,1,1,0,1
Golpe de Estado|||Caso Sério|||NONE,Golpe de Estado,Caso Sério,Hard rock,Brasil,0.41095432509209173,0.12328629752762751,293,218,368,1,330,330.0,0,,0.5,0,1,1,0,1
Lobão e os Ronaldos|||Corações Psicodélicos|||NONE,Lobão e os Ronaldos,Corações Psicodélicos,New wave,Brasil,0.40751131825371956,0.12225339547611586,324,249,399,1,301,301.0,0,,0.5,0,1,1,0,1
The Killers|||Miss Atomic Bomb|||NONE,The Killers,Miss Atomic Bomb,Rock alternativo,Estados Unidos,0.40617616380002197,0.12185284914000659,309,234,384,1,430,430.0,0,,0.5,0,1,1,0,1
Beck|||Loser|||NONE,Beck,Loser,Rock alternativo,Estados Unidos,0.4024218122573852,0.12072654367721555,276,201,351,1,324,324.0,0,,0.5,0,1,1,0,1
Kaiser Chiefs|||Everyday I Love You Less and Less|||NONE,Kaiser Chiefs,Everyday I Love You Less and Less,Indie rock,Reino Unido,0.3990599619752265,0.11971798859256794,239,164,314,1,439,439.0,0,,0.5,0,1,1,0,1
Raul Seixas|||Tente Outra Vez|||NONE,Raul Seixas,Tente Outra Vez,Rock,Brasil,0.39447329698287,0.11834198909486099,338,263,413,1,293,293.0,0,,0.5,0,1,1,0,1
Beastie Boys|||No Sleep till Brooklyn|||NONE,Beastie Boys,No Sleep till Brooklyn,Hip hop,Estados Unidos,0.3912880399423817,0.1173864119827145,264,189,339,1,318,318.0,0,,0.5,0,1,1,0,1
Monaco|||What Do You Want from Me?|||NONE,Monaco,What Do You Want from Me?,Rock alternativo,Reino Unido,0.39084155982890534,0.1172524679486716,300,225,375,1,304,304.0,0,,0.5,0,1,1,0,1
Matanza|||Ela Roubou Meu Caminhão|||NONE,Matanza,Ela Roubou Meu Caminhão,Hardcore punk,Brasil,0.3888514631682831,0.11665543895048493,250,175,325,1,223,223.0,0,,0.5,0,1,1,0,1
Ozzy Osbourne|||You're No Different|||NONE,Ozzy Osbourne,You're No Different,Heavy metal,Reino Unido,0.518058782942289,0.11656322616201502,297,222,372,1,244,244.0,0,,0.3333333333333333,0,2,1,0,2
"Urge Overkill|||Girl, You'll Be a Woman Soon|||NONE",Urge Overkill,"Girl, You'll Be a Woman Soon",Rock alternativo,Estados Unidos,0.3862996563877292,0.11588989691631875,342,267,417,1,470,470.0,0,,0.5,0,1,1,0,1
Bad Religion|||A Walk|||NONE,Bad Religion,A Walk,Punk rock,Estados Unidos,0.5146538733564479,0.11579712150520076,401,326,476,1,486,486.0,0,,0.3333333333333333,0,2,1,0,2
Plebe Rude|||Proteção|||NONE,Plebe Rude,Proteção,Punk rock,Brasil,0.379121178051861,0.1137363534155583,374,299,449,1,468,468.0,0,,0.5,0,1,1,0,1
Green Day|||Revolution Radio|||NONE,Green Day,Revolution Radio,Punk rock,Estados Unidos,0.5048489416302538,0.1135910118668071,311,236,386,1,261,261.0,0,,0.3333333333333333,0,2,1,0,2
Keane|||Is It Any Wonder?|||NONE,Keane,Is It Any Wonder?,Rock alternativo,Reino Unido,0.37567150959445045,0.11270145287833513,249,174,324,1,452,452.0,0,,0.5,0,1,1,0,1
Capital Inicial|||Fátima|||NONE,Capital Inicial,Fátima,Rock alternativo,Brasil,0.3735447978048706,0.11206343934146118,355,280,430,1,480,480.0,0,,0.5,0,1,1,0,1
Stone Temple Pilots|||Between the Lines|||NONE,Stone Temple Pilots,Between the Lines,Grunge,Estados Unidos,0.49741840883799093,0.11191914198854795,322,247,397,1,349,349.0,0,,0.3333333333333333,0,2,1,0,2
Kate Bush|||Running Up That Hill|||NONE,Kate Bush,Running Up That Hill,Art pop,Reino Unido,0.4951116104641974,0.1114001123544444,305,230,380,1,277,277.0,0,,0.3333333333333333,0,2,1,0,2
Journey|||Stone in Love|||NONE,Journey,Stone in Love,Hard rock,Estados Unidos,0.3643380078070194,0.10930140234210582,265,190,340,1,450,450.0,0,,0.5,0,1,1,0,1
Nando Reis|||Me Diga|||NONE,Nando Reis,Me Diga,Rock,Brasil,0.3616074163518668,0.10848222490556003,341,266,416,1,476,476.0,0,,0.5,0,1,1,0,1
The Strokes|||Hard to Explain|||NONE,The Strokes,Hard to Explain,Indie rock,Estados Unidos,0.3608193784440959,0.10824581353322876,326,251,401,1,473,473.0,0,,0.5,0,1,1,0,1
Yes|||I Am Waiting|||NONE,Yes,I Am Waiting,Rock progressivo,Reino Unido,0.4807387880988292,0.10816622732223656,260,185,335,1,375,375.0,0,,0.3333333333333333,0,2,1,0,2
Bon Jovi|||Misunderstood|||NONE,Bon Jovi,Misunderstood,Rock,Estados Unidos,0.4697557412058018,0.1056950417713054,266,191,341,1,376,376.0,0,,0.3333333333333333,0,2,1,0,2
Rush|||Afterimage|||NONE,Rush,Afterimage,Rock progressivo,Canadá,0.6752535927550011,0.10128803891325018,129,54,204,1,25,25.0,0,,0.0625,0,15,1,1,15
Chuck Berry|||Sweet Little Sixteen|||NONE,Chuck Berry,Sweet Little Sixteen,Rock and roll,Estados Unidos,0.6604655184797203,0.09906982777195807,160,85,235,1,34,34.0,0,,0.04,0,24,1,1,24
The Rolling Stones|||Bitch|||NONE,The Rolling Stones,Bitch,Rock,Reino Unido,0.659133723702951,0.09887005855544266,148,73,223,1,23,23.0,0,,0.0625,0,15,1,1,15
Ozzy Osbourne|||Hellraiser|||NONE,Ozzy Osbourne,Hellraiser,Heavy metal,Reino Unido,0.6532463243320115,0.09798694864980173,82,7,157,1,38,38.0,0,,0.06666666666666667,0,14,1,1,14
Robert Plant|||If I Were a Carpenter|||NONE,Robert Plant,If I Were a Carpenter,Hard rock,Reino Unido,0.6459582888002191,0.09689374332003288,54,1,129,1,36,36.0,0,,0.07142857142857142,0,13,1,1,13
The Cult|||Sweet Salvation|||NONE,The Cult,Sweet Salvation,Hard rock,Reino Unido,0.6386109898851857,0.09579164848277787,65,1,140,1,31,31.0,0,,0.0625,0,15,1,1,15
Ira!|||O Girassol|||NONE,Ira!,O Girassol,Rock,Brasil,0.3169036332973013,0.0950710899891904,272,197,347,1,454,454.0,0,,0.5,0,1,1,0,1
The Blues Brothers|||Gimme Some Lovin'|||NONE,The Blues Brothers,Gimme Some Lovin',Blues,Estados Unidos,0.6292290298052061,0.09438435447078093,212,137,287,1,83,83.0,0,,0.058823529411764705,0,16,1,1,16
Deep Purple|||King of Dreams|||NONE,Deep Purple,King of Dreams,Hard rock,Reino Unido,0.6272946376646802,0.09409419564970205,54,1,129,1,34,34.0,0,,0.06666666666666667,0,14,1,1,14
Queen|||Flash|||NONE,Queen,Flash,Rock,Reino Unido,0.6259893799794551,0.09389840699691829,210,135,285,1,88,88.0,0,,0.058823529411764705,0,16,1,1,16
Scorpions|||Always Somewhere|||NONE,Scorpions,Always Somewhere,Hard rock,Alemanha,0.6200088149204764,0.09300132223807148,137,62,212,1,56,56.0,0,,0.0625,0,15,1,1,15
Danzig|||Mother|||NONE,Danzig,Mother,Heavy metal,Estados Unidos,0.4127201285850914,0.09286202893164555,260,185,335,1,237,237.0,0,,0.3333333333333333,0,2,1,0,2
Queen|||We Are the Champions / We Will Rock You|||NONE,Queen,We Are the Champions / We Will Rock You,Rock,Reino Unido,0.6172960277136543,0.09259440415704816,119,44,194,1,26,26.0,0,,0.043478260869565216,0,22,1,1,22
Audioslave|||Original Fire|||NONE,Audioslave,Original Fire,Rock alternativo,Estados Unidos,0.4097375605567407,0.09219095112526665,293,218,368,1,422,422.0,0,,0.3333333333333333,0,2,1,0,2
Arctic Monkeys|||Fake Tales of San Francisco|||NONE,Arctic Monkeys,Fake Tales of San Francisco,Indie rock,Reino Unido,0.39830654691811196,0.08961897305657518,312,237,387,1,465,465.0,0,,0.3333333333333333,0,2,1,0,2
Rush|||Manhattan Project|||NONE,Rush,Manhattan Project,Rock progressivo,Canadá,0.5965715187487719,0.0894857278123158,122,47,197,1,22,22.0,0,,0.058823529411764705,0,16,1,1,16
Sepultura|||Bullet the Blue Sky|||NONE,Sepultura,Bullet the Blue Sky,Thrash metal,Brasil,0.39256001424901266,0.08832600320602783,269,194,344,1,317,317.0,0,,0.3333333333333333,0,2,1,0,2
"Crosby, Stills & Nash|||Suite: Judy Blue Eyes|||NONE","Crosby, Stills & Nash",Suite: Judy Blue Eyes,Folk rock,Estados Unidos,0.5850265834933472,0.0877539875240021,181,106,256,1,95,95.0,0,,0.04,0,24,1,1,24
Talking Heads|||Love For Sale|||NONE,Talking Heads,Love For Sale,New wave,Estados Unidos,0.3867654747850255,0.08702223182663073,315,240,390,1,428,428.0,0,,0.3333333333333333,0,2,1,0,2
Foo Fighters|||Breakout|||NONE,Foo Fighters,Breakout,Rock,Estados Unidos,0.37985340004657675,0.08546701501047976,298,223,373,1,421,421.0,0,,0.3333333333333333,0,2,1,0,2
Creed|||Rain|||NONE,Creed,Rain,Rock alternativo,Estados Unidos,0.5654229394961567,0.08481344092442353,87,12,162,1,36,36.0,0,,0.06666666666666667,0,14,1,1,14
Scorpions|||The Future Never Dies|||NONE,Scorpions,The Future Never Dies,Hard rock,Alemanha,0.5573691457796746,0.08360537186695119,62,1,137,1,35,35.0,0,,0.058823529411764705,0,16,1,1,16
Jerry Lee Lewis|||Me and Bobby McGee|||NONE,Jerry Lee Lewis,Me and Bobby McGee,Rockabilly,Estados Unidos,0.5494186543753062,0.08241279815629594,206,131,281,1,86,86.0,0,,0.041666666666666664,0,23,1,1,23
Eric Clapton|||Gotta Get Over|||NONE,Eric Clapton,Gotta Get Over,Rock,Reino Unido,0.5455554192452836,0.08183331288679255,159,84,234,1,44,44.0,0,,0.08333333333333333,0,11,1,1,11
Donovan|||Mellow Yellow|||NONE,Donovan,Mellow Yellow,Folk,Reino Unido,0.5423254822558182,0.08134882233837275,228,153,303,1,89,89.0,0,,0.04,0,24,1,1,24
Spirit|||I Got a Line on You|||NONE,Spirit,I Got a Line on You,Rock psicodélico,Estados Unidos,0.5420954361875527,0.08131431542813292,229,154,304,1,82,82.0,0,,0.05,0,19,1,1,19
Golden Earring|||Radar Love|||NONE,Golden Earring,Radar Love,Hard rock,Países Baixos,0.5376487975963796,0.08064731963945695,217,142,292,1,99,99.0,0,,0.04,0,24,1,1,24
Coldplay|||Talk|||NONE,Coldplay,Talk,Rock alternativo,Reino Unido,0.2675148671716207,0.08025446015148621,262,187,337,1,478,478.0,0,,0.5,0,1,1,0,1
Meat Loaf|||Two Out of Three Ain't Bad|||NONE,Meat Loaf,Two Out of Three Ain't Bad,Hard rock,Estados Unidos,0.5339839475063572,0.0800975921259536,167,92,242,1,86,86.0,0,,0.04,0,24,1,1,24
John Fogerty|||Change In The Weather|||NONE,John Fogerty,Change In The Weather,Rock,Estados Unidos,0.5321392545266594,0.07982088817899893,158,83,233,1,73,73.0,0,,0.05,0,19,1,1,19
Herman's Hermits|||There's a Kind of Hush|||NONE,Herman's Hermits,There's a Kind of Hush,Rock,Reino Unido,0.5282859123780288,0.07924288685670433,241,166,316,1,84,84.0,0,,0.04,0,24,1,1,24
Scorpions|||Is There Anybody There?|||NONE,Scorpions,Is There Anybody There?,Hard rock,Alemanha,0.5253051853669671,0.07879577780504508,200,125,275,1,84,84.0,0,,0.05,0,19,1,1,19
The Beatles|||I Feel Fine|||NONE,The Beatles,I Feel Fine,Rock,Reino Unido,0.504788116655726,0.07571821749835891,197,122,272,1,68,68.0,0,,0.058823529411764705,0,16,1,1,16
The Byrds|||Eight Miles High|||NONE,The Byrds,Eight Miles High,Folk rock,Estados Unidos,0.5020151199110878,0.07530226798666319,195,120,270,1,73,73.0,0,,0.04,0,24,1,1,24
Rush|||The Trees|||NONE,Rush,The Trees,Rock progressivo,Canadá,0.4972159102465347,0.07458238653698022,180,105,255,1,85,85.0,0,,0.05,0,19,1,1,19
Frankie Valli|||Can't Take My Eyes Off You|||NONE,Frankie Valli,Can't Take My Eyes Off You,Pop,Estados Unidos,0.49286078724629057,0.0739291180869436,202,127,277,1,74,74.0,0,,0.047619047619047616,0,20,1,1,20
Trini Lopez|||America|||NONE,Trini Lopez,America,Pop,Estados Unidos,0.4924151940454967,0.07386227910682452,200,125,275,1,81,81.0,0,,0.04,0,24,1,1,24
Mike and the Mechanics|||Over My Shoulder|||NONE,Mike and the Mechanics,Over My Shoulder,Pop rock,Reino Unido,0.490613188208288,0.07359197823124321,143,68,218,1,99,99.0,0,,0.05,0,19,1,1,19
Jefferson Starship|||We Built This City|||NONE,Jefferson Starship,We Built This City,Classic rock,Estados Unidos,0.4901713309507523,0.07352569964261287,169,94,244,1,78,78.0,0,,0.07692307692307693,0,12,1,1,12
Stray Cats|||Gene and Eddie|||NONE,Stray Cats,Gene and Eddie,Rockabilly,Estados Unidos,0.32578657460926025,0.07330197928708355,345,270,420,1,476,476.0,0,,0.3333333333333333,0,2,1,0,2
Marvin Gaye|||I Heard It Through the Grapevine|||NONE,Marvin Gaye,I Heard It Through the Grapevine,Soul,Estados Unidos,0.4779392410059444,0.07169088615089167,174,99,249,1,64,64.0,0,,0.04,0,24,1,1,24
Deep Purple|||You Keep on Moving|||NONE,Deep Purple,You Keep on Moving,Hard rock,Reino Unido,0.4771686463531146,0.0715752969529672,178,103,253,1,67,67.0,0,,0.05,0,19,1,1,19
Queensrÿche|||Breaking the Silence|||NONE,Queensrÿche,Breaking the Silence,Heavy metal,Estados Unidos,0.47434827236255495,0.07115224085438325,148,73,223,1,78,78.0,0,,0.058823529411764705,0,16,1,1,16
Steely Dan|||Hey Nineteen|||NONE,Steely Dan,Hey Nineteen,Jazz fusion,Estados Unidos,0.45966327828236664,0.06894949174235501,167,92,242,1,69,69.0,0,,0.04,0,24,1,1,24
Black Sabbath|||God Is Dead?|||NONE,Black Sabbath,God Is Dead?,Heavy metal,Reino Unido,0.45172653400538965,0.06775898010080846,185,110,260,1,56,56.0,0,,0.08333333333333333,0,11,1,1,11
Bon Jovi|||These Days|||NONE,Bon Jovi,These Days,Rock,Estados Unidos,0.44859727698714286,0.06728959154807145,148,73,223,1,98,98.0,0,,0.16666666666666666,0,5,1,1,5
Manowar|||Warriors of the World United|||NONE,Manowar,Warriors of the World United,Heavy metal,Estados Unidos,0.6367420240873605,0.06685791252917285,268,193,343,1,274,274.0,0,,0.25,0,3,1,0,3
Dio|||Rock & Roll|||NONE,Dio,Rock & Roll,Heavy metal,Estados Unidos,0.631850803010977,0.06634433431615258,143,68,218,1,125,125.0,0,,0.25,0,3,1,0,3
New York Dolls|||Personality Crisis|||NONE,New York Dolls,Personality Crisis,Glam rock,Estados Unidos,0.6307828857773942,0.06623220300662638,288,213,363,1,215,215.0,0,,0.25,0,3,1,0,3
Eagles|||Heartache Tonight|||NONE,Eagles,Heartache Tonight,Country rock,Estados Unidos,0.4374380475636866,0.065615707134553,151,76,226,1,66,66.0,0,,0.05,0,19,1,1,19
Aerosmith|||Devil's Got a New Disguise|||NONE,Aerosmith,Devil's Got a New Disguise,Hard rock,Estados Unidos,0.6092493212176545,0.06397117872785374,279,204,354,1,279,279.0,0,,0.25,0,3,1,0,3
Alice Cooper|||Be My Lover|||NONE,Alice Cooper,Be My Lover,Hard rock,Estados Unidos,0.6033426402349472,0.06335097722466947,257,182,332,1,214,214.0,0,,0.25,0,3,1,0,3
The Rolling Stones|||Doom and Gloom|||NONE,The Rolling Stones,Doom and Gloom,Rock,Reino Unido,0.4133373215510731,0.06200059823266098,216,141,291,1,91,91.0,0,,0.08333333333333333,0,11,1,1,11
Sex Pistols|||Pretty Vacant|||NONE,Sex Pistols,Pretty Vacant,Punk rock,Reino Unido,0.589422092975425,0.06188931976241963,275,200,350,1,216,216.0,0,,0.25,0,3,1,0,3
Aerosmith|||What Could Have Been Love|||NONE,Aerosmith,What Could Have Been Love,Hard rock,Estados Unidos,0.40960665959716325,0.0614409989395745,196,121,271,1,52,52.0,0,,0.08333333333333333,0,11,1,1,11
U2|||Ultra Violet (Light My Way)|||NONE,U2,Ultra Violet (Light My Way),Rock,Irlanda,0.6816149520180251,0.06134534568162227,285,210,360,1,197,197.0,0,,0.2,0,4,1,0,4
Ramones|||The KKK Took My Baby Away|||NONE,Ramones,The KKK Took My Baby Away,Punk rock,Estados Unidos,0.5805061886963021,0.06095314981311172,223,148,298,1,219,219.0,0,,0.25,0,3,1,0,3
The Jimi Hendrix Experience|||The Wind Cries Mary|||NONE,The Jimi Hendrix Experience,The Wind Cries Mary,Rock psicodélico,Estados Unidos,0.5755460443536137,0.06043233465712944,268,193,343,1,217,217.0,0,,0.25,0,3,1,0,3
R.E.M.|||Stand|||NONE,R.E.M.,Stand,Rock alternativo,Estados Unidos,0.40217478460970346,0.060326217691455526,155,80,230,1,67,67.0,0,,0.07692307692307693,0,12,1,1,12
Def Leppard|||Let It Go|||NONE,Def Leppard,Let It Go,Hard rock,Reino Unido,0.5212536621278108,0.054731634523420135,272,197,347,1,270,270.0,0,,0.25,0,3,1,0,3
Chubby Checker|||The Twist|||NONE,Chubby Checker,The Twist,Rock and roll,Estados Unidos,0.5197202345520282,0.054570624627962964,283,208,358,1,155,155.0,0,,0.25,0,3,1,0,3
Johnny Rivers|||Whiter Shade of Pale|||NONE,Johnny Rivers,Whiter Shade of Pale,Rock,Estados Unidos,0.5191159761675476,0.0545071774975925,208,133,283,1,312,312.0,0,,0.25,0,3,1,0,3
Muse|||Hysteria|||NONE,Muse,Hysteria,Rock alternativo,Reino Unido,0.35517970337929483,0.053276955506894236,127,52,202,1,66,66.0,0,,0.07142857142857142,0,13,1,1,13
Kiss|||Do You Love Me|||NONE,Kiss,Do You Love Me,Hard rock,Estados Unidos,0.4818578305676771,0.0505950722096061,318,243,393,1,351,351.0,0,,0.25,0,3,1,0,3
Iron Maiden|||Women in Uniform|||NONE,Iron Maiden,Women in Uniform,Heavy metal,Reino Unido,0.6680728434629812,0.0501054632597236,322,247,397,1,115,115.0,0,,0.058823529411764705,0,16,1,0,16
The Grass Roots|||Temptation Eyes|||NONE,The Grass Roots,Temptation Eyes,Folk rock,Estados Unidos,0.6599905595196037,0.049499291963970286,316,241,391,1,495,495.0,0,,0.04,0,24,1,0,24
Genesis|||Misunderstanding|||NONE,Genesis,Misunderstanding,Rock progressivo,Reino Unido,0.657508774198912,0.04931315806491841,326,251,401,1,113,113.0,0,,0.058823529411764705,0,16,1,0,16
The Cult|||Hollow Man|||NONE,The Cult,Hollow Man,Hard rock,Reino Unido,0.6556374819698416,0.04917281114773813,246,171,321,1,108,108.0,0,,0.07142857142857142,0,13,1,0,13
The Sheepdogs|||I Don't Know|||NONE,The Sheepdogs,I Don't Know,Rock,Canadá,0.4677148904377614,0.04911006349596495,320,245,395,1,414,414.0,0,,0.25,0,3,1,0,3
Metallica|||For Whom the Bell Tolls|||NONE,Metallica,For Whom the Bell Tolls,Thrash metal,Estados Unidos,0.5438358119838381,0.04894522307854544,231,156,306,1,181,181.0,0,,0.2,0,4,1,0,4
James Taylor|||You've Got a Friend|||NONE,James Taylor,You've Got a Friend,Soft rock,Estados Unidos,0.6415683076891656,0.048117623076687425,278,203,353,1,128,128.0,0,,0.04,0,24,1,0,24
Pink Floyd|||Lucifer Sam|||NONE,Pink Floyd,Lucifer Sam,Rock progressivo,Reino Unido,0.6380696402255132,0.047855223016913494,323,248,398,1,125,125.0,0,,0.058823529411764705,0,16,1,0,16
Alice in Chains|||We Die Young|||NONE,Alice in Chains,We Die Young,Grunge,Estados Unidos,0.5306861707766981,0.047761755369902834,305,230,380,1,265,265.0,0,,0.2,0,4,1,0,4
The Stone Roses|||Elephant Stone|||NONE,The Stone Roses,Elephant Stone,Rock alternativo,Reino Unido,0.5289867370507367,0.047608806334566316,235,160,310,1,220,220.0,0,,0.2,0,4,1,0,4
Led Zeppelin|||No Quarter|||NONE,Led Zeppelin,No Quarter,Hard rock,Reino Unido,0.6321745745304386,0.0474130930897829,261,186,336,1,369,369.0,0,,0.041666666666666664,0,23,1,0,23
ZZ Top|||Got Me Under Pressure|||NONE,ZZ Top,Got Me Under Pressure,Blues rock,Estados Unidos,0.6308963105430068,0.04731722329072551,374,299,449,1,494,494.0,0,,0.043478260869565216,0,22,1,0,22
Donovan|||Sunshine Superman|||NONE,Donovan,Sunshine Superman,Folk,Reino Unido,0.6260749031184614,0.04695561773388461,327,252,402,1,493,493.0,0,,0.04,0,24,1,0,24
Eagles|||Life in the Fast Lane|||NONE,Eagles,Life in the Fast Lane,Country rock,Estados Unidos,0.6257564862821657,0.04693173647116244,305,230,380,1,356,356.0,0,,0.04,0,24,1,0,24
Echo & the Bunnymen|||Rescue|||NONE,Echo & the Bunnymen,Rescue,Pós-punk,Reino Unido,0.44250130355346584,0.04646263687311392,299,224,374,1,249,249.0,0,,0.25,0,3,1,0,3
Alice Cooper|||Generation Landslide|||NONE,Alice Cooper,Generation Landslide,Hard rock,Estados Unidos,0.6185783636613552,0.046393377274601647,272,197,347,1,370,370.0,0,,0.041666666666666664,0,23,1,0,23
Nirvana|||Come as You Are|||acústica,Nirvana,Come as You Are,Grunge,Estados Unidos,0.6170212214255004,0.04627659160691254,226,151,301,1,124,124.0,0,,0.045454545454545456,0,21,1,0,21
Blackfoot|||Fly Away|||NONE,Blackfoot,Fly Away,Southern rock,Estados Unidos,0.6165964690300828,0.04624473517725622,275,200,350,1,202,202.0,0,,0.058823529411764705,0,16,1,0,16
Rod Stewart|||(I Know) I'm Losing You|||NONE,Rod Stewart,(I Know) I'm Losing You,Pop rock,Reino Unido,0.6156967496918707,0.04617725622689031,300,225,375,1,371,371.0,0,,0.04,0,24,1,0,24
John Miles|||Song For You|||NONE,John Miles,Song For You,Rock progressivo,Reino Unido,0.6135605684141672,0.046017042631062544,275,200,350,1,117,117.0,0,,0.05,0,19,1,0,19
Rage Against the Machine|||Testify|||NONE,Rage Against the Machine,Testify,Rap metal,Estados Unidos,0.5112293380605287,0.04601064042544759,250,175,325,1,219,219.0,0,,0.2,0,4,1,0,4
Electric Light Orchestra|||Roll Over Beethoven|||NONE,Electric Light Orchestra,Roll Over Beethoven,Rock progressivo,Reino Unido,0.4364327075722013,0.045825434295081145,294,219,369,1,423,423.0,0,,0.25,0,3,1,0,3
Bad Company|||Ready for Love|||NONE,Bad Company,Ready for Love,Blues rock,Reino Unido,0.6102326173822299,0.04576744630366725,298,223,373,1,354,354.0,0,,0.047619047619047616,0,20,1,0,20
Tom Petty|||Love Is a Long Road|||NONE,Tom Petty,Love Is a Long Road,Rock,Estados Unidos,0.6076377592339105,0.045572831942543295,249,174,324,1,118,118.0,0,,0.05,0,19,1,0,19
Wings|||Jet|||NONE,Wings,Jet,Pop rock,Reino Unido,0.6071039751120451,0.045532798133403385,299,224,374,1,170,170.0,0,,0.06666666666666667,0,14,1,0,14
Alice Cooper|||Elected|||NONE,Alice Cooper,Elected,Hard rock,Estados Unidos,0.6046437198931969,0.045348278991989774,282,207,357,1,209,209.0,0,,0.058823529411764705,0,16,1,0,16
Led Zeppelin|||Carouselambra|||NONE,Led Zeppelin,Carouselambra,Hard rock,Reino Unido,0.6028153480781903,0.045211151105864274,225,150,300,1,124,124.0,0,,0.07142857142857142,0,13,1,0,13
Whitesnake|||Day Tripper|||NONE,Whitesnake,Day Tripper,Hard rock,Reino Unido,0.597639521152906,0.04482296408646796,297,222,372,1,216,216.0,0,,0.06666666666666667,0,14,1,0,14
Ten Years After|||I'm Going Home|||NONE,Ten Years After,I'm Going Home,Blues rock,Reino Unido,0.5971920809983682,0.04478940607487762,206,131,281,1,130,130.0,0,,0.04,0,24,1,0,24
Santana|||Just Feel Better|||NONE,Santana,Just Feel Better,Rock latino,Estados Unidos,0.49746701275480354,0.04477203114793233,338,263,413,1,491,491.0,0,,0.2,0,4,1,0,4
Rick Wakeman|||Julia|||NONE,Rick Wakeman,Julia,Rock progressivo,Reino Unido,0.5964677462526325,0.04473508096894745,242,167,317,1,129,129.0,0,,0.041666666666666664,0,23,1,0,23
Iron Maiden|||Hallowed Be Thy Name|||NONE,Iron Maiden,Hallowed Be Thy Name,Heavy metal,Reino Unido,0.5958526414029514,0.04468894810522136,235,160,310,1,183,183.0,0,,0.05263157894736842,0,18,1,0,18
The Fortunes|||You've Got Your Troubles|||NONE,The Fortunes,You've Got Your Troubles,Pop,Reino Unido,0.5953955678917178,0.04465466759187884,297,222,372,1,112,112.0,0,,0.04,0,24,1,0,24
Deep Purple|||Wasted Sunsets|||NONE,Deep Purple,Wasted Sunsets,Hard rock,Reino Unido,0.5900255057559128,0.04425191293169347,210,135,285,1,102,102.0,0,,0.0625,0,15,1,0,15
Pixies|||Debaser|||NONE,Pixies,Debaser,Rock alternativo,Estados Unidos,0.5894678842583015,0.044210091319372626,244,169,319,1,106,106.0,0,,0.058823529411764705,0,16,1,0,16
Rick Wakeman|||Arthur|||NONE,Rick Wakeman,Arthur,Rock progressivo,Reino Unido,0.5893968719927449,0.04420476539945588,209,134,284,1,109,109.0,0,,0.041666666666666664,0,23,1,0,23
The Who|||We're Not Gonna Take It|||NONE,The Who,We're Not Gonna Take It,Rock,Reino Unido,0.5870635569997205,0.044029766774979044,308,233,383,1,206,206.0,0,,0.04,0,24,1,0,24
Gary U.S. Bonds|||Quarter to Three|||NONE,Gary U.S. Bonds,Quarter to Three,Rock,Estados Unidos,0.5843492946899062,0.043826197101742966,308,233,383,1,496,496.0,0,,0.04,0,24,1,0,24
Smokey Robinson & The Miracles|||The Tears of a Clown|||NONE,Smokey Robinson & The Miracles,The Tears of a Clown,Soul,Estados Unidos,0.5841939134999244,0.04381454351249434,276,201,351,1,180,180.0,0,,0.04,0,24,1,0,24
Cat Mother and The All Night Newsboys|||Good Old Rock´n Roll|||NONE,Cat Mother and The All Night Newsboys,Good Old Rock´n Roll,Rock,Estados Unidos,0.5841939134999244,0.04381454351249434,281,206,356,1,179,179.0,0,,0.041666666666666664,0,23,1,0,23
AC/DC|||Realize|||NONE,AC/DC,Realize,Hard rock,Austrália,0.48620585432454044,0.04375852688920864,307,232,382,1,495,495.0,0,,0.2,0,4,1,0,4
The Rolling Stones|||Get Off of My Cloud|||NONE,The Rolling Stones,Get Off of My Cloud,Rock,Reino Unido,0.5832730556087897,0.043745479170659234,310,235,385,1,130,130.0,0,,0.058823529411764705,0,16,1,0,16
Van Halen|||Poundcake|||NONE,Van Halen,Poundcake,Hard rock,Estados Unidos,0.4857612743167899,0.043718514688511095,235,160,310,1,225,225.0,0,,0.2,0,4,1,0,4
The Jimi Hendrix Experience|||Castles Made of Sand|||NONE,The Jimi Hendrix Experience,Castles Made of Sand,Rock psicodélico,Estados Unidos,0.582843970655708,0.04371329779917811,248,173,323,1,214,214.0,0,,0.058823529411764705,0,16,1,0,16
Jethro Tull|||Bungle in the Jungle|||NONE,Jethro Tull,Bungle in the Jungle,Rock progressivo,Reino Unido,0.5819556653061108,0.043646674897958315,286,211,361,1,215,215.0,0,,0.04,0,24,1,0,24
Sam the Sham and the Pharaohs|||Wooly Bully|||NONE,Sam the Sham and the Pharaohs,Wooly Bully,Rock de garagem,Estados Unidos,0.5817558334276364,0.04363168750707273,320,245,395,1,483,483.0,0,,0.04,0,24,1,0,24
Small Faces|||Itchycoo Park|||NONE,Small Faces,Itchycoo Park,Rock psicodélico,Reino Unido,0.5817473618457127,0.04363105213842846,292,217,367,1,178,178.0,0,,0.04,0,24,1,0,24
Rush|||Finding My Way|||NONE,Rush,Finding My Way,Rock progressivo,Canadá,0.5812044863031296,0.04359033647273473,239,164,314,1,124,124.0,0,,0.041666666666666664,0,23,1,0,23
Bryan Ferry|||Don't Stop the Dance|||NONE,Bryan Ferry,Don't Stop the Dance,Glam rock,Reino Unido,0.5811761336991194,0.04358821002743396,384,309,459,1,490,490.0,0,,0.045454545454545456,0,21,1,0,21
Led Zeppelin|||Moby Dick|||NONE,Led Zeppelin,Moby Dick,Hard rock,Reino Unido,0.5801654264331824,0.043512406982488684,261,186,336,1,500,500.0,0,,0.041666666666666664,0,23,1,0,23
Eddie Vedder|||You've Got to Hide Your Love Away|||NONE,Eddie Vedder,You've Got to Hide Your Love Away,Rock acústico,Estados Unidos,0.4142980860864315,0.043501299039075306,269,194,344,1,444,444.0,0,,0.25,0,3,1,0,3
Stevie Ray Vaughan & Double Trouble|||Voodoo Child|||NONE,Stevie Ray Vaughan & Double Trouble,Voodoo Child,Blues rock,Estados Unidos,0.5799878868981558,0.04349909151736169,269,194,344,1,210,210.0,0,,0.043478260869565216,0,22,1,0,22
The Honeydrippers|||Sea of Love|||NONE,The Honeydrippers,Sea of Love,Rock and roll,Reino Unido,0.5798496660028998,0.04348872495021749,328,253,403,1,127,127.0,0,,0.04,0,24,1,0,24
"Crosby, Stills & Nash|||Teach Your Children|||NONE","Crosby, Stills & Nash",Teach Your Children,Folk rock,Estados Unidos,0.578603268399284,0.04339524512994631,286,211,361,1,199,199.0,0,,0.04,0,24,1,0,24
Joe Cocker|||Feelin' Alright?|||NONE,Joe Cocker,Feelin' Alright?,Classic rock,Reino Unido,0.5776082006801455,0.04332061505101092,268,193,343,1,179,179.0,0,,0.04,0,24,1,0,24
"Foghat|||Ride, Ride, Ride|||NONE",Foghat,"Ride, Ride, Ride",Hard rock,Reino Unido,0.41237613369566195,0.04329949403804451,225,150,300,1,308,308.0,0,,0.25,0,3,1,0,3
Aerosmith|||Train Kept A-Rollin'|||NONE,Aerosmith,Train Kept A-Rollin',Hard rock,Estados Unidos,0.5769364486213717,0.04327023364660289,265,190,340,1,184,184.0,0,,0.07142857142857142,0,13,1,0,13
Pink Floyd|||Coming Back to Life|||NONE,Pink Floyd,Coming Back to Life,Rock progressivo,Reino Unido,0.5763651817454847,0.043227388630911356,277,202,352,1,328,328.0,0,,0.1111111111111111,0,8,1,0,8
Nazareth|||This Flight Tonight|||NONE,Nazareth,This Flight Tonight,Hard rock,Reino Unido,0.5748800349111918,0.04311600261833939,299,224,374,1,344,344.0,0,,0.04,0,24,1,0,24
King Crimson|||The Court of the Crimson King|||NONE,King Crimson,The Court of the Crimson King,Rock progressivo,Reino Unido,0.5740736615119346,0.0430555246133951,304,229,379,1,208,208.0,0,,0.047619047619047616,0,20,1,0,20
Peter Gabriel|||In Your Eyes|||NONE,Peter Gabriel,In Your Eyes,Rock progressivo,Reino Unido,0.5739125253988224,0.04304343940491169,307,232,382,1,463,463.0,0,,0.05,0,19,1,0,19
Chicago|||Saturday in the Park|||NONE,Chicago,Saturday in the Park,Pop rock,Estados Unidos,0.5734772657046087,0.04301079492784566,281,206,356,1,282,282.0,0,,0.04,0,24,1,0,24
Isaac Hayes|||Theme from Shaft|||NONE,Isaac Hayes,Theme from Shaft,Funk,Estados Unidos,0.5729483607083526,0.04297112705312645,284,209,359,1,208,208.0,0,,0.043478260869565216,0,22,1,0,22
The Jimi Hendrix Experience|||Stone Free|||NONE,The Jimi Hendrix Experience,Stone Free,Rock psicodélico,Estados Unidos,0.4090946616766019,0.0429549394760432,246,171,321,1,230,230.0,0,,0.25,0,3,1,0,3
Eric Burdon & the Animals|||San Franciscan Nights|||NONE,Eric Burdon & the Animals,San Franciscan Nights,Rock psicodélico,Reino Unido,0.5722610002308363,0.04291957501731273,289,214,364,1,177,177.0,0,,0.04,0,24,1,0,24
Bachman–Turner Overdrive|||Let It Ride|||NONE,Bachman–Turner Overdrive,Let It Ride,Rock,Canadá,0.5717919576229236,0.042884396821719274,293,218,368,1,207,207.0,0,,0.058823529411764705,0,16,1,0,16
The Beatles|||Golden Slumbers|||NONE,The Beatles,Golden Slumbers,Rock,Reino Unido,0.5710231227047493,0.0428267342028562,266,191,341,1,204,204.0,0,,0.041666666666666664,0,23,1,0,23
Joe Walsh|||Rocky Mountain Way|||NONE,Joe Walsh,Rocky Mountain Way,Rock,Estados Unidos,0.570690595979061,0.04280179469842958,239,164,314,1,105,105.0,0,,0.04,0,24,1,0,24
Billy Idol|||Flesh for Fantasy|||NONE,Billy Idol,Flesh for Fantasy,Rock,Reino Unido,0.5701948115601864,0.04276461086701398,229,154,304,1,349,349.0,0,,0.043478260869565216,0,22,1,0,22
Stevie Wonder|||For Once in My Life|||NONE,Stevie Wonder,For Once in My Life,Soul,Estados Unidos,0.5700871687215602,0.04275653765411702,300,225,375,1,106,106.0,0,,0.04,0,24,1,0,24
Jethro Tull|||Cross-Eyed Mary|||NONE,Jethro Tull,Cross-Eyed Mary,Rock progressivo,Reino Unido,0.5696154514893308,0.04272115886169982,266,191,341,1,184,184.0,0,,0.04,0,24,1,0,24
Coldplay|||The Scientist|||NONE,Coldplay,The Scientist,Rock alternativo,Reino Unido,0.5690143415088046,0.04267607561316035,257,182,332,1,185,185.0,0,,0.07142857142857142,0,13,1,0,13
Rage Against the Machine|||Freedom|||NONE,Rage Against the Machine,Freedom,Rap metal,Estados Unidos,0.5689468630832181,0.04267101473124136,300,225,375,1,342,342.0,0,,0.16666666666666666,0,5,1,0,5
Joe Cocker|||Delta Lady|||NONE,Joe Cocker,Delta Lady,Classic rock,Reino Unido,0.5682217652903587,0.04261663239677691,313,238,388,1,166,166.0,0,,0.04,0,24,1,0,24
Tom Petty and the Heartbreakers|||Anything That's Rock 'n' Roll|||NONE,Tom Petty and the Heartbreakers,Anything That's Rock 'n' Roll,Rock,Estados Unidos,0.5676178101208914,0.04257133575906686,234,159,309,1,181,181.0,0,,0.07692307692307693,0,12,1,0,12
Stevie Wonder|||If You Really Love Me|||NONE,Stevie Wonder,If You Really Love Me,Soul,Estados Unidos,0.5667079482022397,0.04250309611516798,295,220,370,1,201,201.0,0,,0.04,0,24,1,0,24
Red Hot Chili Peppers|||Hump de Bump|||NONE,Red Hot Chili Peppers,Hump de Bump,Rock,Estados Unidos,0.5664504713909065,0.042483785354317995,304,229,379,1,494,494.0,0,,0.14285714285714285,0,6,1,0,6
Gene Vincent & His Blue Caps|||Be-Bop-a-Lula|||NONE,Gene Vincent & His Blue Caps,Be-Bop-a-Lula,Rock and roll,Estados Unidos,0.5653457303842772,0.042400929778820796,319,244,394,1,107,107.0,0,,0.04,0,24,1,0,24
Rod Stewart|||Every Picture Tells a Story|||NONE,Rod Stewart,Every Picture Tells a Story,Pop rock,Reino Unido,0.5640927279328118,0.042306954594960894,274,199,349,1,487,487.0,0,,0.04,0,24,1,0,24
Aretha Franklin|||Chain of Fools|||NONE,Aretha Franklin,Chain of Fools,Soul,Estados Unidos,0.5634772657046088,0.042260794927845666,263,188,338,1,282,282.0,0,,0.043478260869565216,0,22,1,0,22
Johnny Rivers|||Poor Side of Town|||NONE,Johnny Rivers,Poor Side of Town,Rock,Estados Unidos,0.5629604244692592,0.04222203183519445,263,188,338,1,194,194.0,0,,0.04,0,24,1,0,24
38 Special|||Hold On Loosely|||NONE,38 Special,Hold On Loosely,Southern rock,Estados Unidos,0.5627862887354032,0.04220897165515524,281,206,356,1,283,283.0,0,,0.06666666666666667,0,14,1,0,14
Santana|||Just Feel Better|||featuring Steven Tyler,Santana,Just Feel Better,Rock latino,Estados Unidos,0.40117271540101734,0.04212313511710682,313,238,388,1,498,498.0,0,,0.25,0,3,1,0,3
Melanie|||Lay Down (Candles in the Rain)|||NONE,Melanie,Lay Down (Candles in the Rain),Folk,Estados Unidos,0.5615779525867522,0.04211834644400642,266,191,341,1,462,462.0,0,,0.04,0,24,1,0,24
Elvis Presley|||Can't Help Falling in Love|||NONE,Elvis Presley,Can't Help Falling in Love,Rock and roll,Estados Unidos,0.561144081685152,0.042085806126386405,273,198,348,1,499,499.0,0,,0.045454545454545456,0,21,1,0,21
Guns N' Roses|||Breakdown|||NONE,Guns N' Roses,Breakdown,Hard rock,Estados Unidos,0.5607792715744266,0.042058445368082,244,169,319,1,284,284.0,0,,0.07142857142857142,0,13,1,0,13
The Allman Brothers Band|||Whipping Post|||NONE,The Allman Brothers Band,Whipping Post,Southern rock,Estados Unidos,0.5607112782226569,0.042053345866699274,273,198,348,1,278,278.0,0,,0.047619047619047616,0,20,1,0,20
Tears for Fears|||Woman in Chains|||NONE,Tears for Fears,Woman in Chains,New wave,Reino Unido,0.5606456202915218,0.04204842152186414,243,168,318,1,177,177.0,0,,0.045454545454545456,0,21,1,0,21
Led Zeppelin|||In the Evening|||NONE,Led Zeppelin,In the Evening,Hard rock,Reino Unido,0.5601629596896681,0.04201222197672511,252,177,327,1,184,184.0,0,,0.058823529411764705,0,16,1,0,16
Alphaville|||Forever Young|||NONE,Alphaville,Forever Young,Synth-pop,Alemanha,0.5591082485813168,0.04193311864359876,261,186,336,1,196,196.0,0,,0.05263157894736842,0,18,1,0,18
Nazareth|||Woke Up This Morning|||NONE,Nazareth,Woke Up This Morning,Hard rock,Reino Unido,0.5586054410087739,0.041895408075658044,282,207,357,1,270,270.0,0,,0.043478260869565216,0,22,1,0,22
Argent|||Time of the Season|||ao vivo,Argent,Time of the Season,Rock progressivo,Reino Unido,0.5583061176770954,0.04187295882578216,322,247,397,1,200,200.0,0,,0.04,0,24,1,0,24
Jan and Dean|||Surf City|||NONE,Jan and Dean,Surf City,Rock,Estados Unidos,0.5582807897865313,0.04187105923398985,323,248,398,1,486,486.0,0,,0.04,0,24,1,0,24
The Cult|||Heart of Soul|||NONE,The Cult,Heart of Soul,Hard rock,Reino Unido,0.5576152895267485,0.041821146714506145,273,198,348,1,278,278.0,0,,0.058823529411764705,0,16,1,0,16
The Who|||Squeeze Box|||NONE,The Who,Squeeze Box,Rock,Reino Unido,0.5566566121966782,0.04174924591475087,318,243,393,1,496,496.0,0,,0.07692307692307693,0,12,1,0,12
Heart|||Magic Man|||NONE,Heart,Magic Man,Rock,Estados Unidos,0.5566354531726361,0.04174765898794771,223,148,298,1,125,125.0,0,,0.05,0,19,1,0,19
Jim Croce|||Operator (That's Not the Way It Feels)|||NONE,Jim Croce,Operator (That's Not the Way It Feels),Folk,Estados Unidos,0.5564880410342063,0.04173660307756548,310,235,385,1,165,165.0,0,,0.04,0,24,1,0,24
10cc|||Rubber Bullets|||NONE,10cc,Rubber Bullets,Art rock,Reino Unido,0.5559320618786652,0.041694904640899894,314,239,389,1,344,344.0,0,,0.043478260869565216,0,22,1,0,22
Plastic Ono Band|||Give Peace a Chance|||NONE,Plastic Ono Band,Give Peace a Chance,Rock,Reino Unido,0.5556019862301759,0.0416701489672632,282,207,357,1,176,176.0,0,,0.04,0,24,1,0,24
José Feliciano|||Light My Fire|||NONE,José Feliciano,Light My Fire,Pop latino,Estados Unidos,0.5553363922077625,0.0416502294155822,300,225,375,1,167,167.0,0,,0.04,0,24,1,0,24
Colin Hay|||Into my Life|||NONE,Colin Hay,Into my Life,Rock,Austrália,0.554918488022443,0.04161888660168323,279,204,354,1,344,344.0,0,,0.047619047619047616,0,20,1,0,20
Dream Theater|||Take Away My Pain|||NONE,Dream Theater,Take Away My Pain,Metal progressivo,Estados Unidos,0.55477965798845,0.041608474349133756,294,219,369,1,333,333.0,0,,0.1111111111111111,0,8,1,0,8
Fleetwood Mac|||The Chain|||NONE,Fleetwood Mac,The Chain,Rock,Reino Unido,0.4619305970276151,0.04157375373248536,313,238,388,1,395,395.0,0,,0.2,0,4,1,0,4
Pink Floyd|||The Final Cut|||NONE,Pink Floyd,The Final Cut,Rock progressivo,Reino Unido,0.5534471258385901,0.04150853443789426,295,220,370,1,352,352.0,0,,0.041666666666666664,0,23,1,0,23
Bob Dylan|||All Along the Watchtower|||NONE,Bob Dylan,All Along the Watchtower,Folk,Estados Unidos,0.5530479849834976,0.041478598873762325,285,210,360,1,101,101.0,0,,0.058823529411764705,0,16,1,0,16
Deep Purple|||Knocking at Your Back Door|||NONE,Deep Purple,Knocking at Your Back Door,Hard rock,Reino Unido,0.552849751737888,0.0414637313803416,247,172,322,1,229,229.0,0,,0.041666666666666664,0,23,1,0,23
Pink Floyd|||Young Lust|||NONE,Pink Floyd,Young Lust,Rock progressivo,Reino Unido,0.4606010196323838,0.04145409176691455,298,223,373,1,376,376.0,0,,0.2,0,4,1,0,4
Yes|||And You and I|||NONE,Yes,And You and I,Rock progressivo,Reino Unido,0.5521100834992074,0.04140825626244056,229,154,304,1,125,125.0,0,,0.041666666666666664,0,23,1,0,23
Rush|||Roll the Bones|||NONE,Rush,Roll the Bones,Rock progressivo,Canadá,0.552013432903109,0.04140100746773318,279,204,354,1,407,407.0,0,,0.14285714285714285,0,6,1,0,6
The Offspring|||Gone Away|||NONE,The Offspring,Gone Away,Punk rock,Estados Unidos,0.45984201014587983,0.04138578091312919,318,243,393,1,394,394.0,0,,0.2,0,4,1,0,4
The Beach Boys|||Kokomo|||NONE,The Beach Boys,Kokomo,Rock,Estados Unidos,0.5516357583048564,0.04137268187286424,241,166,316,1,174,174.0,0,,0.058823529411764705,0,16,1,0,16
Screaming Trees|||Dollar Bill|||NONE,Screaming Trees,Dollar Bill,Grunge,Estados Unidos,0.45964834176349845,0.04136835075871487,312,237,387,1,399,399.0,0,,0.2,0,4,1,0,4
"Junior Wells|||Good Morning, School Girl|||NONE",Junior Wells,"Good Morning, School Girl",Blues,Estados Unidos,0.5513487527999409,0.04135115645999557,288,213,363,1,202,202.0,0,,0.041666666666666664,0,23,1,0,23
Eagles|||Best of My Love|||NONE,Eagles,Best of My Love,Country rock,Estados Unidos,0.5503131669814648,0.04127348752360987,267,192,342,1,219,219.0,0,,0.04,0,24,1,0,24
The Smiths|||Girlfriend in a Coma|||NONE,The Smiths,Girlfriend in a Coma,Indie pop,Reino Unido,0.5499905936609072,0.04124929452456805,368,293,443,1,116,116.0,0,,0.058823529411764705,0,16,1,0,16
King Crimson|||21st Century Schizoid Man|||NONE,King Crimson,21st Century Schizoid Man,Rock progressivo,Reino Unido,0.5497980358665405,0.041234852689990546,270,195,345,1,188,188.0,0,,0.041666666666666664,0,23,1,0,23
Red Hot Chili Peppers|||Suck My Kiss|||NONE,Red Hot Chili Peppers,Suck My Kiss,Rock,Estados Unidos,0.4579013105429013,0.04121111794886113,290,215,365,1,272,272.0,0,,0.2,0,4,1,0,4
Peter Frampton|||Baby (Somethin's Happening)|||NONE,Peter Frampton,Baby (Somethin's Happening),Rock,Reino Unido,0.547948971665896,0.0410961728749422,294,219,369,1,278,278.0,0,,0.04,0,24,1,0,24
Richie Havens|||Freedom|||ao vivo,Richie Havens,Freedom,Soul,Estados Unidos,0.5465787403646616,0.040993405527349626,231,156,306,1,429,429.0,0,,0.04,0,24,1,0,24
The Cult|||Lil' Devil|||NONE,The Cult,Lil' Devil,Hard rock,Reino Unido,0.5464845015630572,0.04098633761722929,310,235,385,1,125,125.0,0,,0.1111111111111111,0,8,1,0,8
Jeff Healey|||While My Guitar Gently Weeps|||NONE,Jeff Healey,While My Guitar Gently Weeps,Blues,Canadá,0.5462788033464406,0.04097091025098305,312,237,387,1,462,462.0,0,,0.05263157894736842,0,18,1,0,18
The Who|||Anyway Anyhow Anywhere|||NONE,The Who,Anyway Anyhow Anywhere,Rock,Reino Unido,0.5448634123829846,0.04086475592872385,309,234,384,1,496,496.0,0,,0.0625,0,15,1,0,15
Electric Light Orchestra|||Confusion|||NONE,Electric Light Orchestra,Confusion,Rock progressivo,Reino Unido,0.5439374307161273,0.04079530730370955,288,213,363,1,206,206.0,0,,0.047619047619047616,0,20,1,0,20
Eagles|||Tequila Sunrise|||NONE,Eagles,Tequila Sunrise,Country rock,Estados Unidos,0.5439232204192465,0.04079424153144349,285,210,360,1,265,265.0,0,,0.043478260869565216,0,22,1,0,22
Aerosmith|||Come Together|||NONE,Aerosmith,Come Together,Hard rock,Estados Unidos,0.5432753387231741,0.04074565040423807,285,210,360,1,185,185.0,0,,0.041666666666666664,0,23,1,0,23
"Big Brother and the Holding Company|||Bye, Bye Baby|||NONE",Big Brother and the Holding Company,"Bye, Bye Baby",Rock psicodélico,Estados Unidos,0.5429169167728461,0.040718768757963465,293,218,368,1,276,276.0,0,,0.043478260869565216,0,22,1,0,22
"Emerson, Lake & Palmer|||Tarkus|||NONE","Emerson, Lake & Palmer",Tarkus,Rock progressivo,Reino Unido,0.5420096901437046,0.04065072676077785,270,195,345,1,334,334.0,0,,0.041666666666666664,0,23,1,0,23
Billy Idol|||L.A. Woman|||NONE,Billy Idol,L.A. Woman,Rock,Reino Unido,0.5414513764905019,0.040608853236787645,252,177,327,1,324,324.0,0,,0.1111111111111111,0,8,1,0,8
Paul Anka|||Diana|||NONE,Paul Anka,Diana,Pop,Estados Unidos,0.539848905654892,0.0404886679241169,267,192,342,1,186,186.0,0,,0.04,0,24,1,0,24
Rush|||2112|||NONE,Rush,2112,Rock progressivo,Canadá,0.5393529959628792,0.040451474697215946,294,219,369,1,274,274.0,0,,0.041666666666666664,0,23,1,0,23
Rod Stewart|||Tonight's the Night|||NONE,Rod Stewart,Tonight's the Night,Pop rock,Reino Unido,0.5388647181066037,0.040414853857995287,310,235,385,1,466,466.0,0,,0.04,0,24,1,0,24
The Black Crowes|||Hard To Handle|||NONE,The Black Crowes,Hard To Handle,Hard rock,Estados Unidos,0.5386335308915301,0.040397514816864766,267,192,342,1,198,198.0,0,,0.04,0,24,1,0,24
Bachman–Turner Overdrive|||Down the Road|||NONE,Bachman–Turner Overdrive,Down the Road,Rock,Canadá,0.5383659672354778,0.040377447542660844,304,229,379,1,343,343.0,0,,0.07692307692307693,0,12,1,0,12
The Monkees|||(I'm Not Your) Steppin' Stone|||NONE,The Monkees,(I'm Not Your) Steppin' Stone,Pop rock,Estados Unidos,0.5380142361859387,0.04035106771394541,285,210,360,1,276,276.0,0,,0.04,0,24,1,0,24
The Dave Clark Five|||Do You Love Me|||NONE,The Dave Clark Five,Do You Love Me,Pop rock,Reino Unido,0.5378315971069675,0.04033736978302257,240,165,315,1,212,212.0,0,,0.041666666666666664,0,23,1,0,23
Peter Frampton|||I'm in You|||ao vivo,Peter Frampton,I'm in You,Rock,Reino Unido,0.5359852413443114,0.040198893100823356,346,271,421,1,466,466.0,0,,0.05,0,19,1,0,19
Led Zeppelin|||Hot Dog|||NONE,Led Zeppelin,Hot Dog,Hard rock,Reino Unido,0.5357990349496498,0.040184927621223734,329,254,404,1,356,356.0,0,,0.09090909090909091,0,10,1,0,10
Led Zeppelin|||The Battle of Evermore|||NONE,Led Zeppelin,The Battle of Evermore,Hard rock,Reino Unido,0.5357378626997142,0.04018033970247857,298,223,373,1,392,392.0,0,,0.041666666666666664,0,23,1,0,23
Eagles|||Desperado|||NONE,Eagles,Desperado,Country rock,Estados Unidos,0.5354198881101614,0.04015649160826211,309,234,384,1,467,467.0,0,,0.04,0,24,1,0,24
UFO|||Mother Mary|||NONE,UFO,Mother Mary,Hard rock,Reino Unido,0.5346957558451295,0.04010218168838472,311,236,386,1,353,353.0,0,,0.06666666666666667,0,14,1,0,14
"Blood, Sweat & Tears|||Go Down Gamblin|||NONE","Blood, Sweat & Tears",Go Down Gamblin,Jazz fusion,Estados Unidos,0.5338055568780438,0.04003541676585329,287,212,362,1,478,478.0,0,,0.041666666666666664,0,23,1,0,23
Pilot|||Canada|||NONE,Pilot,Canada,Rock,Reino Unido,0.5336618226393939,0.040024636697954544,311,236,386,1,470,470.0,0,,0.04,0,24,1,0,24
UFO|||Rock Bottom|||NONE,UFO,Rock Bottom,Hard rock,Reino Unido,0.5336404453213461,0.04002303339910097,258,183,333,1,325,325.0,0,,0.125,0,7,1,0,7
Talking Heads|||The Lady Don't Mind|||NONE,Talking Heads,The Lady Don't Mind,New wave,Estados Unidos,0.38104043946565824,0.04000924614389412,349,274,424,1,413,413.0,0,,0.25,0,3,1,0,3
Armored Dawn|||Ragnarok|||NONE,Armored Dawn,Ragnarok,Heavy metal,Brasil,0.3807027345803181,0.03997378713093341,314,239,389,1,497,497.0,0,,0.25,0,3,1,0,3
Jeff Beck|||Play With Me|||NONE,Jeff Beck,Play With Me,Rock,Reino Unido,0.5329081775138378,0.03996811331353784,293,218,368,1,471,471.0,0,,0.04,0,24,1,0,24
Metallica|||Fade to Black|||NONE,Metallica,Fade to Black,Thrash metal,Estados Unidos,0.5328832560537033,0.03996624420402776,243,168,318,1,225,225.0,0,,0.16666666666666666,0,5,1,0,5
Elton John|||Bennie and the Jets|||NONE,Elton John,Bennie and the Jets,Pop,Reino Unido,0.5325044464334797,0.03993783348251098,277,202,352,1,238,238.0,0,,0.05,0,19,1,0,19
Manowar|||Battle Hymn|||NONE,Manowar,Battle Hymn,Heavy metal,Estados Unidos,0.5323114386063,0.03992335789547251,291,216,366,1,242,242.0,0,,0.16666666666666666,0,5,1,0,5
Van Morrison|||Domino|||NONE,Van Morrison,Domino,Folk rock,Reino Unido,0.5317442862348138,0.039880821467611044,279,204,354,1,274,274.0,0,,0.04,0,24,1,0,24
Led Zeppelin|||How Many More Times|||NONE,Led Zeppelin,How Many More Times,Hard rock,Reino Unido,0.5301929250610322,0.03976446937957742,282,207,357,1,275,275.0,0,,0.058823529411764705,0,16,1,0,16
The Beatles|||Because|||NONE,The Beatles,Because,Rock,Reino Unido,0.5291276711095231,0.039684575333214234,278,203,353,1,283,283.0,0,,0.041666666666666664,0,23,1,0,23
Gotthard|||Hush|||NONE,Gotthard,Hush,Hard rock,Suíça,0.5289992766213484,0.03967494574660113,256,181,331,1,190,190.0,0,,0.05263157894736842,0,18,1,0,18
Chris Rea|||The Road to Hell|||NONE,Chris Rea,The Road to Hell,Rock,Reino Unido,0.5286948262761301,0.03965211197070976,344,269,419,1,495,495.0,0,,0.06666666666666667,0,14,1,0,14
Them|||Here Comes the Night|||NONE,Them,Here Comes the Night,Rock de garagem,Reino Unido,0.5280015052928697,0.03960011289696523,278,203,353,1,275,275.0,0,,0.04,0,24,1,0,24
John Lennon|||Power to the People|||NONE,John Lennon,Power to the People,Rock,Reino Unido,0.527966658188508,0.0395974993641381,286,211,361,1,271,271.0,0,,0.043478260869565216,0,22,1,0,22
Matchbox Twenty|||3 a.m.|||NONE,Matchbox Twenty,3 a.m.,Rock alternativo,Estados Unidos,0.5272933445250687,0.03954700083938016,369,294,444,1,484,484.0,0,,0.05,0,19,1,0,19
Jethro Tull|||Songs from the Wood|||NONE,Jethro Tull,Songs from the Wood,Rock progressivo,Reino Unido,0.5266277331227558,0.03949707998420669,261,186,336,1,339,339.0,0,,0.041666666666666664,0,23,1,0,23
Shakin' Stevens|||You Drive Me Crazy|||NONE,Shakin' Stevens,You Drive Me Crazy,Rock and roll,Reino Unido,0.5264603550931692,0.0394845266319877,287,212,362,1,267,267.0,0,,0.047619047619047616,0,20,1,0,20
Mr. Big|||Green-Tinted Sixties Mind|||NONE,Mr. Big,Green-Tinted Sixties Mind,Hard rock,Estados Unidos,0.5263013290662757,0.03947259967997068,287,212,362,1,281,281.0,0,,0.125,0,7,1,0,7
Genesis|||Paperlate|||NONE,Genesis,Paperlate,Rock progressivo,Reino Unido,0.5261971232964766,0.03946478424723575,294,219,369,1,269,269.0,0,,0.07692307692307693,0,12,1,0,12
Bauhaus|||Bela Lugosi's Dead|||NONE,Bauhaus,Bela Lugosi's Dead,Pós-punk,Reino Unido,0.5261387102485935,0.039460403268644514,292,217,367,1,277,277.0,0,,0.05263157894736842,0,18,1,0,18
Metallica|||The Memory Remains|||NONE,Metallica,The Memory Remains,Thrash metal,Estados Unidos,0.4381333356313368,0.03943200020682032,281,206,356,1,500,500.0,0,,0.2,0,4,1,0,4
Triumvirat|||Spartacus|||NONE,Triumvirat,Spartacus,Rock progressivo,Alemanha,0.5256001173207798,0.03942000879905849,286,211,361,1,161,161.0,0,,0.043478260869565216,0,22,1,0,22
Bad Company|||Rock 'n' Roll Fantasy|||NONE,Bad Company,Rock 'n' Roll Fantasy,Blues rock,Reino Unido,0.5251700116128498,0.039387750870963745,240,165,315,1,193,193.0,0,,0.04,0,24,1,0,24
Trini Lopez|||If I Had a Hammer|||NONE,Trini Lopez,If I Had a Hammer,Pop,Estados Unidos,0.5248282264073212,0.039362116980549096,253,178,328,1,272,272.0,0,,0.04,0,24,1,0,24
Yes|||Awaken|||NONE,Yes,Awaken,Rock progressivo,Reino Unido,0.5243794862923575,0.03932846147192682,245,170,320,1,312,312.0,0,,0.041666666666666664,0,23,1,0,23
Ray Charles|||What'd I Say|||NONE,Ray Charles,What'd I Say,Jazz,Estados Unidos,0.5242816312857866,0.039321122346434007,309,234,384,1,175,175.0,0,,0.04,0,24,1,0,24
Rush|||In the Mood|||NONE,Rush,In the Mood,Rock progressivo,Canadá,0.5238206679103231,0.03928655009327424,283,208,358,1,368,368.0,0,,0.041666666666666664,0,23,1,0,23
The Rolling Stones|||As Tears Go By|||NONE,The Rolling Stones,As Tears Go By,Rock,Reino Unido,0.3741453603372098,0.03928526283540704,311,236,386,1,419,419.0,0,,0.25,0,3,1,0,3
Van Halen|||Pretty Woman|||NONE,Van Halen,Pretty Woman,Hard rock,Estados Unidos,0.43637718397444125,0.03927394655769972,278,203,353,1,275,275.0,0,,0.2,0,4,1,0,4
Led Zeppelin|||The Lemon Song|||NONE,Led Zeppelin,The Lemon Song,Hard rock,Reino Unido,0.5226480672710264,0.03919860504532699,260,185,335,1,284,284.0,0,,0.04,0,24,1,0,24
The Cult|||American Horse|||NONE,The Cult,American Horse,Hard rock,Reino Unido,0.5225528781247646,0.03919146585935735,308,233,383,1,397,397.0,0,,0.1111111111111111,0,8,1,0,8
System of a Down|||Lonely Day|||NONE,System of a Down,Lonely Day,Metal alternativo,Estados Unidos,0.5223900209123606,0.039179251568427054,311,236,386,1,330,330.0,0,,0.07142857142857142,0,13,1,0,13
Elton John|||Philadelphia Freedom|||NONE,Elton John,Philadelphia Freedom,Pop,Reino Unido,0.5223745141881476,0.03917808856411108,297,222,372,1,423,423.0,0,,0.04,0,24,1,0,24
Pink Floyd|||One of These Days|||NONE,Pink Floyd,One of These Days,Rock progressivo,Reino Unido,0.5216697520982266,0.039125231407367005,286,211,361,1,237,237.0,0,,0.041666666666666664,0,23,1,0,23
Little Richard|||Lucille|||NONE,Little Richard,Lucille,Rock and roll,Estados Unidos,0.5216297274249966,0.03912222955687475,349,274,424,1,113,113.0,0,,0.04,0,24,1,0,24
AC/DC|||Rock and Roll Ain't Noise Pollution|||NONE,AC/DC,Rock and Roll Ain't Noise Pollution,Hard rock,Austrália,0.5215128095041875,0.039113460712814074,243,168,318,1,192,192.0,0,,0.043478260869565216,0,22,1,0,22
Donovan|||Atlantis|||NONE,Donovan,Atlantis,Folk,Reino Unido,0.5204047241943074,0.03903035431457306,287,212,362,1,241,241.0,0,,0.041666666666666664,0,23,1,0,23
"Emerson, Lake & Palmer|||Jerusalem|||NONE","Emerson, Lake & Palmer",Jerusalem,Rock progressivo,Reino Unido,0.5200148376715332,0.039001112825364996,286,211,361,1,377,377.0,0,,0.041666666666666664,0,23,1,0,23
"Paul McCartney, Dave Grohl, Krist Novoselic, and Pat Smear|||Cut Me Some Slack|||NONE","Paul McCartney, Dave Grohl, Krist Novoselic, and Pat Smear",Cut Me Some Slack,Hard rock,Reino Unido,0.5191008918127547,0.0389325668859566,323,248,398,1,345,345.0,0,,0.08333333333333333,0,11,1,0,11
Big Audio Dynamite|||E=MC2|||NONE,Big Audio Dynamite,E=MC2,Rock alternativo,Reino Unido,0.5182498073119308,0.03886873554839482,271,196,346,1,240,240.0,0,,0.05,0,19,1,0,19
System of a Down|||Protect the Land|||NONE,System of a Down,Protect the Land,Metal alternativo,Estados Unidos,0.4311555175935807,0.03880399658342226,286,211,361,1,435,435.0,0,,0.2,0,4,1,0,4
The Beatles|||Free as a Bird|||NONE,The Beatles,Free as a Bird,Rock,Reino Unido,0.5173403858320458,0.03880052893740344,209,134,284,1,105,105.0,0,,0.045454545454545456,0,21,1,0,21
10cc|||I'm Not in Love|||NONE,10cc,I'm Not in Love,Art rock,Reino Unido,0.5172903523806865,0.0387967764285515,254,179,329,1,182,182.0,0,,0.04,0,24,1,0,24
Elton John|||Lucy in the Sky with Diamonds|||NONE,Elton John,Lucy in the Sky with Diamonds,Pop,Reino Unido,0.5171527837724349,0.038786458782932624,270,195,345,1,235,235.0,0,,0.04,0,24,1,0,24
Yes|||Starship Trooper|||NONE,Yes,Starship Trooper,Rock progressivo,Reino Unido,0.5166099629059807,0.03874574721794856,285,210,360,1,425,425.0,0,,0.041666666666666664,0,23,1,0,23
Gary Glitter|||Rock and Roll Part 2|||NONE,Gary Glitter,Rock and Roll Part 2,Glam rock,Reino Unido,0.5166042391593919,0.0387453179369544,307,232,382,1,159,159.0,0,,0.04,0,24,1,0,24
David Bowie|||All the Young Dudes|||ao vivo,David Bowie,All the Young Dudes,Art rock,Reino Unido,0.5161454614142663,0.03871090960606998,282,207,357,1,373,373.0,0,,0.125,0,7,1,0,7
Sex Pistols|||Holidays in the Sun|||NONE,Sex Pistols,Holidays in the Sun,Punk rock,Reino Unido,0.5158044535303845,0.03868533401477885,368,293,443,1,483,483.0,0,,0.0625,0,15,1,0,15
Big Brother and the Holding Company|||Ball And Chain|||NONE,Big Brother and the Holding Company,Ball And Chain,Rock psicodélico,Estados Unidos,0.5151228568457416,0.038634214263430625,311,236,386,1,170,170.0,0,,0.041666666666666664,0,23,1,0,23
Guns N' Roses|||Better|||NONE,Guns N' Roses,Better,Hard rock,Estados Unidos,0.5146069577459259,0.038595521830944446,251,176,326,1,182,182.0,0,,0.0625,0,15,1,0,15
Triumvirat|||I Believe|||NONE,Triumvirat,I Believe,Rock progressivo,Alemanha,0.5145270163025124,0.038589526222688436,266,191,341,1,464,464.0,0,,0.06666666666666667,0,14,1,0,14
Def Leppard|||Bringin' On the Heartbreak|||NONE,Def Leppard,Bringin' On the Heartbreak,Hard rock,Reino Unido,0.5138096895564636,0.038535726716734775,287,212,362,1,353,353.0,0,,0.0625,0,15,1,0,15
The Rolling Stones|||Hot Stuff|||NONE,The Rolling Stones,Hot Stuff,Rock,Reino Unido,0.4276268225848838,0.03848641403263955,302,227,377,1,420,420.0,0,,0.2,0,4,1,0,4
"The Beach Boys|||Help Me, Rhonda|||NONE",The Beach Boys,"Help Me, Rhonda",Rock,Estados Unidos,0.5125849032790092,0.038443867745925696,268,193,343,1,270,270.0,0,,0.04,0,24,1,0,24
Black Sabbath|||Snowblind|||NONE,Black Sabbath,Snowblind,Heavy metal,Reino Unido,0.5112997729551076,0.03834748297163308,263,188,338,1,227,227.0,0,,0.041666666666666664,0,23,1,0,23
Richie Sambora|||Hard Times Come Easy|||NONE,Richie Sambora,Hard Times Come Easy,Rock,Estados Unidos,0.5109663575052711,0.038322476812895336,322,247,397,1,378,378.0,0,,0.06666666666666667,0,14,1,0,14
Smash Mouth|||Walkin' on the Sun|||NONE,Smash Mouth,Walkin' on the Sun,Ska punk,Estados Unidos,0.36495320253214836,0.03832008626587558,350,275,425,1,471,471.0,0,,0.25,0,3,1,0,3
The Pretenders|||Brass in Pocket|||NONE,The Pretenders,Brass in Pocket,Rock,Reino Unido,0.5100186758862905,0.03825140069147179,316,241,391,1,151,151.0,0,,0.05,0,19,1,0,19
"AC/DC|||Baby, Please Don't Go|||NONE",AC/DC,"Baby, Please Don't Go",Hard rock,Austrália,0.5095469960318847,0.038216024702391355,312,237,387,1,426,426.0,0,,0.041666666666666664,0,23,1,0,23
Rush|||Working Man|||NONE,Rush,Working Man,Rock progressivo,Canadá,0.5093342452015185,0.03820006839011389,271,196,346,1,402,402.0,0,,0.041666666666666664,0,23,1,0,23
Saxon|||Crusader|||NONE,Saxon,Crusader,Heavy metal,Reino Unido,0.5092141177926518,0.03819105883444889,309,234,384,1,251,251.0,0,,0.041666666666666664,0,23,1,0,23
Billy Idol|||Cradle of Love|||NONE,Billy Idol,Cradle of Love,Rock,Reino Unido,0.5077471192387243,0.038081033942904324,346,271,421,1,484,484.0,0,,0.058823529411764705,0,16,1,0,16
Soul Asylum|||Somebody to Shove|||NONE,Soul Asylum,Somebody to Shove,Rock alternativo,Estados Unidos,0.5073343248125529,0.038050074360941474,316,241,391,1,354,354.0,0,,0.06666666666666667,0,14,1,0,14
Pink Floyd|||Free Four|||NONE,Pink Floyd,Free Four,Rock progressivo,Reino Unido,0.5071778349044611,0.03803833761783459,289,214,364,1,473,473.0,0,,0.058823529411764705,0,16,1,0,16
Rush|||Heart Full of Soul|||NONE,Rush,Heart Full of Soul,Rock progressivo,Canadá,0.5058367777715334,0.03793775833286501,296,221,371,1,369,369.0,0,,0.058823529411764705,0,16,1,0,16
George Harrison|||All Things Must Pass|||NONE,George Harrison,All Things Must Pass,Rock,Reino Unido,0.5058366639504676,0.03793774979628507,313,238,388,1,485,485.0,0,,0.041666666666666664,0,23,1,0,23
Wishbone Ash|||Jail Bait|||NONE,Wishbone Ash,Jail Bait,Rock progressivo,Reino Unido,0.504942029645607,0.03787065222342053,287,212,362,1,394,394.0,0,,0.05,0,19,1,0,19
Janis Joplin|||A Woman Left Lonely|||NONE,Janis Joplin,A Woman Left Lonely,Rock psicodélico,Estados Unidos,0.5049407224684191,0.03787055418513144,276,201,351,1,267,267.0,0,,0.041666666666666664,0,23,1,0,23
Them|||Gloria|||NONE,Them,Gloria,Rock de garagem,Reino Unido,0.5048696681661471,0.037865225112461036,301,226,376,1,359,359.0,0,,0.04,0,24,1,0,24
Patti Smith|||People Have the Power|||NONE,Patti Smith,People Have the Power,Art rock,Estados Unidos,0.5029454341449852,0.037720907560873894,279,204,354,1,272,272.0,0,,0.16666666666666666,0,5,1,0,5
Genesis|||The Musical Box|||NONE,Genesis,The Musical Box,Rock progressivo,Reino Unido,0.5028235464809259,0.03771176598606944,255,180,330,1,315,315.0,0,,0.041666666666666664,0,23,1,0,23
"Blood, Sweat & Tears|||You've Made Me So Very Happy|||NONE","Blood, Sweat & Tears",You've Made Me So Very Happy,Jazz fusion,Estados Unidos,0.5026810178347156,0.03770107633760368,245,170,320,1,226,226.0,0,,0.04,0,24,1,0,24
Slade|||The Bangin' Man|||NONE,Slade,The Bangin' Man,Glam rock,Reino Unido,0.5011644180430352,0.03758733135322765,248,173,323,1,329,329.0,0,,0.058823529411764705,0,16,1,0,16
Santana|||Soul Sacrifice|||NONE,Santana,Soul Sacrifice,Rock latino,Estados Unidos,0.5008019074017493,0.03756014305513121,273,198,348,1,498,498.0,0,,0.04,0,24,1,0,24
The Pretty Reckless|||Death by Rock and Roll|||NONE,The Pretty Reckless,Death by Rock and Roll,Hard rock,Estados Unidos,0.4167104444005236,0.03750393999604713,336,261,411,1,489,489.0,0,,0.2,0,4,1,0,4
"The American Breed|||Bend Me, Shape Me|||NONE",The American Breed,"Bend Me, Shape Me",Pop rock,Estados Unidos,0.4996833936064129,0.03747625452048097,321,246,396,1,480,480.0,0,,0.04,0,24,1,0,24
Phil Collins|||Sussudio|||NONE,Phil Collins,Sussudio,Pop,Reino Unido,0.4994778283731266,0.0374608371279845,270,195,345,1,168,168.0,0,,0.05,0,19,1,0,19
The Staple Singers|||I'll Take You There|||NONE,The Staple Singers,I'll Take You There,Soul,Estados Unidos,0.4994130098196641,0.037455975736474814,290,215,365,1,415,415.0,0,,0.04,0,24,1,0,24
"Buddy Holly|||Oh, Boy!|||NONE",Buddy Holly,"Oh, Boy!",Rock,Estados Unidos,0.4991404308891853,0.037435532316688905,206,131,281,1,348,348.0,0,,0.047619047619047616,0,20,1,0,20
Elvis Presley|||My Way|||NONE,Elvis Presley,My Way,Rock and roll,Estados Unidos,0.49841829350517997,0.037381372012888506,296,221,371,1,249,249.0,0,,0.0625,0,15,1,0,15
Pearl Jam|||Better Man|||acústica,Pearl Jam,Better Man,Grunge,Estados Unidos,0.4978424512929562,0.03733818384697172,297,222,372,1,379,379.0,0,,0.05263157894736842,0,18,1,0,18
New York Dolls|||Looking for a Kiss|||NONE,New York Dolls,Looking for a Kiss,Glam rock,Estados Unidos,0.4977805882933073,0.037333544121998054,327,252,402,1,481,481.0,0,,0.06666666666666667,0,14,1,0,14
Rainbow|||Catch the Rainbow|||NONE,Rainbow,Catch the Rainbow,Hard rock,Reino Unido,0.49744245675877197,0.037308184256907906,220,145,295,1,309,309.0,0,,0.041666666666666664,0,23,1,0,23
Lynyrd Skynyrd|||What's Your Name|||NONE,Lynyrd Skynyrd,What's Your Name,Southern rock,Estados Unidos,0.4963614956907962,0.03722711217680972,276,201,351,1,268,268.0,0,,0.043478260869565216,0,22,1,0,22
David Coverdale|||Don't You Cry|||NONE,David Coverdale,Don't You Cry,Rock,Reino Unido,0.4963200634826485,0.037224004761198644,273,198,348,1,467,467.0,0,,0.058823529411764705,0,16,1,0,16
Eagle-Eye Cherry|||Save Tonight|||NONE,Eagle-Eye Cherry,Save Tonight,Rock alternativo,Estados Unidos,0.49589713482597453,0.037192285111948095,359,284,434,1,462,462.0,0,,0.05555555555555555,0,17,1,0,17
The Beatles|||Dear Prudence|||NONE,The Beatles,Dear Prudence,Rock,Reino Unido,0.49585790659126194,0.03718934299434465,268,193,343,1,236,236.0,0,,0.041666666666666664,0,23,1,0,23
Iron Maiden|||Phantom of the Opera|||NONE,Iron Maiden,Phantom of the Opera,Heavy metal,Reino Unido,0.49572826409454634,0.03717961980709098,246,171,321,1,325,325.0,0,,0.08333333333333333,0,11,1,0,11
Duran Duran|||A View to a Kill|||NONE,Duran Duran,A View to a Kill,New wave,Reino Unido,0.4944880867577395,0.03708660650683047,350,275,425,1,343,343.0,0,,0.0625,0,15,1,0,15
The Black Crowes|||She Talks to Angels|||NONE,The Black Crowes,She Talks to Angels,Hard rock,Estados Unidos,0.4944502181008922,0.03708376635756692,331,256,406,1,490,490.0,0,,0.07692307692307693,0,12,1,0,12
The Alan Parsons Project|||Don't Answer Me|||NONE,The Alan Parsons Project,Don't Answer Me,Rock progressivo,Reino Unido,0.49429474467657764,0.03707210585074333,342,267,417,1,462,462.0,0,,0.047619047619047616,0,20,1,0,20
The Doors|||When the Music's Over|||NONE,The Doors,When the Music's Over,Rock psicodélico,Estados Unidos,0.4939685646025791,0.037047642345193435,268,193,343,1,333,333.0,0,,0.041666666666666664,0,23,1,0,23
The Everly Brothers|||All I Have to Do Is Dream|||NONE,The Everly Brothers,All I Have to Do Is Dream,Rockabilly,Estados Unidos,0.49334508670171906,0.03700088150262894,304,229,379,1,460,460.0,0,,0.04,0,24,1,0,24
AC/DC|||Rock 'n' Roll Singer|||NONE,AC/DC,Rock 'n' Roll Singer,Hard rock,Austrália,0.49271953234919313,0.03695396492618949,309,234,384,1,276,276.0,0,,0.09090909090909091,0,10,1,0,10
Peter Gabriel|||Shock the Monkey|||NONE,Peter Gabriel,Shock the Monkey,Rock progressivo,Reino Unido,0.4923860110773123,0.036928950830798425,306,231,381,1,264,264.0,0,,0.043478260869565216,0,22,1,0,22
Quiet Riot|||Mama Weer All Crazee Now|||NONE,Quiet Riot,Mama Weer All Crazee Now,Heavy metal,Estados Unidos,0.3516964394958506,0.03692812614706432,321,246,396,1,335,335.0,0,,0.25,0,3,1,0,3
Janis Joplin|||Maybe|||ao vivo,Janis Joplin,Maybe,Rock psicodélico,Estados Unidos,0.49199795927588996,0.036899846945691754,284,209,359,1,331,331.0,0,,0.05263157894736842,0,18,1,0,18
Jeff Healey|||I Got a Line on You|||NONE,Jeff Healey,I Got a Line on You,Blues,Canadá,0.4919123399312294,0.03689342549484221,311,236,386,1,354,354.0,0,,0.043478260869565216,0,22,1,0,22
The Velvet Underground|||Heroin|||NONE,The Velvet Underground,Heroin,Rock experimental,Estados Unidos,0.4918455214273835,0.03688841410705377,248,173,323,1,326,326.0,0,,0.047619047619047616,0,20,1,0,20
Asia|||Voice of America|||NONE,Asia,Voice of America,Rock progressivo,Reino Unido,0.49182781786718927,0.0368870863400392,287,212,362,1,159,159.0,0,,0.09090909090909091,0,10,1,0,10
Sting|||Fields of Gold|||NONE,Sting,Fields of Gold,Pop rock,Reino Unido,0.49168117689743907,0.036876088267307934,309,234,384,1,278,278.0,0,,0.05,0,19,1,0,19
Vanilla Fudge|||Take Me for a Little While|||NONE,Vanilla Fudge,Take Me for a Little While,Hard rock,Estados Unidos,0.4916600701880787,0.03687450526410591,241,166,316,1,240,240.0,0,,0.04,0,24,1,0,24
Norman Greenbaum|||Spirit in the Sky|||NONE,Norman Greenbaum,Spirit in the Sky,Rock,Estados Unidos,0.4915103131845886,0.03686327348884415,299,224,374,1,246,246.0,0,,0.04,0,24,1,0,24
Carly Simon|||You're So Vain|||NONE,Carly Simon,You're So Vain,Soft rock,Estados Unidos,0.4908954419580747,0.03681715814685561,246,171,321,1,225,225.0,0,,0.04,0,24,1,0,24
Steve Miller Band|||Fly Like an Eagle|||NONE,Steve Miller Band,Fly Like an Eagle,Blues rock,Estados Unidos,0.4908046620575542,0.03681034965431657,295,220,370,1,258,258.0,0,,0.043478260869565216,0,22,1,0,22
John Mellencamp and Meshell Ndegeocello|||Wild Night|||NONE,John Mellencamp and Meshell Ndegeocello,Wild Night,Pop rock,Estados Unidos,0.49058113367526457,0.03679358502564485,289,214,364,1,285,285.0,0,,0.1,0,9,1,0,9
Ozzy Osbourne|||Black Rain|||NONE,Ozzy Osbourne,Black Rain,Heavy metal,Reino Unido,0.49005973513567574,0.03675448013517569,352,277,427,1,387,387.0,0,,0.0625,0,15,1,0,15
The Yardbirds|||For Your Love|||NONE,The Yardbirds,For Your Love,Rock psicodélico,Reino Unido,0.48982665883006626,0.03673699941225497,316,241,391,1,151,151.0,0,,0.04,0,24,1,0,24
Bad Company|||Live For The Music|||NONE,Bad Company,Live For The Music,Blues rock,Reino Unido,0.4895505606917322,0.03671629205187992,313,238,388,1,479,479.0,0,,0.058823529411764705,0,16,1,0,16
Alice Cooper|||Under My Wheels|||NONE,Alice Cooper,Under My Wheels,Hard rock,Estados Unidos,0.4881028437093417,0.036607713278200636,295,220,370,1,341,341.0,0,,0.043478260869565216,0,22,1,0,22
Paul McCartney|||My Love|||NONE,Paul McCartney,My Love,Rock,Reino Unido,0.4879289326461269,0.03659466994845952,290,215,365,1,417,417.0,0,,0.04,0,24,1,0,24
Steve Winwood|||Higher Love|||NONE,Steve Winwood,Higher Love,Rock,Reino Unido,0.4870642615022397,0.036529819612667984,270,195,345,1,237,237.0,0,,0.043478260869565216,0,22,1,0,22
Level 42|||Something About You|||NONE,Level 42,Something About You,Pop,Reino Unido,0.4868143407304909,0.036511075554786825,339,264,414,1,462,462.0,0,,0.05,0,19,1,0,19
Uriah Heep|||Tears in My Eyes|||NONE,Uriah Heep,Tears in My Eyes,Hard rock,Reino Unido,0.486591954697036,0.036494396602277705,304,229,379,1,431,431.0,0,,0.1111111111111111,0,8,1,0,8
Simon & Garfunkel|||Bridge over Troubled Water|||NONE,Simon & Garfunkel,Bridge over Troubled Water,Folk rock,Estados Unidos,0.4864078467379016,0.03648058850534262,295,220,370,1,458,458.0,0,,0.04,0,24,1,0,24
"The Wallflowers|||""Heroes""|||NONE",The Wallflowers,"""Heroes""",Rock alternativo,Estados Unidos,0.48502525067083996,0.036376893800313004,303,228,378,1,274,274.0,0,,0.05263157894736842,0,18,1,0,18
Ozzy Osbourne|||Ordinary Man|||NONE,Ozzy Osbourne,Ordinary Man,Heavy metal,Reino Unido,0.40399582779951104,0.036359624501956,263,188,338,1,439,439.0,0,,0.2,0,4,1,0,4
The Sweet|||Block Buster!|||NONE,The Sweet,Block Buster!,Glam rock,Reino Unido,0.48443160048966577,0.03633237003672494,301,226,376,1,320,320.0,0,,0.043478260869565216,0,22,1,0,22
Ringo Starr|||After All These Years|||NONE,Ringo Starr,After All These Years,Rock,Reino Unido,0.4839531107613675,0.03629648330710257,295,220,370,1,267,267.0,0,,0.04,0,24,1,0,24
Pilot|||Magic|||NONE,Pilot,Magic,Rock,Reino Unido,0.4837505110229469,0.03628128832672103,296,221,371,1,311,311.0,0,,0.043478260869565216,0,22,1,0,22
The Mission|||Stay With Me|||NONE,The Mission,Stay With Me,Rock gótico,Reino Unido,0.4834958441354169,0.036262188310156276,275,200,350,1,449,449.0,0,,0.043478260869565216,0,22,1,0,22
The Velvet Underground|||Sunday Morning|||NONE,The Velvet Underground,Sunday Morning,Rock experimental,Estados Unidos,0.4831632898547803,0.036237246739108525,285,210,360,1,349,349.0,0,,0.05263157894736842,0,18,1,0,18
The Smashing Pumpkins|||Perfect|||NONE,The Smashing Pumpkins,Perfect,Rock alternativo,Estados Unidos,0.48235290826944927,0.0361764681202087,309,234,384,1,331,331.0,0,,0.058823529411764705,0,16,1,0,16
Paul McCartney|||Come On To Me|||NONE,Paul McCartney,Come On To Me,Rock,Reino Unido,0.48208861737538455,0.03615664630315385,290,215,365,1,362,362.0,0,,0.14285714285714285,0,6,1,0,6
AC/DC|||Shot in the Dark|||NONE,AC/DC,Shot in the Dark,Hard rock,Austrália,0.4017338180257106,0.03615604362231396,310,235,385,1,432,432.0,0,,0.2,0,4,1,0,4
Elton John|||Your Song|||NONE,Elton John,Your Song,Pop,Reino Unido,0.4816335113291521,0.036122513349686414,236,161,311,1,447,447.0,0,,0.04,0,24,1,0,24
Stone Temple Pilots|||Creep|||NONE,Stone Temple Pilots,Creep,Grunge,Estados Unidos,0.48158951392648564,0.036119213544486425,322,247,397,1,468,468.0,0,,0.05555555555555555,0,17,1,0,17
"Blood, Sweat & Tears|||And When I Die|||NONE","Blood, Sweat & Tears",And When I Die,Jazz fusion,Estados Unidos,0.48138733031823705,0.03610404977386778,266,191,341,1,368,368.0,0,,0.04,0,24,1,0,24
Wilson Pickett|||In the Midnight Hour|||NONE,Wilson Pickett,In the Midnight Hour,Soul,Estados Unidos,0.4807904383363229,0.036059282875224224,273,198,348,1,262,262.0,0,,0.04,0,24,1,0,24
Greta Van Fleet|||The Cold Wind|||NONE,Greta Van Fleet,The Cold Wind,Hard rock,Estados Unidos,0.48033506840014395,0.0360251301300108,289,214,364,1,462,462.0,0,,0.16666666666666666,0,5,1,0,5
Pink Floyd|||Any Colour You Like|||NONE,Pink Floyd,Any Colour You Like,Rock progressivo,Reino Unido,0.48028949710900604,0.03602171228317546,279,204,354,1,430,430.0,0,,0.04,0,24,1,0,24
James Taylor|||Handy Man|||NONE,James Taylor,Handy Man,Soft rock,Estados Unidos,0.4800917123413603,0.036006878425602025,249,174,324,1,446,446.0,0,,0.04,0,24,1,0,24
Sammy Hagar|||I Can't Drive 55|||NONE,Sammy Hagar,I Can't Drive 55,Rock,Estados Unidos,0.4796524830092092,0.03597393622569069,348,273,423,1,481,481.0,0,,0.04,0,24,1,0,24
T. Rex|||Telegram Sam|||NONE,T. Rex,Telegram Sam,Glam rock,Reino Unido,0.4796418061809099,0.03597313546356825,294,219,369,1,254,254.0,0,,0.04,0,24,1,0,24
Hole|||Doll Parts|||NONE,Hole,Doll Parts,Grunge,Estados Unidos,0.3994687777469687,0.035952189997227185,240,165,315,1,236,236.0,0,,0.2,0,4,1,0,4
Greta Van Fleet|||Black Smoke Rising|||NONE,Greta Van Fleet,Black Smoke Rising,Hard rock,Estados Unidos,0.47850011544321464,0.035887508658241106,257,182,332,1,138,138.0,0,,0.16666666666666666,0,5,1,0,5
The Association|||Windy|||NONE,The Association,Windy,Sunshine pop,Estados Unidos,0.4782990499280404,0.03587242874460304,284,209,359,1,350,350.0,0,,0.04,0,24,1,0,24
War|||Why Can't We Be Friends?|||NONE,War,Why Can't We Be Friends?,Funk,Estados Unidos,0.47760038697698465,0.03582002902327385,249,174,324,1,229,229.0,0,,0.043478260869565216,0,22,1,0,22
Rod Stewart|||Maggie May|||NONE,Rod Stewart,Maggie May,Pop rock,Reino Unido,0.47704572933848893,0.03577842970038667,293,218,368,1,256,256.0,0,,0.043478260869565216,0,22,1,0,22
Queen|||One Year of Love|||NONE,Queen,One Year of Love,Rock,Reino Unido,0.34068312061052597,0.03577172766410523,345,270,420,1,467,467.0,0,,0.25,0,3,1,0,3
The Drifters|||Save the Last Dance for Me|||NONE,The Drifters,Save the Last Dance for Me,Soul,Estados Unidos,0.476945739777683,0.03577093048332623,267,192,342,1,369,369.0,0,,0.04,0,24,1,0,24
Creed|||One Last Breath|||NONE,Creed,One Last Breath,Rock alternativo,Estados Unidos,0.47651073678057154,0.03573830525854287,331,256,406,1,381,381.0,0,,0.07142857142857142,0,13,1,0,13
Bruce Springsteen|||Because the Night|||ao vivo,Bruce Springsteen,Because the Night,Rock,Estados Unidos,0.47600766689102125,0.0357005750168266,265,190,340,1,166,166.0,0,,0.1111111111111111,0,8,1,0,8
Ozzy Osbourne|||Under the Graveyard|||NONE,Ozzy Osbourne,Under the Graveyard,Heavy metal,Reino Unido,0.4741505136368434,0.03556128852276326,308,233,383,1,344,344.0,0,,0.16666666666666666,0,5,1,0,5
Faces|||Ooh La La|||NONE,Faces,Ooh La La,Rock,Reino Unido,0.4740620311162207,0.03555465233371656,282,207,357,1,243,243.0,0,,0.07692307692307693,0,12,1,0,12
System of a Down|||B.Y.O.B.|||NONE,System of a Down,B.Y.O.B.,Metal alternativo,Estados Unidos,0.47343386258620684,0.03550753969396552,268,193,343,1,250,250.0,0,,0.16666666666666666,0,5,1,0,5
The Edgar Winter Group|||Frankenstein|||NONE,The Edgar Winter Group,Frankenstein,Blues rock,Estados Unidos,0.4733682487320931,0.03550261865490699,228,153,303,1,308,308.0,0,,0.043478260869565216,0,22,1,0,22
Coldplay|||The Hardest Part|||NONE,Coldplay,The Hardest Part,Rock alternativo,Reino Unido,0.47330338937041916,0.035497754202781444,280,205,355,1,238,238.0,0,,0.05555555555555555,0,17,1,0,17
"Greta Van Fleet|||Lover, Leaver|||NONE",Greta Van Fleet,"Lover, Leaver",Hard rock,Estados Unidos,0.47311213766706567,0.035483410325029933,309,234,384,1,390,390.0,0,,0.16666666666666666,0,5,1,0,5
Joan Baez|||The Night They Drove Old Dixie Down|||NONE,Joan Baez,The Night They Drove Old Dixie Down,Folk,Estados Unidos,0.47300404566085824,0.035475303424564376,261,186,336,1,382,382.0,0,,0.04,0,24,1,0,24
Chicago|||Questions 67 and 68|||NONE,Chicago,Questions 67 and 68,Pop rock,Estados Unidos,0.47294947571723184,0.03547121067879239,287,212,362,1,499,499.0,0,,0.04,0,24,1,0,24
The Kinks|||I Need You|||NONE,The Kinks,I Need You,Rock,Reino Unido,0.47226861784980584,0.03542014633873544,269,194,344,1,254,254.0,0,,0.058823529411764705,0,16,1,0,16
The Marcels|||Blue Moon|||NONE,The Marcels,Blue Moon,Doo-wop,Estados Unidos,0.4715600455385473,0.035367003415391056,270,195,345,1,361,361.0,0,,0.07692307692307693,0,12,1,0,12
The Beatles|||Happiness Is a Warm Gun|||NONE,The Beatles,Happiness Is a Warm Gun,Rock,Reino Unido,0.471125042246847,0.03533437816851353,265,190,340,1,259,259.0,0,,0.041666666666666664,0,23,1,0,23
The Lovin' Spoonful|||Summer in the City|||NONE,The Lovin' Spoonful,Summer in the City,Folk rock,Estados Unidos,0.4707648538115721,0.035307364035867914,223,148,298,1,236,236.0,0,,0.04,0,24,1,0,24
Bill Withers|||Lean on Me|||NONE,Bill Withers,Lean on Me,Soul,Estados Unidos,0.47067330326519424,0.035300497744889574,293,218,368,1,330,330.0,0,,0.04,0,24,1,0,24
Santana|||Hope You're Feeling Better|||NONE,Santana,Hope You're Feeling Better,Rock latino,Estados Unidos,0.4704764934380245,0.03528573700785184,288,213,363,1,255,255.0,0,,0.04,0,24,1,0,24
Nazareth|||Holy Roller|||NONE,Nazareth,Holy Roller,Hard rock,Reino Unido,0.4704199985916269,0.03528149989437202,275,200,350,1,385,385.0,0,,0.04,0,24,1,0,24
Foreigner|||Waiting for a Girl Like You|||NONE,Foreigner,Waiting for a Girl Like You,Rock,Estados Unidos,0.4703388688856064,0.035275415166420486,288,213,363,1,252,252.0,0,,0.05,0,19,1,0,19
Black Sabbath|||Electric Funeral|||NONE,Black Sabbath,Electric Funeral,Heavy metal,Reino Unido,0.4701242471532888,0.035259318536496664,239,164,314,1,313,313.0,0,,0.041666666666666664,0,23,1,0,23
April Wine|||Sign of the Gypsy Queen|||NONE,April Wine,Sign of the Gypsy Queen,Hard rock,Canadá,0.47000837721862626,0.035250628291396975,238,163,313,1,141,141.0,0,,0.08333333333333333,0,11,1,0,11
Aerosmith|||Fly Away from Here|||NONE,Aerosmith,Fly Away from Here,Hard rock,Estados Unidos,0.46969964643495454,0.0352274734826216,297,222,372,1,218,218.0,0,,0.14285714285714285,0,6,1,0,6
Bob Seger & the Silver Bullet Band|||Still the Same|||NONE,Bob Seger & the Silver Bullet Band,Still the Same,Classic rock,Estados Unidos,0.4692732508928006,0.03519549381696005,294,219,369,1,333,333.0,0,,0.04,0,24,1,0,24
Oasis|||Go Let It Out|||NONE,Oasis,Go Let It Out,Rock alternativo,Reino Unido,0.46924835403807863,0.035193626552855906,338,263,413,1,401,401.0,0,,0.125,0,7,1,0,7
Little Richard|||Good Golly Miss Molly|||NONE,Little Richard,Good Golly Miss Molly,Rock and roll,Estados Unidos,0.3909647592644805,0.035186828333803245,275,200,350,1,418,418.0,0,,0.2,0,4,1,0,4
The Yardbirds|||Heart Full of Soul|||NONE,The Yardbirds,Heart Full of Soul,Rock psicodélico,Reino Unido,0.46892058000075465,0.035169043500056604,300,225,375,1,463,463.0,0,,0.06666666666666667,0,14,1,0,14
David Bowie|||The Stars (Are Out Tonight)|||NONE,David Bowie,The Stars (Are Out Tonight),Art rock,Reino Unido,0.4689156438642847,0.03516867328982136,227,152,302,1,134,134.0,0,,0.08333333333333333,0,11,1,0,11
The Cult|||Wild Hearted Son|||NONE,The Cult,Wild Hearted Son,Hard rock,Reino Unido,0.4684440482532433,0.03513330361899326,234,159,309,1,453,453.0,0,,0.058823529411764705,0,16,1,0,16
Wilson Pickett|||Mustang Sally|||NONE,Wilson Pickett,Mustang Sally,Soul,Estados Unidos,0.46816908365818377,0.03511268127436379,291,216,366,1,367,367.0,0,,0.04,0,24,1,0,24
Deep Purple|||Anya|||NONE,Deep Purple,Anya,Hard rock,Reino Unido,0.46799049574822577,0.03509928718111694,241,166,316,1,411,411.0,0,,0.05263157894736842,0,18,1,0,18
Chicago|||If You Leave Me Now|||NONE,Chicago,If You Leave Me Now,Pop rock,Estados Unidos,0.4676400045237955,0.03507300033928467,258,183,333,1,231,231.0,0,,0.04,0,24,1,0,24
Stevie Wonder|||Higher Ground|||NONE,Stevie Wonder,Higher Ground,Soul,Estados Unidos,0.46756740567571825,0.035067555425678874,302,227,377,1,275,275.0,0,,0.043478260869565216,0,22,1,0,22
Pearl Jam|||Garden|||NONE,Pearl Jam,Garden,Grunge,Estados Unidos,0.38963727005309423,0.03506735430477848,314,239,389,1,497,497.0,0,,0.2,0,4,1,0,4
Black Sabbath|||Supernaut|||NONE,Black Sabbath,Supernaut,Heavy metal,Reino Unido,0.46692632869614475,0.035019474652210864,259,184,334,1,294,294.0,0,,0.041666666666666664,0,23,1,0,23
Bad Religion|||Fuck You|||NONE,Bad Religion,Fuck You,Punk rock,Estados Unidos,0.46681582259637694,0.035011186694728275,323,248,398,1,319,319.0,0,,0.08333333333333333,0,11,1,0,11
The Zombies|||Tell Her No|||NONE,The Zombies,Tell Her No,Pop barroco,Reino Unido,0.46641984759290006,0.03498148856946751,268,193,343,1,452,452.0,0,,0.04,0,24,1,0,24
April Wine|||You Could Have Been A Lady|||NONE,April Wine,You Could Have Been A Lady,Hard rock,Canadá,0.4657688991209944,0.03493266743407458,323,248,398,1,149,149.0,0,,0.041666666666666664,0,23,1,0,23
The Four Seasons|||Bye Bye Baby|||NONE,The Four Seasons,Bye Bye Baby,Rock,Estados Unidos,0.4654793988778765,0.034910954915840745,289,214,364,1,158,158.0,0,,0.04,0,24,1,0,24
Supertramp|||My Kind of Lady|||NONE,Supertramp,My Kind of Lady,Rock progressivo,Reino Unido,0.4653594929881176,0.034901961974108824,247,172,322,1,235,235.0,0,,0.07692307692307693,0,12,1,0,12
Crowded House|||Don't Dream It's Over|||NONE,Crowded House,Don't Dream It's Over,Rock,Austrália,0.4653369135594542,0.03490026851695907,257,182,332,1,140,140.0,0,,0.05,0,19,1,0,19
The Edgar Winter Group|||Easy Street|||NONE,The Edgar Winter Group,Easy Street,Blues rock,Estados Unidos,0.46531996111885815,0.03489899708391437,246,171,321,1,421,421.0,0,,0.05,0,19,1,0,19
The Platters|||Only You|||NONE,The Platters,Only You,Pop soul,Estados Unidos,0.46516009255300844,0.03488700694147564,264,189,339,1,259,259.0,0,,0.04,0,24,1,0,24
The Cross|||Heaven for Everyone|||NONE,The Cross,Heaven for Everyone,Pop rock,Reino Unido,0.46357204067492924,0.0347679030506197,229,154,304,1,146,146.0,0,,0.05263157894736842,0,18,1,0,18
Goo Goo Dolls|||Before It's Too Late|||NONE,Goo Goo Dolls,Before It's Too Late,Rock alternativo,Estados Unidos,0.4629089941311395,0.03471817455983547,320,245,395,1,481,481.0,0,,0.05555555555555555,0,17,1,0,17
Uriah Heep|||Walking in Your Shadow|||NONE,Uriah Heep,Walking in Your Shadow,Hard rock,Reino Unido,0.4629083545133825,0.03471812658850369,247,172,322,1,316,316.0,0,,0.043478260869565216,0,22,1,0,22
Journey|||Higher Place|||NONE,Journey,Higher Place,Hard rock,Estados Unidos,0.3293005516664948,0.03457655792498196,291,216,366,1,476,476.0,0,,0.25,0,3,1,0,3
The Crickets|||That'll Be the Day|||NONE,The Crickets,That'll Be the Day,Rock and roll,Estados Unidos,0.4609310676252293,0.0345698300718922,206,131,281,1,234,234.0,0,,0.04,0,24,1,0,24
T. Rex|||Children of the Revolution|||NONE,T. Rex,Children of the Revolution,Glam rock,Reino Unido,0.4606693005117172,0.03455019753837879,272,197,347,1,411,411.0,0,,0.0625,0,15,1,0,15
Iron Maiden|||Can I Play with Madness|||ao vivo,Iron Maiden,Can I Play with Madness,Heavy metal,Reino Unido,0.4601969587934287,0.03451477190950716,298,223,373,1,417,417.0,0,,0.06666666666666667,0,14,1,0,14
Creedence Clearwater Revival|||Good Golly Miss Molly|||NONE,Creedence Clearwater Revival,Good Golly Miss Molly,Swamp rock,Estados Unidos,0.4600139485315192,0.03450104613986395,311,236,386,1,306,306.0,0,,0.04,0,24,1,0,24
Donovan|||Hurdy Gurdy Man|||NONE,Donovan,Hurdy Gurdy Man,Folk,Reino Unido,0.459949933603753,0.03449624502028148,317,242,392,1,146,146.0,0,,0.04,0,24,1,0,24
Simon & Garfunkel|||The Sounds of Silence|||NONE,Simon & Garfunkel,The Sounds of Silence,Folk rock,Estados Unidos,0.45975092177445814,0.034481319133084366,275,200,350,1,258,258.0,0,,0.04,0,24,1,0,24
Neil Sedaka|||Oh! Carol|||NONE,Neil Sedaka,Oh! Carol,Pop,Estados Unidos,0.45926061015135217,0.03444454576135142,250,175,325,1,256,256.0,0,,0.04,0,24,1,0,24
Rick Wakeman|||The Journey|||NONE,Rick Wakeman,The Journey,Rock progressivo,Reino Unido,0.45893788687800324,0.03442034151585025,286,211,361,1,165,165.0,0,,0.043478260869565216,0,22,1,0,22
Jon and Vangelis|||I Hear You Now|||NONE,Jon and Vangelis,I Hear You Now,Synth-pop,Reino Unido,0.45841221054462655,0.034380915790847,298,223,373,1,499,499.0,0,,0.09090909090909091,0,10,1,0,10
Eric Clapton|||Knockin' on Heaven's Door|||NONE,Eric Clapton,Knockin' on Heaven's Door,Rock,Reino Unido,0.45839530910998916,0.03437964818324919,269,194,344,1,415,415.0,0,,0.041666666666666664,0,23,1,0,23
Nirvana|||All Apologies|||NONE,Nirvana,All Apologies,Grunge,Estados Unidos,0.4580916281145674,0.03435687210859256,320,245,395,1,363,363.0,0,,0.047619047619047616,0,20,1,0,20
Chris Isaak|||Wicked Game|||NONE,Chris Isaak,Wicked Game,Rock,Estados Unidos,0.45780885931022136,0.034335664448266606,227,152,302,1,307,307.0,0,,0.05263157894736842,0,18,1,0,18
Aerosmith|||Last Child|||NONE,Aerosmith,Last Child,Hard rock,Estados Unidos,0.4574366285883115,0.03430774714412337,290,215,365,1,427,427.0,0,,0.041666666666666664,0,23,1,0,23
Traffic|||Dear Mr. Fantasy|||NONE,Traffic,Dear Mr. Fantasy,Rock progressivo,Reino Unido,0.45705153502281687,0.03427886512671127,277,202,352,1,467,467.0,0,,0.06666666666666667,0,14,1,0,14
"The Beatles|||Dizzy, Miss Lizzy|||NONE",The Beatles,"Dizzy, Miss Lizzy",Rock,Reino Unido,0.456808110344669,0.03426060827585018,318,243,393,1,480,480.0,0,,0.0625,0,15,1,0,15
Rick Wakeman|||The Journey/Recollection|||NONE,Rick Wakeman,The Journey/Recollection,Rock progressivo,Reino Unido,0.4566532291267605,0.03424899218450704,258,183,333,1,145,145.0,0,,0.041666666666666664,0,23,1,0,23
Bachman–Turner Overdrive|||Down to the Line|||NONE,Bachman–Turner Overdrive,Down to the Line,Rock,Canadá,0.4566091153583831,0.03424568365187874,289,214,364,1,407,407.0,0,,0.05555555555555555,0,17,1,0,17
The Rolling Stones|||Street Fighting Man|||NONE,The Rolling Stones,Street Fighting Man,Rock,Reino Unido,0.45652211448655267,0.03423915858649146,303,228,378,1,362,362.0,0,,0.043478260869565216,0,22,1,0,22
Percy Sledge|||When a Man Loves a Woman|||NONE,Percy Sledge,When a Man Loves a Woman,Soul,Estados Unidos,0.45641604151463466,0.034231203113597605,277,202,352,1,370,370.0,0,,0.04,0,24,1,0,24
Iron Maiden|||Cross-Eyed Mary|||NONE,Iron Maiden,Cross-Eyed Mary,Heavy metal,Reino Unido,0.4550459163259234,0.03412844372444426,300,225,375,1,253,253.0,0,,0.058823529411764705,0,16,1,0,16
Cat Stevens|||Wild World|||NONE,Cat Stevens,Wild World,Folk,Reino Unido,0.45466207391403,0.03409965554355226,261,186,336,1,443,443.0,0,,0.04,0,24,1,0,24
Eurythmics|||When Tomorrow Comes|||NONE,Eurythmics,When Tomorrow Comes,Synth-pop,Reino Unido,0.45428785935421684,0.03407158945156627,246,171,321,1,135,135.0,0,,0.05,0,19,1,0,19
Aerosmith|||Draw the Line|||NONE,Aerosmith,Draw the Line,Hard rock,Estados Unidos,0.4542680828123366,0.03407010621092525,305,230,380,1,322,322.0,0,,0.041666666666666664,0,23,1,0,23
Big Brother and the Holding Company|||Down on Me|||ao vivo,Big Brother and the Holding Company,Down on Me,Rock psicodélico,Estados Unidos,0.45403796194762014,0.03405284714607151,316,241,391,1,412,412.0,0,,0.041666666666666664,0,23,1,0,23
Robert Palmer|||Addicted to Love|||NONE,Robert Palmer,Addicted to Love,Rock,Reino Unido,0.4535586015952668,0.034016895119645015,310,235,385,1,260,260.0,0,,0.043478260869565216,0,22,1,0,22
The Wallflowers|||6th Avenue Heartache|||NONE,The Wallflowers,6th Avenue Heartache,Rock alternativo,Estados Unidos,0.4531546342781012,0.0339865975708576,303,228,378,1,298,298.0,0,,0.05,0,19,1,0,19
Rush|||The Temples Of Syrinx|||NONE,Rush,The Temples Of Syrinx,Rock progressivo,Canadá,0.4529104167894343,0.033968281259207575,297,222,372,1,424,424.0,0,,0.041666666666666664,0,23,1,0,23
The Beach Boys|||God Only Knows|||NONE,The Beach Boys,God Only Knows,Rock,Estados Unidos,0.45290094998666325,0.033967571248999746,282,207,357,1,247,247.0,0,,0.047619047619047616,0,20,1,0,20
Carole King|||It's Too Late|||NONE,Carole King,It's Too Late,Soft rock,Estados Unidos,0.4527681346012792,0.033957610095095944,267,192,342,1,405,405.0,0,,0.04,0,24,1,0,24
Bruce Springsteen|||I'm Goin' Down|||NONE,Bruce Springsteen,I'm Goin' Down,Rock,Estados Unidos,0.45230843752485833,0.03392313281436438,323,248,398,1,497,497.0,0,,0.07692307692307693,0,12,1,0,12
Talk Talk|||It's My Life|||NONE,Talk Talk,It's My Life,New wave,Reino Unido,0.4518855745238541,0.03389141808928906,237,162,312,1,230,230.0,0,,0.047619047619047616,0,20,1,0,20
The Box Tops|||The Letter|||NONE,The Box Tops,The Letter,Blue-eyed soul,Estados Unidos,0.4514286970280312,0.03385715227710234,225,150,300,1,230,230.0,0,,0.04,0,24,1,0,24
Jefferson Starship|||Nothing’s Gonna Stop Us Now|||NONE,Jefferson Starship,Nothing’s Gonna Stop Us Now,Classic rock,Estados Unidos,0.44999904661421986,0.03374992849606649,261,186,336,1,327,327.0,0,,0.07692307692307693,0,12,1,0,12
Pearl Jam|||Do the Evolution|||NONE,Pearl Jam,Do the Evolution,Grunge,Estados Unidos,0.44992693470851536,0.03374452010313866,321,246,396,1,338,338.0,0,,0.07142857142857142,0,13,1,0,13
Bo Diddley|||Hey! Bo Diddley|||NONE,Bo Diddley,Hey! Bo Diddley,Blues,Estados Unidos,0.44952797172959014,0.03371459787971927,255,180,330,1,444,444.0,0,,0.04,0,24,1,0,24
"The Yardbirds|||Good Morning, School Girl|||NONE",The Yardbirds,"Good Morning, School Girl",Rock psicodélico,Reino Unido,0.44903015679004554,0.033677261759253424,279,204,354,1,455,455.0,0,,0.04,0,24,1,0,24
America|||You Can Do Magic|||NONE,America,You Can Do Magic,Soft rock,Reino Unido,0.448961923302887,0.03367214424771653,341,266,416,1,382,382.0,0,,0.05,0,19,1,0,19
Joe Cocker|||You Are So Beautiful|||NONE,Joe Cocker,You Are So Beautiful,Classic rock,Reino Unido,0.4486691832681735,0.03365018874511302,288,213,363,1,408,408.0,0,,0.04,0,24,1,0,24
"U2|||Stay (Faraway, So Close!)|||NONE",U2,"Stay (Faraway, So Close!)",Rock,Irlanda,0.4479578043112729,0.033596835323345474,285,210,360,1,292,292.0,0,,0.06666666666666667,0,14,1,0,14
The Beatles|||Across the Universe|||NONE,The Beatles,Across the Universe,Rock,Reino Unido,0.44760982209570216,0.03357073665717767,247,172,322,1,449,449.0,0,,0.041666666666666664,0,23,1,0,23
Harry Nilsson|||Everybody's Talkin'|||NONE,Harry Nilsson,Everybody's Talkin',Rock,Estados Unidos,0.4473624333800041,0.03355218250350031,322,247,397,1,305,305.0,0,,0.04,0,24,1,0,24
The Byrds|||My Back Pages|||NONE,The Byrds,My Back Pages,Folk rock,Estados Unidos,0.4473390383182684,0.03355042787387014,300,225,375,1,335,335.0,0,,0.04,0,24,1,0,24
Green Day|||Oh Yeah!|||NONE,Green Day,Oh Yeah!,Punk rock,Estados Unidos,0.37266374829247745,0.03353973734632297,316,241,391,1,485,485.0,0,,0.2,0,4,1,0,4
Strawberry Alarm Clock|||Incense and Peppermints|||NONE,Strawberry Alarm Clock,Incense and Peppermints,Rock psicodélico,Estados Unidos,0.4468138359731169,0.033511037697983775,258,183,333,1,452,452.0,0,,0.041666666666666664,0,23,1,0,23
The Cars|||Drive|||NONE,The Cars,Drive,New wave,Estados Unidos,0.44583479381829116,0.03343760953637184,258,183,333,1,446,446.0,0,,0.045454545454545456,0,21,1,0,21
Screaming Trees|||Nearly Lost You|||NONE,Screaming Trees,Nearly Lost You,Grunge,Estados Unidos,0.37144216973228217,0.0334297952759054,363,288,438,1,482,482.0,0,,0.2,0,4,1,0,4
Big Brother and the Holding Company|||I Need a Man to Love|||NONE,Big Brother and the Holding Company,I Need a Man to Love,Rock psicodélico,Estados Unidos,0.4455779436500162,0.03341834577375122,265,190,340,1,299,299.0,0,,0.04,0,24,1,0,24
The Beatles|||I Want You (She's So Heavy)|||NONE,The Beatles,I Want You (She's So Heavy),Rock,Reino Unido,0.44552927282985666,0.033414695462239255,257,182,332,1,292,292.0,0,,0.041666666666666664,0,23,1,0,23
R.E.M.|||Man on the Moon|||NONE,R.E.M.,Man on the Moon,Rock alternativo,Estados Unidos,0.4445468937513791,0.03334101703135344,336,261,411,1,495,495.0,0,,0.14285714285714285,0,6,1,0,6
Foo Fighters|||Shame Shame|||NONE,Foo Fighters,Shame Shame,Rock,Estados Unidos,0.37035044687895047,0.033331540219105546,344,269,419,1,461,461.0,0,,0.2,0,4,1,0,4
"ZZ Top|||I'm Bad, I'm Nationwide|||NONE",ZZ Top,"I'm Bad, I'm Nationwide",Blues rock,Estados Unidos,0.4439927843119687,0.03329945882339766,331,256,406,1,396,396.0,0,,0.058823529411764705,0,16,1,0,16
Booker T. & the M.G.'s|||Green Onions|||NONE,Booker T. & the M.G.'s,Green Onions,Soul,Estados Unidos,0.44347976906849224,0.03326098268013692,297,222,372,1,338,338.0,0,,0.04,0,24,1,0,24
Grand Funk Railroad|||Rock 'N Roll Soul|||NONE,Grand Funk Railroad,Rock 'N Roll Soul,Hard rock,Estados Unidos,0.44342945944946516,0.03325720945870989,294,219,369,1,327,327.0,0,,0.043478260869565216,0,22,1,0,22
Black Label Society|||Blood is Thicker Than Water|||NONE,Black Label Society,Blood is Thicker Than Water,Heavy metal,Estados Unidos,0.44198820518589366,0.03314911538894203,306,231,381,1,261,261.0,0,,0.058823529411764705,0,16,1,0,16
Tears for Fears|||Change|||NONE,Tears for Fears,Change,New wave,Reino Unido,0.4411179365013934,0.03308384523760451,337,262,412,1,470,470.0,0,,0.05263157894736842,0,18,1,0,18
Judas Priest|||A Touch of Evil|||NONE,Judas Priest,A Touch of Evil,Heavy metal,Reino Unido,0.4410336598812957,0.03307752449109719,253,178,328,1,413,413.0,0,,0.06666666666666667,0,14,1,0,14
Frank Zappa|||Be In My Video|||NONE,Frank Zappa,Be In My Video,Rock progressivo,Estados Unidos,0.4406674768213678,0.03305006076160259,301,226,376,1,329,329.0,0,,0.043478260869565216,0,22,1,0,22
Depeche Mode|||Strangelove|||NONE,Depeche Mode,Strangelove,Música eletrônica,Reino Unido,0.43992784664881135,0.032994588498660854,295,220,370,1,422,422.0,0,,0.05263157894736842,0,18,1,0,18
Steve Miller Band|||True Fine Love|||NONE,Steve Miller Band,True Fine Love,Blues rock,Estados Unidos,0.4398939513937414,0.03299204635453061,252,177,327,1,443,443.0,0,,0.047619047619047616,0,20,1,0,20
The Animals|||See See Rider|||NONE,The Animals,See See Rider,Rock psicodélico,Reino Unido,0.439658943130092,0.032974420734756905,261,186,336,1,300,300.0,0,,0.04,0,24,1,0,24
John Mellencamp|||Wild Night|||NONE,John Mellencamp,Wild Night,Rock,Estados Unidos,0.43917741129908533,0.032938305847431404,306,231,381,1,265,265.0,0,,0.08333333333333333,0,11,1,0,11
Steppenwolf|||Sookie Sookie|||NONE,Steppenwolf,Sookie Sookie,Hard rock,Estados Unidos,0.4390685052515705,0.03293013789386779,307,232,382,1,321,321.0,0,,0.043478260869565216,0,22,1,0,22
Sam & Dave|||Soul Man|||NONE,Sam & Dave,Soul Man,Soul,Estados Unidos,0.438236276631847,0.03286772074738853,306,231,381,1,320,320.0,0,,0.04,0,24,1,0,24
Manfred Mann|||Do Wah Diddy Diddy|||NONE,Manfred Mann,Do Wah Diddy Diddy,Música beat,Reino Unido,0.4380241428541945,0.032851810714064594,338,263,413,1,133,133.0,0,,0.04,0,24,1,0,24
Marianne Faithfull|||As Tears Go By|||NONE,Marianne Faithfull,As Tears Go By,Rock,Reino Unido,0.43799237756741394,0.03284942831755605,256,181,331,1,453,453.0,0,,0.04,0,24,1,0,24
Red Hot Chili Peppers|||Parallel Universe|||NONE,Red Hot Chili Peppers,Parallel Universe,Rock,Estados Unidos,0.4378310976015695,0.03283733232011772,250,175,325,1,235,235.0,0,,0.07142857142857142,0,13,1,0,13
"Janis Joplin|||Happy Birthday, John (Happy Trails)|||NONE",Janis Joplin,"Happy Birthday, John (Happy Trails)",Rock psicodélico,Estados Unidos,0.4369177499578323,0.032768831246837424,263,188,338,1,387,387.0,0,,0.06666666666666667,0,14,1,0,14
Bread|||The Guitar Man|||NONE,Bread,The Guitar Man,Soft rock,Estados Unidos,0.4365568935766243,0.032741767018246826,289,214,364,1,419,419.0,0,,0.04,0,24,1,0,24
Ramones|||Needles and Pins|||NONE,Ramones,Needles and Pins,Punk rock,Estados Unidos,0.4361901822948531,0.03271426367211399,306,231,381,1,391,391.0,0,,0.041666666666666664,0,23,1,0,23
Sam Cooke|||You Send Me|||NONE,Sam Cooke,You Send Me,Soul,Estados Unidos,0.4358040320515482,0.03268530240386612,265,190,340,1,450,450.0,0,,0.04,0,24,1,0,24
The Champs|||Tequila|||NONE,The Champs,Tequila,Rock and roll,Estados Unidos,0.43518400044412486,0.03263880003330937,264,189,339,1,391,391.0,0,,0.04,0,24,1,0,24
Pixies|||The Holiday Song|||NONE,Pixies,The Holiday Song,Rock alternativo,Estados Unidos,0.4347399184691056,0.032605493885182926,338,263,413,1,133,133.0,0,,0.058823529411764705,0,16,1,0,16
Roy Orbison|||Crying|||NONE,Roy Orbison,Crying,Rock and roll,Estados Unidos,0.43463009684382214,0.03259725726328667,269,194,344,1,250,250.0,0,,0.04,0,24,1,0,24
Van Morrison|||Ro Ro Rosey|||NONE,Van Morrison,Ro Ro Rosey,Folk rock,Reino Unido,0.4342289022894101,0.03256716767170576,246,171,321,1,448,448.0,0,,0.04,0,24,1,0,24
John Mellencamp|||Pink Houses|||NONE,John Mellencamp,Pink Houses,Rock,Estados Unidos,0.4340856721127907,0.03255642540845931,343,268,418,1,483,483.0,0,,0.06666666666666667,0,14,1,0,14
The Blues Brothers|||Peter Gunn|||NONE,The Blues Brothers,Peter Gunn,Blues,Estados Unidos,0.43377778086017893,0.03253333356451343,298,223,373,1,435,435.0,0,,0.043478260869565216,0,22,1,0,22
Ozzy Osbourne|||Waiting For Darkness|||NONE,Ozzy Osbourne,Waiting For Darkness,Heavy metal,Reino Unido,0.4336536385270481,0.03252402288952861,283,208,358,1,293,293.0,0,,0.058823529411764705,0,16,1,0,16
B. J. Thomas|||Raindrops Keep Fallin' on My Head|||NONE,B. J. Thomas,Raindrops Keep Fallin' on My Head,Pop,Estados Unidos,0.4335812233312585,0.03251859174984439,283,208,358,1,438,438.0,0,,0.04,0,24,1,0,24
Eddie Cochran|||Summertime Blues|||NONE,Eddie Cochran,Summertime Blues,Rockabilly,Estados Unidos,0.43339983527175496,0.03250498764538163,255,180,330,1,445,445.0,0,,0.04,0,24,1,0,24
John Lennon|||(Just Like) Starting Over|||NONE,John Lennon,(Just Like) Starting Over,Rock,Reino Unido,0.4327769532666288,0.032458271494997165,324,249,399,1,432,432.0,0,,0.04,0,24,1,0,24
The Beatles|||Rock and Roll Music|||NONE,The Beatles,Rock and Roll Music,Rock,Reino Unido,0.43268037671620335,0.03245102825371526,280,205,355,1,408,408.0,0,,0.1111111111111111,0,8,1,0,8
Rush|||Caravan|||NONE,Rush,Caravan,Rock progressivo,Canadá,0.4309483883787757,0.032321129128408184,285,210,360,1,412,412.0,0,,0.07142857142857142,0,13,1,0,13
Ozzy Osbourne|||Flying High Again|||NONE,Ozzy Osbourne,Flying High Again,Heavy metal,Reino Unido,0.43063541664259325,0.0322976562481945,278,203,353,1,291,291.0,0,,0.043478260869565216,0,22,1,0,22
The Coasters|||Yakety Yak|||NONE,The Coasters,Yakety Yak,Rhythm and blues,Estados Unidos,0.42927261564664804,0.03219544617349861,248,173,323,1,332,332.0,0,,0.04,0,24,1,0,24
Metallica|||Hero of the Day|||NONE,Metallica,Hero of the Day,Thrash metal,Estados Unidos,0.4291726946131496,0.032187952095986225,307,232,382,1,408,408.0,0,,0.06666666666666667,0,14,1,0,14
Aerosmith|||Kings and Queens|||NONE,Aerosmith,Kings and Queens,Hard rock,Estados Unidos,0.4290735683274584,0.03218051762455938,250,175,325,1,222,222.0,0,,0.041666666666666664,0,23,1,0,23
Tom Petty and the Heartbreakers|||The Waiting|||NONE,Tom Petty and the Heartbreakers,The Waiting,Rock,Estados Unidos,0.4283682216786946,0.0321276166259021,354,279,429,1,392,392.0,0,,0.043478260869565216,0,22,1,0,22
Green Day|||When I Come Around|||NONE,Green Day,When I Come Around,Punk rock,Estados Unidos,0.42791904738278497,0.03209392855370888,280,205,355,1,311,311.0,0,,0.05263157894736842,0,18,1,0,18
Jerry Lee Lewis|||Good Golly Miss Molly|||NONE,Jerry Lee Lewis,Good Golly Miss Molly,Rockabilly,Estados Unidos,0.42766944817669467,0.0320752086132521,257,182,332,1,386,386.0,0,,0.06666666666666667,0,14,1,0,14
Bob Seger & the Silver Bullet Band|||The Fire Inside|||NONE,Bob Seger & the Silver Bullet Band,The Fire Inside,Rock,Estados Unidos,0.4276440282363472,0.03207330211772604,242,167,317,1,475,475.0,0,,0.058823529411764705,0,16,1,0,16
Linkin Park|||Leave Out All the Rest|||NONE,Linkin Park,Leave Out All the Rest,Rock alternativo,Estados Unidos,0.42763818741878723,0.032072864056409044,325,250,400,1,485,485.0,0,,0.08333333333333333,0,11,1,0,11
The Beach Boys|||Surfin'|||NONE,The Beach Boys,Surfin',Rock,Estados Unidos,0.42760147376493457,0.0320701105323701,286,211,361,1,399,399.0,0,,0.1,0,9,1,0,9
The Beatles|||Norwegian Wood (This Bird Has Flown)|||NONE,The Beatles,Norwegian Wood (This Bird Has Flown),Rock,Reino Unido,0.427369508353562,0.032052713126517154,266,191,341,1,328,328.0,0,,0.041666666666666664,0,23,1,0,23
The Byrds|||Ballad of Easy Rider|||NONE,The Byrds,Ballad of Easy Rider,Folk rock,Estados Unidos,0.4272471502125243,0.032043536265939324,274,199,349,1,393,393.0,0,,0.047619047619047616,0,20,1,0,20
The Rascals|||Good Lovin'|||NONE,The Rascals,Good Lovin',Blue-eyed soul,Estados Unidos,0.4266751275980689,0.03200063456985517,334,259,409,1,298,298.0,0,,0.04,0,24,1,0,24
Iron Butterfly|||Flowers And Beads|||NONE,Iron Butterfly,Flowers And Beads,Rock psicodélico,Estados Unidos,0.42604172200930324,0.03195312915069775,305,230,380,1,432,432.0,0,,0.041666666666666664,0,23,1,0,23
Motörhead|||Born to Raise Hell|||NONE,Motörhead,Born to Raise Hell,Heavy metal,Reino Unido,0.425042165017626,0.031878162376321954,292,217,367,1,423,423.0,0,,0.06666666666666667,0,14,1,0,14
The Doors|||I Looked at You|||NONE,The Doors,I Looked at You,Rock psicodélico,Estados Unidos,0.42495508636882184,0.031871631477661644,293,218,368,1,393,393.0,0,,0.06666666666666667,0,14,1,0,14
Live|||Heaven|||NONE,Live,Heaven,Rock alternativo,Estados Unidos,0.4246887308352645,0.03185165481264484,246,171,321,1,439,439.0,0,,0.14285714285714285,0,6,1,0,6
Velvet Revolver|||Slither|||NONE,Velvet Revolver,Slither,Hard rock,Estados Unidos,0.42402132486251043,0.031801599364688286,318,243,393,1,464,464.0,0,,0.125,0,7,1,0,7
The Dave Clark Five|||Over and Over|||NONE,The Dave Clark Five,Over and Over,Pop rock,Reino Unido,0.4236712961945395,0.031775347214590466,237,162,312,1,339,339.0,0,,0.04,0,24,1,0,24
The Woolies|||Who Do You Love?|||NONE,The Woolies,Who Do You Love?,Rock,Estados Unidos,0.42183836198779234,0.03163787714908443,267,192,342,1,250,250.0,0,,0.07692307692307693,0,12,1,0,12
Iron Maiden|||Twilight Zone|||NONE,Iron Maiden,Twilight Zone,Heavy metal,Reino Unido,0.42124597816552733,0.03159344836241455,316,241,391,1,383,383.0,0,,0.041666666666666664,0,23,1,0,23
U2|||Walk On|||NONE,U2,Walk On,Rock,Irlanda,0.420900649379227,0.03156754870344203,302,227,377,1,296,296.0,0,,0.06666666666666667,0,14,1,0,14
Pearl Jam|||Dance of the Clairvoyants|||NONE,Pearl Jam,Dance of the Clairvoyants,Grunge,Estados Unidos,0.34995403001331354,0.031495862701198224,330,255,405,1,483,483.0,0,,0.2,0,4,1,0,4
Whitesnake|||Good to Be Bad|||NONE,Whitesnake,Good to Be Bad,Hard rock,Reino Unido,0.41976669261183935,0.031482501945887954,296,221,371,1,305,305.0,0,,0.0625,0,15,1,0,15
Canned Heat|||On the Road Again|||NONE,Canned Heat,On the Road Again,Blues rock,Estados Unidos,0.4188659020372267,0.031414942652792,282,207,357,1,408,408.0,0,,0.043478260869565216,0,22,1,0,22
Ritchie Valens|||Donna|||NONE,Ritchie Valens,Donna,Rock and roll,Estados Unidos,0.4184689831409924,0.03138517373557444,289,214,364,1,426,426.0,0,,0.04,0,24,1,0,24
Steppenwolf|||Rock Me|||NONE,Steppenwolf,Rock Me,Hard rock,Estados Unidos,0.4173701424867322,0.03130276068650492,286,211,361,1,456,456.0,0,,0.04,0,24,1,0,24
Paul Revere and the Raiders|||Let Me|||NONE,Paul Revere and the Raiders,Let Me,Pop psicodélico,Estados Unidos,0.41704213939685153,0.03127816045476387,281,206,356,1,388,388.0,0,,0.04,0,24,1,0,24
Morrissey|||Alma Matters|||NONE,Morrissey,Alma Matters,Rock alternativo,Reino Unido,0.4166547618115999,0.031249107135869997,224,149,299,1,447,447.0,0,,0.14285714285714285,0,6,1,0,6
The Cure|||The Love Cats|||NONE,The Cure,The Love Cats,Pós-punk,Reino Unido,0.41659159615314834,0.03124436971148613,302,227,377,1,253,253.0,0,,0.1111111111111111,0,8,1,0,8
Chicago|||Colour My World|||NONE,Chicago,Colour My World,Pop rock,Estados Unidos,0.4165600460541462,0.03124200345406097,294,219,369,1,413,413.0,0,,0.04,0,24,1,0,24
The Platters|||The Great Pretender|||NONE,The Platters,The Great Pretender,Pop soul,Estados Unidos,0.4157049550122901,0.03117787162592176,305,230,380,1,318,318.0,0,,0.04,0,24,1,0,24
The Mamas & the Papas|||Dedicated to the One I Love|||NONE,The Mamas & the Papas,Dedicated to the One I Love,Folk rock,Estados Unidos,0.41521078651195437,0.031140808988396582,254,179,329,1,380,380.0,0,,0.04,0,24,1,0,24
Neil Young|||No More|||NONE,Neil Young,No More,Folk rock,Canadá,0.41395574932221996,0.031046681199166502,311,236,386,1,245,245.0,0,,0.04,0,24,1,0,24
"Peter, Paul and Mary|||Leaving on a Jet Plane|||NONE","Peter, Paul and Mary",Leaving on a Jet Plane,Folk,Estados Unidos,0.41388325875738674,0.03104124440680401,315,240,390,1,296,296.0,0,,0.04,0,24,1,0,24
The Mindbenders|||A Groovy Kind of Love|||NONE,The Mindbenders,A Groovy Kind of Love,Música beat,Reino Unido,0.4134693564176065,0.031010201731320495,253,178,328,1,379,379.0,0,,0.04,0,24,1,0,24
Santana|||Smooth|||NONE,Santana,Smooth,Rock latino,Estados Unidos,0.41306676424514643,0.030980007318385988,299,224,374,1,257,257.0,0,,0.05263157894736842,0,18,1,0,18
Pilot|||Get Up and Go|||NONE,Pilot,Get Up and Go,Rock,Reino Unido,0.4127664212988079,0.0309574815974106,358,283,433,1,480,480.0,0,,0.06666666666666667,0,14,1,0,14
The B-52's|||(Shake That) Cosmic Thing|||NONE,The B-52's,(Shake That) Cosmic Thing,New wave,Estados Unidos,0.4124236852370794,0.030931776392780958,248,173,323,1,230,230.0,0,,0.043478260869565216,0,22,1,0,22
Alice Cooper|||Feed My Frankenstein|||NONE,Alice Cooper,Feed My Frankenstein,Hard rock,Estados Unidos,0.4123163752298591,0.030923728142239437,316,241,391,1,498,498.0,0,,0.09090909090909091,0,10,1,0,10
Blind Guardian|||Surfin' U.S.A.|||NONE,Blind Guardian,Surfin' U.S.A.,Power metal,Alemanha,0.41216258435950726,0.030912193826963048,331,256,406,1,394,394.0,0,,0.058823529411764705,0,16,1,0,16
B. B. King|||Into The Night|||NONE,B. B. King,Into The Night,Blues,Estados Unidos,0.4119300200876225,0.03089475150657169,274,199,349,1,433,433.0,0,,0.041666666666666664,0,23,1,0,23
Deep Purple|||A Gypsy's Kiss|||NONE,Deep Purple,A Gypsy's Kiss,Hard rock,Reino Unido,0.411854722231774,0.030889104167383056,334,259,409,1,392,392.0,0,,0.058823529411764705,0,16,1,0,16
U2|||When Love Comes to Town|||NONE,U2,When Love Comes to Town,Rock,Irlanda,0.3425849339146868,0.030832644052321816,271,196,346,1,450,450.0,0,,0.2,0,4,1,0,4
Fats Domino|||Blueberry Hill|||NONE,Fats Domino,Blueberry Hill,Rock and roll,Estados Unidos,0.4110709919987166,0.03083032439990375,326,251,401,1,144,144.0,0,,0.04,0,24,1,0,24
The Magic Numbers|||This is a Song|||NONE,The Magic Numbers,This is a Song,Indie rock,Reino Unido,0.410712506167188,0.030803437962539107,244,169,319,1,473,473.0,0,,0.06666666666666667,0,14,1,0,14
John Lee Hooker|||Boom Boom|||NONE,John Lee Hooker,Boom Boom,Blues,Estados Unidos,0.4097895626348,0.030734217197610002,280,205,355,1,404,404.0,0,,0.04,0,24,1,0,24
Bee Gees|||Words|||NONE,Bee Gees,Words,Disco,Reino Unido,0.40972371733640445,0.03072927880023034,310,235,385,1,323,323.0,0,,0.041666666666666664,0,23,1,0,23
The Silhouettes|||Get a Job|||NONE,The Silhouettes,Get a Job,Doo-wop,Estados Unidos,0.40890235215006626,0.030667676411254976,298,223,373,1,401,401.0,0,,0.04,0,24,1,0,24
Creedence Clearwater Revival|||Midnight Special|||NONE,Creedence Clearwater Revival,Midnight Special,Swamp rock,Estados Unidos,0.4080841011192395,0.030606307583942966,278,203,353,1,476,476.0,0,,0.07142857142857142,0,13,1,0,13
Billy Idol|||White Wedding|||NONE,Billy Idol,White Wedding,Rock,Reino Unido,0.40785132964661114,0.03058884972349584,305,230,380,1,399,399.0,0,,0.058823529411764705,0,16,1,0,16
Roy Orbison|||Only the Lonely (Know the Way I Feel)|||NONE,Roy Orbison,Only the Lonely (Know the Way I Feel),Rock and roll,Estados Unidos,0.4078104718081859,0.030585785385613948,299,224,374,1,397,397.0,0,,0.04,0,24,1,0,24
Stevie Wonder|||Shoo-Be-Doo-Be-Doo-Da-Day|||NONE,Stevie Wonder,Shoo-Be-Doo-Be-Doo-Da-Day,Soul,Estados Unidos,0.40771135218654453,0.030578351413990845,306,231,381,1,323,323.0,0,,0.04,0,24,1,0,24
Imagine Dragons|||It's Time|||NONE,Imagine Dragons,It's Time,Indie pop,Estados Unidos,0.2911977904338129,0.030575767995550354,340,265,415,1,480,480.0,0,,0.25,0,3,1,0,3
Gerry and the Pacemakers|||Don't Let the Sun Catch You Crying|||NONE,Gerry and the Pacemakers,Don't Let the Sun Catch You Crying,Música beat,Reino Unido,0.4075993321788263,0.03056994991341198,280,205,355,1,383,383.0,0,,0.04,0,24,1,0,24
Dion and the Belmonts|||Runaround Sue|||NONE,Dion and the Belmonts,Runaround Sue,Doo-wop,Estados Unidos,0.4057645204499206,0.030432339033744052,290,215,365,1,437,437.0,0,,0.04,0,24,1,0,24
Big Brother and the Holding Company|||Down on Me|||NONE,Big Brother and the Holding Company,Down on Me,Rock psicodélico,Estados Unidos,0.4038673924073516,0.030290054430551373,279,204,354,1,431,431.0,0,,0.047619047619047616,0,20,1,0,20
Steve Miller Band|||Living in the U.S.A|||NONE,Steve Miller Band,Living in the U.S.A,Blues rock,Estados Unidos,0.40354557072732555,0.03026591780454942,282,207,357,1,476,476.0,0,,0.06666666666666667,0,14,1,0,14
Dire Straits|||Sultans of Swing|||ao vivo,Dire Straits,Sultans of Swing,Rock,Reino Unido,0.40177549029002646,0.030133161771751987,257,182,332,1,163,163.0,0,,0.1111111111111111,0,8,1,0,8
Sly and the Family Stone|||Dance to the Music|||NONE,Sly and the Family Stone,Dance to the Music,Funk,Estados Unidos,0.400827629022425,0.03006207217668188,315,240,390,1,402,402.0,0,,0.04,0,24,1,0,24
Incubus|||Drive|||NONE,Incubus,Drive,Rock alternativo,Estados Unidos,0.4004901571988193,0.03003676178991145,250,175,325,1,440,440.0,0,,0.125,0,7,1,0,7
The Cars|||It's All I Can Do|||NONE,The Cars,It's All I Can Do,New wave,Estados Unidos,0.40040311631335923,0.030030233723501946,288,213,363,1,317,317.0,0,,0.05,0,19,1,0,19
Naked Eyes|||(There's) Always Something There to Remind Me|||NONE,Naked Eyes,(There's) Always Something There to Remind Me,New wave,Reino Unido,0.4000640091920614,0.03000480068940461,330,255,405,1,424,424.0,0,,0.047619047619047616,0,20,1,0,20
System of a Down|||Toxicity|||NONE,System of a Down,Toxicity,Metal alternativo,Estados Unidos,0.40001370887380294,0.030001028165535223,274,199,349,1,148,148.0,0,,0.16666666666666666,0,5,1,0,5
Linkin Park|||Somewhere I Belong|||NONE,Linkin Park,Somewhere I Belong,Rock alternativo,Estados Unidos,0.39940071206461847,0.029955053404846388,295,220,370,1,425,425.0,0,,0.14285714285714285,0,6,1,0,6
Elvis Presley|||All Shook Up|||NONE,Elvis Presley,All Shook Up,Rock and roll,Estados Unidos,0.3989801473384834,0.02992351105038626,280,205,355,1,398,398.0,0,,0.06666666666666667,0,14,1,0,14
Stevie Wonder|||My Cherie Amour|||NONE,Stevie Wonder,My Cherie Amour,Soul,Estados Unidos,0.39799502528578,0.029849626896433504,313,238,388,1,395,395.0,0,,0.04,0,24,1,0,24
Talking Heads|||Wild Wild Life|||NONE,Talking Heads,Wild Wild Life,New wave,Estados Unidos,0.3978333790622212,0.029837503429666595,288,213,363,1,454,454.0,0,,0.043478260869565216,0,22,1,0,22
Sam & Dave|||Sweet Soul Music|||NONE,Sam & Dave,Sweet Soul Music,Soul,Estados Unidos,0.39754560378446724,0.02981592028383505,321,246,396,1,389,389.0,0,,0.04,0,24,1,0,24
Four Tops|||Reach Out I'll Be There|||NONE,Four Tops,Reach Out I'll Be There,Soul,Estados Unidos,0.3965470591763562,0.029741029438226717,305,230,380,1,427,427.0,0,,0.04,0,24,1,0,24
The Velvet Underground|||Run Run Run|||NONE,The Velvet Underground,Run Run Run,Rock experimental,Estados Unidos,0.3948690993920038,0.029615182454400292,261,186,336,1,445,445.0,0,,0.07142857142857142,0,13,1,0,13
Red Hot Chili Peppers|||Tell Me Baby|||NONE,Red Hot Chili Peppers,Tell Me Baby,Rock,Estados Unidos,0.3941340846771937,0.02956005635078953,348,273,423,1,482,482.0,0,,0.14285714285714285,0,6,1,0,6
R.E.M.|||Driver 8|||NONE,R.E.M.,Driver 8,Rock alternativo,Estados Unidos,0.39378746732955316,0.029534060049716492,357,282,432,1,399,399.0,0,,0.05555555555555555,0,17,1,0,17
Mick Jagger|||Hard Woman|||NONE,Mick Jagger,Hard Woman,Rock,Reino Unido,0.393384093332745,0.02950380699995588,282,207,357,1,293,293.0,0,,0.05,0,19,1,0,19
Nirvana|||About a Girl|||acústica,Nirvana,About a Girl,Grunge,Estados Unidos,0.3926300814916348,0.029447256111872613,284,209,359,1,314,314.0,0,,0.045454545454545456,0,21,1,0,21
The Outsiders|||Time Won't Let Me|||NONE,The Outsiders,Time Won't Let Me,Rock de garagem,Estados Unidos,0.3918477390036931,0.029388580425276985,293,218,368,1,387,387.0,0,,0.04,0,24,1,0,24
Simon & Garfunkel|||I Am a Rock|||NONE,Simon & Garfunkel,I Am a Rock,Folk rock,Estados Unidos,0.39105312840784057,0.029328984630588046,307,232,382,1,390,390.0,0,,0.04,0,24,1,0,24
The Beatles|||And I Love Her|||NONE,The Beatles,And I Love Her,Rock,Reino Unido,0.39102177814890404,0.02932663336116781,286,211,361,1,393,393.0,0,,0.041666666666666664,0,23,1,0,23
Motörhead|||Cat Scratch Fever|||NONE,Motörhead,Cat Scratch Fever,Heavy metal,Reino Unido,0.39096836994722733,0.029322627746042055,331,256,406,1,388,388.0,0,,0.1111111111111111,0,8,1,0,8
Tom Petty and the Heartbreakers|||Learning to Fly|||NONE,Tom Petty and the Heartbreakers,Learning to Fly,Rock,Estados Unidos,0.3900581510864924,0.029254361331486935,271,196,346,1,444,444.0,0,,0.07692307692307693,0,12,1,0,12
James Brown|||Papa's Got a Brand New Bag|||NONE,James Brown,Papa's Got a Brand New Bag,Soul,Estados Unidos,0.3893405631390589,0.029200542235429422,281,206,356,1,431,431.0,0,,0.04,0,24,1,0,24
Procol Harum|||Conquistador|||NONE,Procol Harum,Conquistador,Rock progressivo,Reino Unido,0.38914938581815256,0.029186203936361448,321,246,396,1,400,400.0,0,,0.04,0,24,1,0,24
Coverdale and Page|||Take Me For A Little While|||NONE,Coverdale and Page,Take Me For A Little While,Hard rock,Reino Unido,0.38875005173631894,0.029156253880223925,205,130,280,1,453,453.0,0,,0.06666666666666667,0,14,1,0,14
The Yardbirds|||Train Kept A-Rollin'|||NONE,The Yardbirds,Train Kept A-Rollin',Rock psicodélico,Reino Unido,0.3874729693003026,0.0290604726975227,297,222,372,1,318,318.0,0,,0.043478260869565216,0,22,1,0,22
Aerosmith|||I'm Down|||NONE,Aerosmith,I'm Down,Hard rock,Estados Unidos,0.38590444953680736,0.028942833715260557,321,246,396,1,389,389.0,0,,0.0625,0,15,1,0,15
Genesis|||Throwing It All Away|||NONE,Genesis,Throwing It All Away,Rock progressivo,Reino Unido,0.3818154454325555,0.02863615840744167,291,216,366,1,257,257.0,0,,0.14285714285714285,0,6,1,0,6
David Lee Roth|||Goin' Crazy!|||NONE,David Lee Roth,Goin' Crazy!,Rock,Estados Unidos,0.3813175164736963,0.02859881373552723,320,245,395,1,415,415.0,0,,0.058823529411764705,0,16,1,0,16
Rush|||Stick It Out|||NONE,Rush,Stick It Out,Rock progressivo,Canadá,0.3800499374305527,0.028503745307291457,322,247,397,1,472,472.0,0,,0.07142857142857142,0,13,1,0,13
Alphaville|||Big in Japan|||NONE,Alphaville,Big in Japan,Synth-pop,Alemanha,0.3798186504683838,0.02848639878512879,301,226,376,1,290,290.0,0,,0.05263157894736842,0,18,1,0,18
The Beatles|||I Need You|||NONE,The Beatles,I Need You,Rock,Reino Unido,0.3797285571457693,0.0284796417859327,282,207,357,1,389,389.0,0,,0.05263157894736842,0,18,1,0,18
U2|||Even Better Than the Real Thing|||NONE,U2,Even Better Than the Real Thing,Rock,Irlanda,0.37896766881323524,0.02842257516099265,256,181,331,1,445,445.0,0,,0.058823529411764705,0,16,1,0,16
Bad Religion|||21st Century (Digital Boy)|||NONE,Bad Religion,21st Century (Digital Boy),Punk rock,Estados Unidos,0.3775699536159929,0.02831774652119947,302,227,377,1,431,431.0,0,,0.125,0,7,1,0,7
Journey|||When You Love a Woman|||NONE,Journey,When You Love a Woman,Hard rock,Estados Unidos,0.3764879493855185,0.028236596203913892,343,268,418,1,461,461.0,0,,0.0625,0,15,1,0,15
Iggy Pop|||Wild One|||NONE,Iggy Pop,Wild One,Punk rock,Estados Unidos,0.37563040090199323,0.028172280067649498,282,207,357,1,288,288.0,0,,0.1,0,9,1,0,9
Red Hot Chili Peppers|||Soul to Squeeze|||NONE,Red Hot Chili Peppers,Soul to Squeeze,Rock,Estados Unidos,0.3751561716896953,0.02813671287672715,329,254,404,1,468,468.0,0,,0.07692307692307693,0,12,1,0,12
Iron Maiden|||Wrathchild|||NONE,Iron Maiden,Wrathchild,Heavy metal,Reino Unido,0.3737808814774809,0.02803356611081107,365,290,440,1,400,400.0,0,,0.041666666666666664,0,23,1,0,23
Herman's Hermits|||Wonderful World|||NONE,Herman's Hermits,Wonderful World,Rock,Reino Unido,0.37296069123489034,0.02797205184261678,281,206,356,1,424,424.0,0,,0.04,0,24,1,0,24
Guns N' Roses|||So Fine|||NONE,Guns N' Roses,So Fine,Hard rock,Estados Unidos,0.36795960741147654,0.027596970555860745,289,214,364,1,420,420.0,0,,0.06666666666666667,0,14,1,0,14
The Jimi Hendrix Experience|||Manic Depression|||NONE,The Jimi Hendrix Experience,Manic Depression,Rock psicodélico,Estados Unidos,0.3663653680052569,0.02747740260039427,291,216,366,1,432,432.0,0,,0.058823529411764705,0,16,1,0,16
U2|||Elevation|||NONE,U2,Elevation,Rock,Irlanda,0.36520168039614764,0.027390126029711078,371,296,446,1,479,479.0,0,,0.14285714285714285,0,6,1,0,6
Van Halen|||Tattoo|||NONE,Van Halen,Tattoo,Hard rock,Estados Unidos,0.3507057880920581,0.02630293410690436,336,261,411,1,467,467.0,0,,0.09090909090909091,0,10,1,0,10
The Rolling Stones|||Living in a Ghost Town|||NONE,The Rolling Stones,Living in a Ghost Town,Rock,Reino Unido,0.280836826587557,0.02527531439288013,312,237,387,1,473,473.0,0,,0.2,0,4,1,0,4
Tom Petty and the Heartbreakers|||I Won't Back Down|||NONE,Tom Petty and the Heartbreakers,I Won't Back Down,Rock,Estados Unidos,0.33604329577686576,0.025203247183264936,329,254,404,1,457,457.0,0,,0.09090909090909091,0,10,1,0,10
Bad Religion|||Sorrow|||NONE,Bad Religion,Sorrow,Punk rock,Estados Unidos,0.33155850814095883,0.024866888110571916,252,177,327,1,453,453.0,0,,0.125,0,7,1,0,7
Foo Fighters|||The Sky Is a Neighborhood|||NONE,Foo Fighters,The Sky Is a Neighborhood,Rock,Estados Unidos,0.32375236437836313,0.02428142732837724,296,221,371,1,476,476.0,0,,0.125,0,7,1,0,7
Aerosmith|||Eat the Rich|||NONE,Aerosmith,Eat the Rich,Hard rock,Estados Unidos,0.3074269192309806,0.023057018942323548,253,178,328,1,455,455.0,0,,0.09090909090909091,0,10,1,0,10
Talking Heads|||Road to Nowhere|||NONE,Talking Heads,Road to Nowhere,New wave,Estados Unidos,0.3065729836129216,0.022992973770969125,352,277,427,1,468,468.0,0,,0.09090909090909091,0,10,1,0,10
Bruce Springsteen|||Letter to You|||NONE,Bruce Springsteen,Letter to You,Rock,Estados Unidos,0.24062447448492988,0.021656202703643695,279,204,354,1,477,477.0,0,,0.2,0,4,1,0,4
Lenny Kravitz|||Low|||NONE,Lenny Kravitz,Low,Rock,Estados Unidos,0.20839565568060042,0.015629674176045032,292,217,367,1,498,498.0,0,,0.14285714285714285,0,6,1,0,6
